id,family_name,source,license_type,commercial_use,category,featured,featured_lists,variable,variant_count,subsets,tags,designers,source_url,download_url,github_url
abril-fatface,Abril Fatface,google-fonts,OFL,True,display,True,typewolf-top,False,1,latin|latin-ext,Serif,TypeTogether,https://fonts.google.com/specimen/Abril+Fatface,https://github.com/google/fonts/tree/main/ofl/abril-fatface,https://github.com/google/fonts/tree/main/ofl/abril-fatface
anton,Anton,google-fonts,OFL,True,sans-serif,True,fontshare|typewolf-top,False,1,latin|latin-ext|vietnamese,Apps|Banners|Books|Headlines|Sans Serif|Tight|brand-grade|fontshare,Vernon Adams,https://fonts.google.com/specimen/Anton,https://github.com/google/fonts/tree/main/ofl/anton,https://github.com/google/fonts/tree/main/ofl/anton
archivo,Archivo,google-fonts,OFL,True,sans-serif,True,fontshare|omnibus-type|typewolf-top,True,18,latin|latin-ext|vietnamese,Banners|Clean|Legible|Sans Serif|Screen|Websites|brand-grade|fontshare|libre|omnibus-type,Omnibus-Type,https://fonts.google.com/specimen/Archivo,https://github.com/google/fonts/tree/main/ofl/archivo,https://github.com/google/fonts/tree/main/ofl/archivo
omnibus-archivoblack,ArchivoBlack,omnibus-type,OFL,True,sans-serif,True,omnibus-type,False,1,latin|latin-ext,omnibus-type|libre|brand-grade,,https://github.com/Omnibus-Type/ArchivoBlack,https://github.com/Omnibus-Type/ArchivoBlack.git,https://github.com/Omnibus-Type/ArchivoBlack
omnibus-archivonarrow,ArchivoNarrow,omnibus-type,OFL,True,sans-serif,True,omnibus-type,False,1,latin|latin-ext,omnibus-type|libre|brand-grade,,https://github.com/Omnibus-Type/ArchivoNarrow,https://github.com/Omnibus-Type/ArchivoNarrow.git,https://github.com/Omnibus-Type/ArchivoNarrow
arvo,Arvo,google-fonts,OFL,True,serif,True,typewolf-top,False,4,latin,Slab Serif,Anton Koovit,https://fonts.google.com/specimen/Arvo,https://github.com/google/fonts/tree/main/ofl/arvo,https://github.com/google/fonts/tree/main/ofl/arvo
asap,Asap,google-fonts,OFL,True,sans-serif,True,fontshare|omnibus-type,True,18,latin|latin-ext|vietnamese,Packaging|Posters|Sans Serif|Soft|brand-grade|fontshare|friendly|libre|omnibus-type,Omnibus-Type,https://fonts.google.com/specimen/Asap,https://github.com/google/fonts/tree/main/ofl/asap,https://github.com/google/fonts/tree/main/ofl/asap
omnibus-asap-sharp,Asap Sharp,omnibus-type,OFL,True,sans-serif,True,omnibus-type,False,1,latin|latin-ext,omnibus-type|libre|brand-grade,,https://github.com/Omnibus-Type/Asap_Sharp,https://github.com/Omnibus-Type/Asap_Sharp.git,https://github.com/Omnibus-Type/Asap_Sharp
omnibus-asap-symbol,Asap Symbol,omnibus-type,OFL,True,sans-serif,True,omnibus-type,False,1,latin|latin-ext,brand-grade|libre|omnibus-type|sans-serif,,https://github.com/Omnibus-Type/Asap-Symbol,https://github.com/Omnibus-Type/Asap-Symbol.git,https://github.com/Omnibus-Type/Asap-Symbol
omnibus-asapcondensed,AsapCondensed,omnibus-type,OFL,True,sans-serif,True,omnibus-type,False,1,latin|latin-ext,omnibus-type|libre|brand-grade,,https://github.com/Omnibus-Type/AsapCondensed,https://github.com/Omnibus-Type/AsapCondensed.git,https://github.com/Omnibus-Type/AsapCondensed
azeret-mono,Azeret Mono,google-fonts,OFL,True,monospace,True,fontshare,True,18,latin|latin-ext,Apps|Programming|brand-grade|coding|fontshare,Displaay|Martin Vácha,https://fonts.google.com/specimen/Azeret+Mono,https://github.com/google/fonts/tree/main/ofl/azeret-mono,https://github.com/google/fonts/tree/main/ofl/azeret-mono
bahiana,Bahiana,google-fonts,OFL,True,display,True,omnibus-type,False,1,latin|latin-ext,Sans Serif|brand-grade|libre|omnibus-type,Omnibus-Type,https://fonts.google.com/specimen/Bahiana,https://github.com/google/fonts/tree/main/ofl/bahiana,https://github.com/google/fonts/tree/main/ofl/bahiana
ballet,Ballet,google-fonts,OFL,True,handwriting,True,omnibus-type,True,1,latin|latin-ext|vietnamese,brand-grade|libre|omnibus-type,Omnibus-Type|Maximiliano Sproviero,https://fonts.google.com/specimen/Ballet,https://github.com/google/fonts/tree/main/ofl/ballet,https://github.com/google/fonts/tree/main/ofl/ballet
barlow,Barlow,google-fonts,OFL,True,sans-serif,True,typewolf-top,False,18,latin|latin-ext|vietnamese,Sans Serif,Jeremy Tribby,https://fonts.google.com/specimen/Barlow,https://github.com/google/fonts/tree/main/ofl/barlow,https://github.com/google/fonts/tree/main/ofl/barlow
barrio,Barrio,google-fonts,OFL,True,display,True,omnibus-type,False,1,latin|latin-ext,brand-grade|libre|omnibus-type,Omnibus-Type,https://fonts.google.com/specimen/Barrio,https://github.com/google/fonts/tree/main/ofl/barrio,https://github.com/google/fonts/tree/main/ofl/barrio
be-vietnam-pro,Be Vietnam Pro,google-fonts,OFL,True,sans-serif,True,fontshare,False,18,latin|latin-ext|vietnamese,Apps|Banners|Legible|Sans Serif|Websites|brand-grade|fontshare,Lâm Bảo|Tony Le|ViệtAnh Nguyễn,https://fonts.google.com/specimen/Be+Vietnam+Pro,https://github.com/google/fonts/tree/main/ofl/be-vietnam-pro,https://github.com/google/fonts/tree/main/ofl/be-vietnam-pro
bebas-neue,Bebas Neue,google-fonts,OFL,True,sans-serif,True,fontshare|typewolf-top,False,1,latin|latin-ext,Credits|Menus|Packaging|Sans Serif|Websites|brand-grade|fontshare,Ryoichi Tsunekawa,https://fonts.google.com/specimen/Bebas+Neue,https://github.com/google/fonts/tree/main/ofl/bebas-neue,https://github.com/google/fonts/tree/main/ofl/bebas-neue
velvetyne-bilboinc,Bilboinc,velvetyne,OFL,True,display,True,velvetyne,False,1,latin,experimental|contemporary|libre,,https://github.com/velvetyne/BilboINC,https://github.com/velvetyne/BilboINC.git,https://github.com/velvetyne/BilboINC
bitter,Bitter,google-fonts,OFL,True,serif,True,typewolf-top,True,18,cyrillic|cyrillic-ext|latin|latin-ext|vietnamese,Serif,Sol Matas,https://fonts.google.com/specimen/Bitter,https://github.com/google/fonts/tree/main/ofl/bitter,https://github.com/google/fonts/tree/main/ofl/bitter
league-blackout,Blackout,league-of-moveable-type,OFL,True,display,True,league,False,1,latin,classic|display|league|open-source,,https://www.theleagueofmoveabletype.com/blackout,https://github.com/theleagueof/blackout.git,https://github.com/theleagueof/blackout
velvetyne-bluunext,Bluunext,velvetyne,OFL,True,display,True,velvetyne,False,1,latin,experimental|contemporary|libre,,https://github.com/velvetyne/BluuNext,https://github.com/velvetyne/BluuNext.git,https://github.com/velvetyne/BluuNext
velvetyne-boeticher,Boeticher,velvetyne,OFL,True,display,True,velvetyne,False,1,latin,experimental|contemporary|libre,,https://github.com/velvetyne/Boeticher,https://github.com/velvetyne/Boeticher.git,https://github.com/velvetyne/Boeticher
chivo,Chivo,google-fonts,OFL,True,sans-serif,True,omnibus-type,True,18,latin|latin-ext|vietnamese,Sans Serif|brand-grade|libre|omnibus-type,Omnibus-Type,https://fonts.google.com/specimen/Chivo,https://github.com/google/fonts/tree/main/ofl/chivo,https://github.com/google/fonts/tree/main/ofl/chivo
league-chunk,Chunk,league-of-moveable-type,OFL,True,display,True,league,False,1,latin,classic|open-source|league,,https://www.theleagueofmoveabletype.com/chunk,https://github.com/theleagueof/chunk.git,https://github.com/theleagueof/chunk
velvetyne-commune-nuit-debout,Commune Nuit Debout,velvetyne,OFL,True,display,True,velvetyne,False,1,latin,experimental|contemporary|libre,,https://github.com/velvetyne/Commune-Nuit-Debout,https://github.com/velvetyne/Commune-Nuit-Debout.git,https://github.com/velvetyne/Commune-Nuit-Debout
velvetyne-courrrier,Courrrier,velvetyne,OFL,True,display,True,velvetyne,False,1,latin,experimental|contemporary|libre,,https://github.com/velvetyne/courrrier,https://github.com/velvetyne/courrrier.git,https://github.com/velvetyne/courrrier
crimson-pro,Crimson Pro,google-fonts,OFL,True,serif,True,fontshare,True,16,latin|latin-ext|vietnamese,Editorial|Magazines|Publishing|Serif|brand-grade|fontshare,Jacques Le Bailly,https://fonts.google.com/specimen/Crimson+Pro,https://github.com/google/fonts/tree/main/ofl/crimson-pro,https://github.com/google/fonts/tree/main/ofl/crimson-pro
crimson-text,Crimson Text,google-fonts,OFL,True,serif,True,typewolf-top,False,6,latin|latin-ext|vietnamese,Serif,Sebastian Kosch,https://fonts.google.com/specimen/Crimson+Text,https://github.com/google/fonts/tree/main/ofl/crimson-text,https://github.com/google/fonts/tree/main/ofl/crimson-text
dancing-script,Dancing Script,google-fonts,OFL,True,handwriting,True,fontshare,True,4,latin|latin-ext|vietnamese,Banners|Beauty|Packaging|Posters|brand-grade|fontshare|luxury,Impallari Type,https://fonts.google.com/specimen/Dancing+Script,https://github.com/google/fonts/tree/main/ofl/dancing-script,https://github.com/google/fonts/tree/main/ofl/dancing-script
velvetyne-daubenton,Daubenton,velvetyne,OFL,True,display,True,velvetyne,False,1,latin,experimental|contemporary|libre,,https://github.com/velvetyne/Daubenton,https://github.com/velvetyne/Daubenton.git,https://github.com/velvetyne/Daubenton
dm-sans,DM Sans,google-fonts,OFL,True,sans-serif,True,typewolf-top,True,20,latin|latin-ext,Sans Serif,Colophon Foundry,https://fonts.google.com/specimen/DM+Sans,https://github.com/google/fonts/tree/main/ofl/dm-sans,https://github.com/google/fonts/tree/main/ofl/dm-sans
epilogue,Epilogue,google-fonts,OFL,True,sans-serif,True,fontshare,True,18,latin|latin-ext|vietnamese,Banners|Headline|Logo|Products|Sans Serif|Websites|brand-grade|fontshare,Tyler Finck|ETC,https://fonts.google.com/specimen/Epilogue,https://github.com/google/fonts/tree/main/ofl/epilogue,https://github.com/google/fonts/tree/main/ofl/epilogue
open-foundry-explore,Explore,open-foundry,OFL,True,display,True,open-foundry,False,1,latin,open-foundry|curated|libre,,https://open-foundry.com/fonts/mplus-mtype-1,https://open-foundry.com/fonts/mplus-mtype-1,
familjen-grotesk,Familjen Grotesk,google-fonts,OFL,True,sans-serif,True,fontshare,True,8,latin|latin-ext|vietnamese,Banners|General|Headline|Packaging|Sans Serif|Websites|brand-grade|fontshare,Familjen STHLM AB,https://fonts.google.com/specimen/Familjen+Grotesk,https://github.com/google/fonts/tree/main/ofl/familjen-grotesk,https://github.com/google/fonts/tree/main/ofl/familjen-grotesk
league-fanwood,Fanwood,league-of-moveable-type,OFL,True,display,True,league,False,1,latin,classic|league|open-source|serif,,https://www.theleagueofmoveabletype.com/fanwood,https://github.com/theleagueof/fanwood.git,https://github.com/theleagueof/fanwood
faustina,Faustina,google-fonts,OFL,True,serif,True,omnibus-type,True,12,latin|latin-ext|vietnamese,Serif|brand-grade|libre|omnibus-type,Omnibus-Type,https://fonts.google.com/specimen/Faustina,https://github.com/google/fonts/tree/main/ofl/faustina,https://github.com/google/fonts/tree/main/ofl/faustina
figtree,Figtree,google-fonts,OFL,True,sans-serif,True,typewolf-top,True,14,latin|latin-ext,Sans Serif,Erik Kennedy,https://fonts.google.com/specimen/Figtree,https://github.com/google/fonts/tree/main/ofl/figtree,https://github.com/google/fonts/tree/main/ofl/figtree
fira-sans,Fira Sans,google-fonts,OFL,True,sans-serif,True,fontshare|typewolf-top,False,18,cyrillic|cyrillic-ext|greek|greek-ext|latin|latin-ext|vietnamese,Apps|Branding|Magazines|Sans Serif|Screen|brand-grade|fontshare,Carrois Apostrophe,https://fonts.google.com/specimen/Fira+Sans,https://github.com/google/fonts/tree/main/ofl/fira-sans,https://github.com/google/fonts/tree/main/ofl/fira-sans
league-fontship,Fontship,league-of-moveable-type,OFL,True,display,True,league,False,1,latin,classic|open-source|league,,https://www.theleagueofmoveabletype.com/fontship,https://github.com/theleagueof/fontship.git,https://github.com/theleagueof/fontship
velvetyne-format-1452,Format_1452,velvetyne,OFL,True,display,True,velvetyne,False,1,latin,experimental|contemporary|libre,,https://github.com/velvetyne/Format_1452,https://github.com/velvetyne/Format_1452.git,https://github.com/velvetyne/Format_1452
goudy-bookletter-1911,Goudy Bookletter 1911,google-fonts,OFL,True,serif,True,league,False,1,latin,Serif|classic|league|open-source,Barry Schwartz,https://fonts.google.com/specimen/Goudy+Bookletter+1911,https://github.com/google/fonts/tree/main/ofl/goudy-bookletter-1911,https://github.com/google/fonts/tree/main/ofl/goudy-bookletter-1911
grenze,Grenze,google-fonts,OFL,True,serif,True,omnibus-type,True,18,latin|latin-ext|vietnamese,Serif|brand-grade|libre|omnibus-type,Omnibus-Type,https://fonts.google.com/specimen/Grenze,https://github.com/google/fonts/tree/main/ofl/grenze,https://github.com/google/fonts/tree/main/ofl/grenze
grenze-gotisch,Grenze Gotisch,google-fonts,OFL,True,display,True,omnibus-type,True,9,latin|latin-ext|vietnamese,Serif|brand-grade|libre|omnibus-type,Omnibus-Type,https://fonts.google.com/specimen/Grenze+Gotisch,https://github.com/google/fonts/tree/main/ofl/grenze-gotisch,https://github.com/google/fonts/tree/main/ofl/grenze-gotisch
velvetyne-hangul,Hangul,velvetyne,OFL,True,display,True,velvetyne,False,1,latin,experimental|contemporary|libre,,https://github.com/velvetyne/Hangul,https://github.com/velvetyne/Hangul.git,https://github.com/velvetyne/Hangul
hind,Hind,google-fonts,OFL,True,sans-serif,True,fontshare,False,5,devanagari|latin|latin-ext,Banners|Beauty|Books|Branding|Broadcast|Sans Serif|brand-grade|fontshare,Indian Type Foundry,https://fonts.google.com/specimen/Hind,https://github.com/google/fonts/tree/main/ofl/hind,https://github.com/google/fonts/tree/main/ofl/hind
ibm-plex-sans,IBM Plex Sans,google-fonts,OFL,True,sans-serif,True,typewolf-top,True,14,cyrillic|cyrillic-ext|greek|latin|latin-ext|vietnamese,Sans Serif,Mike Abbink|Bold Monday,https://fonts.google.com/specimen/IBM+Plex+Sans,https://github.com/google/fonts/tree/main/ofl/ibm-plex-sans,https://github.com/google/fonts/tree/main/ofl/ibm-plex-sans
inconsolata,Inconsolata,google-fonts,OFL,True,monospace,True,typewolf-top,True,8,latin|latin-ext|vietnamese,developer|icons|nerd-font,Raph Levien,https://fonts.google.com/specimen/Inconsolata,https://github.com/google/fonts/tree/main/ofl/inconsolata,https://github.com/google/fonts/tree/main/ofl/inconsolata
inter,Inter,google-fonts,OFL,True,sans-serif,True,typewolf-top,True,18,cyrillic|cyrillic-ext|greek|greek-ext|latin|latin-ext|vietnamese,Sans Serif,Rasmus Andersson,https://fonts.google.com/specimen/Inter,https://github.com/google/fonts/tree/main/ofl/inter,https://github.com/google/fonts/tree/main/ofl/inter
jaldi,Jaldi,google-fonts,OFL,True,sans-serif,True,omnibus-type,False,2,devanagari|latin|latin-ext,Sans Serif|brand-grade|libre|omnibus-type,Omnibus-Type,https://fonts.google.com/specimen/Jaldi,https://github.com/google/fonts/tree/main/ofl/jaldi,https://github.com/google/fonts/tree/main/ofl/jaldi
jetbrains-mono,JetBrains Mono,google-fonts,OFL,True,monospace,True,fontshare,True,16,cyrillic|cyrillic-ext|greek|latin|latin-ext|vietnamese,Code|Display|Monospaced|Programming|brand-grade|developer|fontshare|icons|nerd-font,JetBrains|Philipp Nurullin|Konstantin Bulenkov,https://fonts.google.com/specimen/JetBrains+Mono,https://github.com/google/fonts/tree/main/ofl/jetbrains-mono,https://github.com/google/fonts/tree/main/ofl/jetbrains-mono
josefin-sans,Josefin Sans,google-fonts,OFL,True,sans-serif,True,typewolf-top,True,14,latin|latin-ext|vietnamese,Sans Serif,Santiago Orozco,https://fonts.google.com/specimen/Josefin+Sans,https://github.com/google/fonts/tree/main/ofl/josefin-sans,https://github.com/google/fonts/tree/main/ofl/josefin-sans
fontsource-junction,Junction,fontsource,OFL,True,sans-serif,True,league,False,3,latin,classic|fontsource|league|open-source|other|sans-serif,,https://fontsource.org/fonts/junction,https://fontsource.org/fonts/junction,
kalam,Kalam,google-fonts,OFL,True,handwriting,True,fontshare,False,3,devanagari|latin|latin-ext,Children|Comic|brand-grade|fontshare|handwritten,Indian Type Foundry,https://fonts.google.com/specimen/Kalam,https://github.com/google/fonts/tree/main/ofl/kalam,https://github.com/google/fonts/tree/main/ofl/kalam
karla,Karla,google-fonts,OFL,True,sans-serif,True,typewolf-top,True,14,latin|latin-ext,Sans Serif,Jonny Pinhorn,https://fonts.google.com/specimen/Karla,https://github.com/google/fonts/tree/main/ofl/karla,https://github.com/google/fonts/tree/main/ofl/karla
karma,Karma,google-fonts,OFL,True,serif,True,fontshare,False,5,devanagari|latin|latin-ext,Banners|Editorial|Serif|brand-grade|fontshare,Indian Type Foundry,https://fonts.google.com/specimen/Karma,https://github.com/google/fonts/tree/main/ofl/karma,https://github.com/google/fonts/tree/main/ofl/karma
khand,Khand,google-fonts,OFL,True,sans-serif,True,fontshare,False,5,devanagari|latin|latin-ext,Banners|Broadcast|Display|Logotype|Sans Serif|brand-grade|fontshare,Indian Type Foundry,https://fonts.google.com/specimen/Khand,https://github.com/google/fonts/tree/main/ofl/khand,https://github.com/google/fonts/tree/main/ofl/khand
knewave,Knewave,google-fonts,OFL,True,display,True,league,False,1,latin|latin-ext,classic|league|open-source,Tyler Finck,https://fonts.google.com/specimen/Knewave,https://github.com/google/fonts/tree/main/ofl/knewave,https://github.com/google/fonts/tree/main/ofl/knewave
labrada,Labrada,google-fonts,OFL,True,serif,True,omnibus-type,True,18,latin|latin-ext|vietnamese,Serif|brand-grade|libre|omnibus-type,Mercedes Jáuregui|Omnibus-Type,https://fonts.google.com/specimen/Labrada,https://github.com/google/fonts/tree/main/ofl/labrada,https://github.com/google/fonts/tree/main/ofl/labrada
lato,Lato,google-fonts,OFL,True,sans-serif,True,typewolf-top,False,10,latin|latin-ext,Sans Serif,Łukasz Dziedzic,https://fonts.google.com/specimen/Lato,https://github.com/google/fonts/tree/main/ofl/lato,https://github.com/google/fonts/tree/main/ofl/lato
league-gothic,League Gothic,google-fonts,OFL,True,sans-serif,True,league,True,1,latin|latin-ext|vietnamese,Sans Serif|classic|league|open-source,Tyler Finck|Caroline Hadilaksono|Micah Rich,https://fonts.google.com/specimen/League+Gothic,https://github.com/google/fonts/tree/main/ofl/league-gothic,https://github.com/google/fonts/tree/main/ofl/league-gothic
fontsource-league-mono,League Mono,fontsource,OFL,True,monospace,True,league,False,8,latin,classic|fontsource|league|open-source|other,,https://fontsource.org/fonts/league-mono,https://fontsource.org/fonts/league-mono,
league-league-script-number-one,League Script Number One,league-of-moveable-type,OFL,True,display,True,league,False,1,latin,classic|open-source|league,,https://www.theleagueofmoveabletype.com/league-script-number-one,https://github.com/theleagueof/league-script-number-one.git,https://github.com/theleagueof/league-script-number-one
league-spartan,League Spartan,google-fonts,OFL,True,sans-serif,True,league,True,9,latin|latin-ext|vietnamese,Sans Serif|classic|league|open-source,Matt Bailey|Tyler Finck,https://fonts.google.com/specimen/League+Spartan,https://github.com/google/fonts/tree/main/ofl/league-spartan,https://github.com/google/fonts/tree/main/ofl/league-spartan
lexend,Lexend,google-fonts,OFL,True,sans-serif,True,typewolf-top,True,9,latin|latin-ext|vietnamese,Sans Serif,Bonnie Shaver-Troup|Thomas Jockin|Santiago Orozco|Héctor Gómez|Superunion,https://fonts.google.com/specimen/Lexend,https://github.com/google/fonts/tree/main/ofl/lexend,https://github.com/google/fonts/tree/main/ofl/lexend
libre-baskerville,Libre Baskerville,google-fonts,OFL,True,serif,True,typewolf-top,True,8,latin|latin-ext,Serif,Impallari Type,https://fonts.google.com/specimen/Libre+Baskerville,https://github.com/google/fonts/tree/main/ofl/libre-baskerville,https://github.com/google/fonts/tree/main/ofl/libre-baskerville
league-licenses,Licenses,league-of-moveable-type,OFL,True,display,True,league,False,1,latin,classic|open-source|league,,https://www.theleagueofmoveabletype.com/licenses,https://github.com/theleagueof/licenses.git,https://github.com/theleagueof/licenses
linden-hill,Linden Hill,google-fonts,OFL,True,serif,True,league,False,2,latin|latin-ext,Serif|classic|league|open-source,Barry Schwartz,https://fonts.google.com/specimen/Linden+Hill,https://github.com/google/fonts/tree/main/ofl/linden-hill,https://github.com/google/fonts/tree/main/ofl/linden-hill
literata,Literata,google-fonts,OFL,True,serif,True,fontshare,True,16,cyrillic|cyrillic-ext|greek|greek-ext|latin|latin-ext|vietnamese,Books|Clean|Legible|Serif|brand-grade|fontshare,TypeTogether,https://fonts.google.com/specimen/Literata,https://github.com/google/fonts/tree/main/ofl/literata,https://github.com/google/fonts/tree/main/ofl/literata
velvetyne-lment,Lment_,velvetyne,OFL,True,display,True,velvetyne,False,1,latin,experimental|contemporary|libre,,https://github.com/velvetyne/Lment_,https://github.com/velvetyne/Lment_.git,https://github.com/velvetyne/Lment_
lora,Lora,google-fonts,OFL,True,serif,True,fontshare,True,8,cyrillic|cyrillic-ext|latin|latin-ext|math|symbols|vietnamese,Clean|Legible|Publishing|Serif|Websites|brand-grade|fontshare,Cyreal,https://fonts.google.com/specimen/Lora,https://github.com/google/fonts/tree/main/ofl/lora,https://github.com/google/fonts/tree/main/ofl/lora
manrope,Manrope,google-fonts,OFL,True,sans-serif,True,fontshare|typewolf-top,True,7,cyrillic|cyrillic-ext|greek|latin|latin-ext|vietnamese,Apps|Banners|Logos|Sans Serif|Websites|brand-grade|fontshare,Mikhail Sharanda,https://fonts.google.com/specimen/Manrope,https://github.com/google/fonts/tree/main/ofl/manrope,https://github.com/google/fonts/tree/main/ofl/manrope
manuale,Manuale,google-fonts,OFL,True,serif,True,omnibus-type,True,12,latin|latin-ext|vietnamese,Serif|brand-grade|libre|omnibus-type,Omnibus-Type,https://fonts.google.com/specimen/Manuale,https://github.com/google/fonts/tree/main/ofl/manuale,https://github.com/google/fonts/tree/main/ofl/manuale
velvetyne-marcel,Marcel,velvetyne,OFL,True,display,True,velvetyne,False,1,latin,experimental|contemporary|libre,,https://github.com/velvetyne/marcel,https://github.com/velvetyne/marcel.git,https://github.com/velvetyne/marcel
merriweather,Merriweather,google-fonts,OFL,True,serif,True,typewolf-top,True,14,cyrillic|cyrillic-ext|latin|latin-ext|vietnamese,Serif,Sorkin Type,https://fonts.google.com/specimen/Merriweather,https://github.com/google/fonts/tree/main/ofl/merriweather,https://github.com/google/fonts/tree/main/ofl/merriweather
merriweather-sans,Merriweather Sans,google-fonts,OFL,True,sans-serif,True,fontshare,True,12,cyrillic-ext|latin|latin-ext|vietnamese,Branding|Legible|Readable|Sans Serif|brand-grade|fontshare,Sorkin Type,https://fonts.google.com/specimen/Merriweather+Sans,https://github.com/google/fonts/tree/main/ofl/merriweather-sans,https://github.com/google/fonts/tree/main/ofl/merriweather-sans
montserrat,Montserrat,google-fonts,OFL,True,sans-serif,True,fontshare|typewolf-top,True,18,cyrillic|cyrillic-ext|latin|latin-ext|vietnamese,Banners|General|Packaging|Posters|Sans Serif|Websites|brand-grade|fontshare,Julieta Ulanovsky|Sol Matas|Juan Pablo del Peral|Jacques Le Bailly,https://fonts.google.com/specimen/Montserrat,https://github.com/google/fonts/tree/main/ofl/montserrat,https://github.com/google/fonts/tree/main/ofl/montserrat
velvetyne-mourier,Mourier,velvetyne,OFL,True,display,True,velvetyne,False,1,latin,experimental|contemporary|libre,,https://github.com/velvetyne/Mourier,https://github.com/velvetyne/Mourier.git,https://github.com/velvetyne/Mourier
mulish,Mulish,google-fonts,OFL,True,sans-serif,True,typewolf-top,True,18,cyrillic|cyrillic-ext|latin|latin-ext|vietnamese,Sans Serif,Vernon Adams|Cyreal|Jacques Le Bailly,https://fonts.google.com/specimen/Mulish,https://github.com/google/fonts/tree/main/ofl/mulish,https://github.com/google/fonts/tree/main/ofl/mulish
museomoderno,MuseoModerno,google-fonts,OFL,True,display,True,omnibus-type,True,18,latin|latin-ext|vietnamese,Sans Serif|brand-grade|libre|omnibus-type,Omnibus-Type,https://fonts.google.com/specimen/MuseoModerno,https://github.com/google/fonts/tree/main/ofl/museomoderno,https://github.com/google/fonts/tree/main/ofl/museomoderno
noto-sans,Noto Sans,google-fonts,OFL,True,sans-serif,True,typewolf-top,True,18,cyrillic|cyrillic-ext|devanagari|greek|greek-ext|latin|latin-ext|vietnamese,Sans Serif,Google,https://fonts.google.com/specimen/Noto+Sans,https://github.com/google/fonts/tree/main/ofl/noto-sans,https://github.com/google/fonts/tree/main/ofl/noto-sans
nunito,Nunito,google-fonts,OFL,True,sans-serif,True,fontshare|typewolf-top,True,18,cyrillic|cyrillic-ext|latin|latin-ext|vietnamese,Films|Headline|Invitation|Sans Serif|brand-grade|fontshare|friendly,Vernon Adams|Cyreal|Jacques Le Bailly,https://fonts.google.com/specimen/Nunito,https://github.com/google/fonts/tree/main/ofl/nunito,https://github.com/google/fonts/tree/main/ofl/nunito
open-sans,Open Sans,google-fonts,OFL,True,sans-serif,True,typewolf-top,True,12,cyrillic|cyrillic-ext|greek|greek-ext|hebrew|latin|latin-ext|math|symbols|vietnamese,Sans Serif,Steve Matteson,https://fonts.google.com/specimen/Open+Sans,https://github.com/google/fonts/tree/main/ofl/open-sans,https://github.com/google/fonts/tree/main/ofl/open-sans
orbitron,Orbitron,google-fonts,OFL,True,sans-serif,True,league,True,6,latin,Sans Serif|classic|league|open-source,Matt McInerney,https://fonts.google.com/specimen/Orbitron,https://github.com/google/fonts/tree/main/ofl/orbitron,https://github.com/google/fonts/tree/main/ofl/orbitron
fontsource-ostrich-sans,Ostrich Sans,fontsource,OFL,True,sans-serif,True,league,False,4,latin,classic|display|fontsource|league|open-source|other,,https://fontsource.org/fonts/ostrich-sans,https://fontsource.org/fonts/ostrich-sans,
oswald,Oswald,google-fonts,OFL,True,sans-serif,True,fontshare|typewolf-top,True,6,cyrillic|cyrillic-ext|latin|latin-ext|vietnamese,Compact|Headlines|Magazines|Posters|Sans Serif|brand-grade|fontshare,Vernon Adams|Kalapi Gajjar|Cyreal,https://fonts.google.com/specimen/Oswald,https://github.com/google/fonts/tree/main/ofl/oswald,https://github.com/google/fonts/tree/main/ofl/oswald
outfit,Outfit,google-fonts,OFL,True,sans-serif,True,fontshare|typewolf-top,True,9,latin|latin-ext,Headline|Magazines|Packaging|Sans Serif|Screen|Websites|brand-grade|fontshare,Smartsheet Inc|Rodrigo Fuenzalida,https://fonts.google.com/specimen/Outfit,https://github.com/google/fonts/tree/main/ofl/outfit,https://github.com/google/fonts/tree/main/ofl/outfit
velvetyne-pictoporn,Pictoporn,velvetyne,OFL,True,display,True,velvetyne,False,1,latin,experimental|contemporary|libre,,https://github.com/velvetyne/Pictoporn,https://github.com/velvetyne/Pictoporn.git,https://github.com/velvetyne/Pictoporn
velvetyne-pictoporn-1,Pictoporn 1,velvetyne,OFL,True,display,True,velvetyne,False,1,latin,experimental|contemporary|libre,,https://github.com/velvetyne/pictoporn-1,https://github.com/velvetyne/pictoporn-1.git,https://github.com/velvetyne/pictoporn-1
playfair-display,Playfair Display,google-fonts,OFL,True,serif,True,typewolf-top,True,12,cyrillic|latin|latin-ext|vietnamese,Serif,Claus Eggers Sørensen,https://fonts.google.com/specimen/Playfair+Display,https://github.com/google/fonts/tree/main/ofl/playfair-display,https://github.com/google/fonts/tree/main/ofl/playfair-display
plus-jakarta-sans,Plus Jakarta Sans,google-fonts,OFL,True,sans-serif,True,fontshare|typewolf-top,True,14,cyrillic-ext|latin|latin-ext|vietnamese,Apps|Banners|General|Sans Serif|Screen|brand-grade|fontshare,Tokotype,https://fonts.google.com/specimen/Plus+Jakarta+Sans,https://github.com/google/fonts/tree/main/ofl/plus-jakarta-sans,https://github.com/google/fonts/tree/main/ofl/plus-jakarta-sans
poppins,Poppins,google-fonts,OFL,True,sans-serif,True,fontshare|typewolf-top,False,18,devanagari|latin|latin-ext,Apps|Banners|Broadcast|Corporate|Poppins|Sans Serif|brand-grade|fontshare,Indian Type Foundry|Jonny Pinhorn|Ninad Kale,https://fonts.google.com/specimen/Poppins,https://github.com/google/fonts/tree/main/ofl/poppins,https://github.com/google/fonts/tree/main/ofl/poppins
omnibus-pragatinarrow,PragatiNarrow,omnibus-type,OFL,True,sans-serif,True,omnibus-type,False,1,latin|latin-ext,omnibus-type|libre|brand-grade,,https://github.com/Omnibus-Type/PragatiNarrow,https://github.com/Omnibus-Type/PragatiNarrow.git,https://github.com/Omnibus-Type/PragatiNarrow
prociono,Prociono,google-fonts,OFL,True,serif,True,league,False,1,latin,Serif|classic|league|open-source,Barry Schwartz,https://fonts.google.com/specimen/Prociono,https://github.com/google/fonts/tree/main/ofl/prociono,https://github.com/google/fonts/tree/main/ofl/prociono
pt-sans,PT Sans,google-fonts,OFL,True,sans-serif,True,typewolf-top,False,4,cyrillic|cyrillic-ext|latin|latin-ext,Sans Serif,ParaType,https://fonts.google.com/specimen/PT+Sans,https://github.com/google/fonts/tree/main/ofl/pt-sans,https://github.com/google/fonts/tree/main/ofl/pt-sans
public-sans,Public Sans,google-fonts,OFL,True,sans-serif,True,fontshare,True,18,latin|latin-ext|vietnamese,Clean|Headlines|Logos|Reading|Sans Serif|brand-grade|fontshare,USWDS|Dan Williams|Pablo Impallari|Rodrigo Fuenzalida,https://fonts.google.com/specimen/Public+Sans,https://github.com/google/fonts/tree/main/ofl/public-sans,https://github.com/google/fonts/tree/main/ofl/public-sans
quicksand,Quicksand,google-fonts,OFL,True,sans-serif,True,fontshare,True,5,latin|latin-ext|vietnamese,Branding|Fashion|Headlines|Poster|Sans Serif|brand-grade|fontshare,Andrew Paglinawan,https://fonts.google.com/specimen/Quicksand,https://github.com/google/fonts/tree/main/ofl/quicksand,https://github.com/google/fonts/tree/main/ofl/quicksand
rajdhani,Rajdhani,google-fonts,OFL,True,sans-serif,True,fontshare,False,5,devanagari|latin|latin-ext,Branding|Broadcast|Headlines|Sans Serif|Tech|Websites|brand-grade|fontshare,Indian Type Foundry,https://fonts.google.com/specimen/Rajdhani,https://github.com/google/fonts/tree/main/ofl/rajdhani,https://github.com/google/fonts/tree/main/ofl/rajdhani
raleway,Raleway,google-fonts,OFL,True,sans-serif,True,league|typewolf-top,True,18,cyrillic|cyrillic-ext|latin|latin-ext|vietnamese,Sans Serif|classic|league|open-source,Matt McInerney|Pablo Impallari|Rodrigo Fuenzalida,https://fonts.google.com/specimen/Raleway,https://github.com/google/fonts/tree/main/ofl/raleway,https://github.com/google/fonts/tree/main/ofl/raleway
red-hat-display,Red Hat Display,google-fonts,OFL,True,sans-serif,True,fontshare,True,14,latin|latin-ext,Banners|Corporate|Magazines|Sans Serif|Websites|brand-grade|fontshare,MCKL,https://fonts.google.com/specimen/Red+Hat+Display,https://github.com/google/fonts/tree/main/ofl/red-hat-display,https://github.com/google/fonts/tree/main/ofl/red-hat-display
velvetyne-resistance-generale,Resistance Generale,velvetyne,OFL,True,display,True,velvetyne,False,1,latin,experimental|contemporary|libre,,https://github.com/velvetyne/resistance-generale,https://github.com/velvetyne/resistance-generale.git,https://github.com/velvetyne/resistance-generale
roboto,Roboto,google-fonts,OFL,True,sans-serif,True,typewolf-top,True,18,cyrillic|cyrillic-ext|greek|greek-ext|latin|latin-ext|math|symbols|vietnamese,Sans Serif,Christian Robertson|ParaType|Font Bureau,https://fonts.google.com/specimen/Roboto,https://github.com/google/fonts/tree/main/ofl/roboto,https://github.com/google/fonts/tree/main/ofl/roboto
roboto-slab,Roboto Slab,google-fonts,OFL,True,serif,True,typewolf-top,True,9,cyrillic|cyrillic-ext|greek|greek-ext|latin|latin-ext|vietnamese,Slab Serif,Christian Robertson,https://fonts.google.com/specimen/Roboto+Slab,https://github.com/google/fonts/tree/main/ofl/roboto-slab,https://github.com/google/fonts/tree/main/ofl/roboto-slab
rosario,Rosario,google-fonts,OFL,True,sans-serif,True,omnibus-type,True,10,latin|latin-ext|vietnamese,Sans Serif|brand-grade|libre|omnibus-type,Omnibus-Type,https://fonts.google.com/specimen/Rosario,https://github.com/google/fonts/tree/main/ofl/rosario,https://github.com/google/fonts/tree/main/ofl/rosario
fontshare-roundo,Roundo,fontshare,OFL,True,other,True,fontshare,True,7,latin,fontshare|brand-grade|App|Websites|Headline|Editorial,Indian Type Foundry,https://www.fontshare.com/fonts/roundo,https://api.fontshare.com/v2/fonts/download/roundo,
rubik,Rubik,google-fonts,OFL,True,sans-serif,True,typewolf-top,True,14,arabic|cyrillic|cyrillic-ext|hebrew|latin|latin-ext,Sans Serif,Hubert and Fischer|Meir Sadan|Cyreal|Daniel Grumer|Omaima Dajani,https://fonts.google.com/specimen/Rubik,https://github.com/google/fonts/tree/main/ofl/rubik,https://github.com/google/fonts/tree/main/ofl/rubik
velvetyne-runic,Runic,velvetyne,OFL,True,display,True,velvetyne,False,1,latin,experimental|contemporary|libre,,https://github.com/velvetyne/runic,https://github.com/velvetyne/runic.git,https://github.com/velvetyne/runic
velvetyne-saintjean,Saintjean,velvetyne,OFL,True,display,True,velvetyne,False,1,latin,experimental|contemporary|libre,,https://github.com/velvetyne/saintjean,https://github.com/velvetyne/saintjean.git,https://github.com/velvetyne/saintjean
saira,Saira,google-fonts,OFL,True,sans-serif,True,omnibus-type,True,18,latin|latin-ext|vietnamese,Sans Serif|brand-grade|libre|omnibus-type,Omnibus-Type,https://fonts.google.com/specimen/Saira,https://github.com/google/fonts/tree/main/ofl/saira,https://github.com/google/fonts/tree/main/ofl/saira
omnibus-saira-parametric,Saira Parametric,omnibus-type,OFL,True,sans-serif,True,omnibus-type,False,1,latin|latin-ext,omnibus-type|libre|brand-grade,,https://github.com/Omnibus-Type/Saira_Parametric,https://github.com/Omnibus-Type/Saira_Parametric.git,https://github.com/Omnibus-Type/Saira_Parametric
saira-stencil,Saira Stencil,google-fonts,OFL,True,display,True,omnibus-type,True,18,latin|latin-ext|vietnamese,Sans Serif|brand-grade|libre|omnibus-type,Hector Gatti|Omnibus-Type,https://fonts.google.com/specimen/Saira+Stencil,https://github.com/google/fonts/tree/main/ofl/saira-stencil,https://github.com/google/fonts/tree/main/ofl/saira-stencil
sansita,Sansita,google-fonts,OFL,True,sans-serif,True,omnibus-type,False,8,latin|latin-ext,Sans Serif|brand-grade|libre|omnibus-type,Omnibus-Type,https://fonts.google.com/specimen/Sansita,https://github.com/google/fonts/tree/main/ofl/sansita,https://github.com/google/fonts/tree/main/ofl/sansita
sansita-swashed,Sansita Swashed,google-fonts,OFL,True,display,True,omnibus-type,True,7,latin|latin-ext|vietnamese,brand-grade|libre|omnibus-type,Omnibus-Type,https://fonts.google.com/specimen/Sansita+Swashed,https://github.com/google/fonts/tree/main/ofl/sansita-swashed,https://github.com/google/fonts/tree/main/ofl/sansita-swashed
sniglet,Sniglet,google-fonts,OFL,True,display,True,league,False,2,latin|latin-ext,classic|league|open-source,Haley Fiege,https://fonts.google.com/specimen/Sniglet,https://github.com/google/fonts/tree/main/ofl/sniglet,https://github.com/google/fonts/tree/main/ofl/sniglet
sora,Sora,google-fonts,OFL,True,sans-serif,True,fontshare|typewolf-top,True,8,latin|latin-ext,Legible|Logotype|Products|Sans Serif|Websites|brand-grade|fontshare,Jonathan Barnbrook|Julián Moncada,https://fonts.google.com/specimen/Sora,https://github.com/google/fonts/tree/main/ofl/sora,https://github.com/google/fonts/tree/main/ofl/sora
sorts-mill-goudy,Sorts Mill Goudy,google-fonts,OFL,True,serif,True,league,False,2,latin|latin-ext,Serif|classic|league|open-source,Barry Schwartz,https://fonts.google.com/specimen/Sorts+Mill+Goudy,https://github.com/google/fonts/tree/main/ofl/sorts-mill-goudy,https://github.com/google/fonts/tree/main/ofl/sorts-mill-goudy
source-sans-3,Source Sans 3,google-fonts,OFL,True,sans-serif,True,typewolf-top,True,16,cyrillic|cyrillic-ext|greek|greek-ext|latin|latin-ext|vietnamese,Sans Serif,Paul D. Hunt,https://fonts.google.com/specimen/Source+Sans+3,https://github.com/google/fonts/tree/main/ofl/source-sans-3,https://github.com/google/fonts/tree/main/ofl/source-sans-3
space-grotesk,Space Grotesk,google-fonts,OFL,True,sans-serif,True,fontshare,True,5,latin|latin-ext|vietnamese,Apps|Banners|Corporate|Modern|Sans Serif|brand-grade|fontshare,Florian Karsten,https://fonts.google.com/specimen/Space+Grotesk,https://github.com/google/fonts/tree/main/ofl/space-grotesk,https://github.com/google/fonts/tree/main/ofl/space-grotesk
space-mono,Space Mono,google-fonts,OFL,True,monospace,True,typewolf-top,False,4,latin|latin-ext|vietnamese,developer|icons|nerd-font,Colophon Foundry,https://fonts.google.com/specimen/Space+Mono,https://github.com/google/fonts/tree/main/ofl/space-mono,https://github.com/google/fonts/tree/main/ofl/space-mono
spline-sans,Spline Sans,google-fonts,OFL,True,sans-serif,True,fontshare,True,5,latin|latin-ext,Apps|Headlines|Sans Serif|brand-grade|fontshare|workhorse,Eben Sorkin|Mirko Velimirović,https://fonts.google.com/specimen/Spline+Sans,https://github.com/google/fonts/tree/main/ofl/spline-sans,https://github.com/google/fonts/tree/main/ofl/spline-sans
velvetyne-sporting-grotesque,Sporting Grotesque,velvetyne,OFL,True,display,True,velvetyne,False,1,latin,contemporary|experimental|libre|sans-serif,,https://github.com/velvetyne/Sporting-Grotesque,https://github.com/velvetyne/Sporting-Grotesque.git,https://github.com/velvetyne/Sporting-Grotesque
teko,Teko,google-fonts,OFL,True,sans-serif,True,fontshare,True,5,devanagari|latin|latin-ext,Banners|Credits|Headlines|Sans Serif|brand-grade|fontshare,Indian Type Foundry,https://fonts.google.com/specimen/Teko,https://github.com/google/fonts/tree/main/ofl/teko,https://github.com/google/fonts/tree/main/ofl/teko
texturina,Texturina,google-fonts,OFL,True,serif,True,omnibus-type,True,18,latin|latin-ext|vietnamese,Serif|brand-grade|libre|omnibus-type,Guillermo Torres|Omnibus-Type,https://fonts.google.com/specimen/Texturina,https://github.com/google/fonts/tree/main/ofl/texturina,https://github.com/google/fonts/tree/main/ofl/texturina
league-the-neue-black,The Neue Black,league-of-moveable-type,OFL,True,display,True,league,False,1,latin,classic|open-source|league,,https://www.theleagueofmoveabletype.com/the-neue-black,https://github.com/theleagueof/the-neue-black.git,https://github.com/theleagueof/the-neue-black
omnibus-tools,Tools,omnibus-type,OFL,True,sans-serif,True,omnibus-type,False,1,latin|latin-ext,omnibus-type|libre|brand-grade,,https://github.com/Omnibus-Type/Tools,https://github.com/Omnibus-Type/Tools.git,https://github.com/Omnibus-Type/Tools
velvetyne-trickster,Trickster,velvetyne,OFL,True,display,True,velvetyne,False,1,latin,blackletter|contemporary|experimental|libre,,https://github.com/velvetyne/Trickster,https://github.com/velvetyne/Trickster.git,https://github.com/velvetyne/Trickster
truculenta,Truculenta,google-fonts,OFL,True,sans-serif,True,omnibus-type,True,9,latin|latin-ext|vietnamese,Sans Serif|brand-grade|libre|omnibus-type,Omnibus-Type,https://fonts.google.com/specimen/Truculenta,https://github.com/google/fonts/tree/main/ofl/truculenta,https://github.com/google/fonts/tree/main/ofl/truculenta
velvetyne-typefesse,Typefesse,velvetyne,OFL,True,display,True,velvetyne,False,1,latin,experimental|contemporary|libre,,https://github.com/velvetyne/Typefesse,https://github.com/velvetyne/Typefesse.git,https://github.com/velvetyne/Typefesse
unna,Unna,google-fonts,OFL,True,serif,True,omnibus-type,False,4,latin|latin-ext,Serif|brand-grade|libre|omnibus-type,Omnibus-Type,https://fonts.google.com/specimen/Unna,https://github.com/google/fonts/tree/main/ofl/unna,https://github.com/google/fonts/tree/main/ofl/unna
velvetyne-velvetyne-notdef,Velvetyne Notdef,velvetyne,OFL,True,display,True,velvetyne,False,1,latin,experimental|contemporary|libre,,https://github.com/velvetyne/Velvetyne-Notdef,https://github.com/velvetyne/Velvetyne-Notdef.git,https://github.com/velvetyne/Velvetyne-Notdef
velvetyne-velvetyne-standard-character-set,Velvetyne Standard Character Set,velvetyne,OFL,True,display,True,velvetyne,False,1,latin,experimental|contemporary|libre,,https://github.com/velvetyne/Velvetyne-Standard-Character-Set,https://github.com/velvetyne/Velvetyne-Standard-Character-Set.git,https://github.com/velvetyne/Velvetyne-Standard-Character-Set
velvetyne-victorianna,Victorianna,velvetyne,OFL,True,display,True,velvetyne,False,1,latin,experimental|contemporary|libre,,https://github.com/velvetyne/Victorianna,https://github.com/velvetyne/Victorianna.git,https://github.com/velvetyne/Victorianna
work-sans,Work Sans,google-fonts,OFL,True,sans-serif,True,fontshare|typewolf-top,True,18,latin|latin-ext|vietnamese,Corporate|Headline|News|Sans Serif|brand-grade|fontshare|workhorse,Wei Huang,https://fonts.google.com/specimen/Work+Sans,https://github.com/google/fonts/tree/main/ofl/work-sans,https://github.com/google/fonts/tree/main/ofl/work-sans
nerd-fonts-0xproto,0Xproto,nerd-fonts,Mixed,True,monospace,False,,False,1,latin,nerd-font|icons|developer,Ryan L McIntyre (Nerd Fonts Patcher),https://github.com/ryanoasis/nerd-fonts/releases/latest,https://github.com/ryanoasis/nerd-fonts,https://github.com/ryanoasis/nerd-fonts
nerd-fonts-3270,3270,nerd-fonts,Mixed,True,monospace,False,,False,1,latin,nerd-font|icons|developer,Ryan L McIntyre (Nerd Fonts Patcher),https://github.com/ryanoasis/nerd-fonts/releases/latest,https://github.com/ryanoasis/nerd-fonts,https://github.com/ryanoasis/nerd-fonts
abeezee,ABeeZee,google-fonts,OFL,True,sans-serif,False,,False,2,latin|latin-ext,Sans Serif,Anja Meiners,https://fonts.google.com/specimen/ABeeZee,https://github.com/google/fonts/tree/main/ofl/abeezee,https://github.com/google/fonts/tree/main/ofl/abeezee
abel,Abel,google-fonts,OFL,True,sans-serif,False,,False,1,latin,Sans Serif,MADType,https://fonts.google.com/specimen/Abel,https://github.com/google/fonts/tree/main/ofl/abel,https://github.com/google/fonts/tree/main/ofl/abel
abhaya-libre,Abhaya Libre,google-fonts,OFL,True,serif,False,,False,5,latin|latin-ext|sinhala,Serif,Mooniak,https://fonts.google.com/specimen/Abhaya+Libre,https://github.com/google/fonts/tree/main/ofl/abhaya-libre,https://github.com/google/fonts/tree/main/ofl/abhaya-libre
aboreto,Aboreto,google-fonts,OFL,True,display,False,,False,1,latin|latin-ext,,Dominik Jáger,https://fonts.google.com/specimen/Aboreto,https://github.com/google/fonts/tree/main/ofl/aboreto,https://github.com/google/fonts/tree/main/ofl/aboreto
abyssinica-sil,Abyssinica SIL,google-fonts,OFL,True,serif,False,,False,1,ethiopic|latin|latin-ext,Serif,SIL International,https://fonts.google.com/specimen/Abyssinica+SIL,https://github.com/google/fonts/tree/main/ofl/abyssinica-sil,https://github.com/google/fonts/tree/main/ofl/abyssinica-sil
aclonica,Aclonica,google-fonts,OFL,True,sans-serif,False,,False,1,latin|latin-ext,Sans Serif,Astigmatic,https://fonts.google.com/specimen/Aclonica,https://github.com/google/fonts/tree/main/ofl/aclonica,https://github.com/google/fonts/tree/main/ofl/aclonica
acme,Acme,google-fonts,OFL,True,sans-serif,False,,False,1,latin,Sans Serif,Juan Pablo del Peral|HT Fonts,https://fonts.google.com/specimen/Acme,https://github.com/google/fonts/tree/main/ofl/acme,https://github.com/google/fonts/tree/main/ofl/acme
actor,Actor,google-fonts,OFL,True,sans-serif,False,,False,1,latin,Sans Serif,Thomas Junold,https://fonts.google.com/specimen/Actor,https://github.com/google/fonts/tree/main/ofl/actor,https://github.com/google/fonts/tree/main/ofl/actor
adamina,Adamina,google-fonts,OFL,True,serif,False,,False,1,latin,Serif,Cyreal,https://fonts.google.com/specimen/Adamina,https://github.com/google/fonts/tree/main/ofl/adamina,https://github.com/google/fonts/tree/main/ofl/adamina
adlam-display,ADLaM Display,google-fonts,OFL,True,display,False,,False,1,adlam|latin|latin-ext,,Mark Jamra|Neil Patel|Andrew Footit,https://fonts.google.com/specimen/ADLaM+Display,https://github.com/google/fonts/tree/main/ofl/adlam-display,https://github.com/google/fonts/tree/main/ofl/adlam-display
advent-pro,Advent Pro,google-fonts,OFL,True,sans-serif,False,,True,18,cyrillic|cyrillic-ext|greek|latin|latin-ext,Sans Serif,VivaRado,https://fonts.google.com/specimen/Advent+Pro,https://github.com/google/fonts/tree/main/ofl/advent-pro,https://github.com/google/fonts/tree/main/ofl/advent-pro
fontsource-adwaita-mono,Adwaita Mono,fontsource,OFL,True,monospace,False,,False,4,latin,fontsource|other,,https://fontsource.org/fonts/adwaita-mono,https://fontsource.org/fonts/adwaita-mono,
fontsource-adwaita-sans,Adwaita Sans,fontsource,OFL,True,sans-serif,False,,False,18,latin,fontsource|other,,https://fontsource.org/fonts/adwaita-sans,https://fontsource.org/fonts/adwaita-sans,
nerd-fonts-adwaitamono,Adwaitamono,nerd-fonts,Mixed,True,monospace,False,,False,1,latin,nerd-font|icons|developer,Ryan L McIntyre (Nerd Fonts Patcher),https://github.com/ryanoasis/nerd-fonts/releases/latest,https://github.com/ryanoasis/nerd-fonts,https://github.com/ryanoasis/nerd-fonts
afacad,Afacad,google-fonts,OFL,True,sans-serif,False,,True,8,cyrillic-ext|latin|latin-ext|math|symbols|vietnamese,Sans Serif,Kristian Möller|Dicotype,https://fonts.google.com/specimen/Afacad,https://github.com/google/fonts/tree/main/ofl/afacad,https://github.com/google/fonts/tree/main/ofl/afacad
afacad-flux,Afacad Flux,google-fonts,OFL,True,sans-serif,False,,True,10,latin|latin-ext|vietnamese,Sans Serif,Kristian Möller|Dicotype,https://fonts.google.com/specimen/Afacad+Flux,https://github.com/google/fonts/tree/main/ofl/afacad-flux,https://github.com/google/fonts/tree/main/ofl/afacad-flux
nerd-fonts-agave,Agave,nerd-fonts,Mixed,True,monospace,False,,False,1,latin,nerd-font|icons|developer,Ryan L McIntyre (Nerd Fonts Patcher),https://github.com/ryanoasis/nerd-fonts/releases/latest,https://github.com/ryanoasis/nerd-fonts,https://github.com/ryanoasis/nerd-fonts
agbalumo,Agbalumo,google-fonts,OFL,True,display,False,,False,1,cyrillic-ext|ethiopic|latin|latin-ext|vietnamese,,Raphael Alẹ́gbẹ́lẹ́yẹ̀|Sorkin Type|Eben Sorkin,https://fonts.google.com/specimen/Agbalumo,https://github.com/google/fonts/tree/main/ofl/agbalumo,https://github.com/google/fonts/tree/main/ofl/agbalumo
agdasima,Agdasima,google-fonts,OFL,True,sans-serif,False,,False,2,latin|latin-ext,Sans Serif,The DocRepair Project|Patric King,https://fonts.google.com/specimen/Agdasima,https://github.com/google/fonts/tree/main/ofl/agdasima,https://github.com/google/fonts/tree/main/ofl/agdasima
agu-display,Agu Display,google-fonts,OFL,True,display,False,,True,1,latin|latin-ext|vietnamese,Serif,Seun Badejo,https://fonts.google.com/specimen/Agu+Display,https://github.com/google/fonts/tree/main/ofl/agu-display,https://github.com/google/fonts/tree/main/ofl/agu-display
aguafina-script,Aguafina Script,google-fonts,OFL,True,handwriting,False,,False,1,latin|latin-ext,,Sudtipos,https://fonts.google.com/specimen/Aguafina+Script,https://github.com/google/fonts/tree/main/ofl/aguafina-script,https://github.com/google/fonts/tree/main/ofl/aguafina-script
fontsource-aileron,Aileron,fontsource,CC0,True,sans-serif,False,,False,12,latin,fontsource|other|sans-serif,,https://fontsource.org/fonts/aileron,https://fontsource.org/fonts/aileron,
akatab,Akatab,google-fonts,OFL,True,sans-serif,False,,False,6,latin|latin-ext|tifinagh,Sans Serif,SIL International,https://fonts.google.com/specimen/Akatab,https://github.com/google/fonts/tree/main/ofl/akatab,https://github.com/google/fonts/tree/main/ofl/akatab
akaya-kanadaka,Akaya Kanadaka,google-fonts,OFL,True,display,False,,False,1,kannada|latin|latin-ext,,Vaishnavi Murthy|Juan Luis Blanco,https://fonts.google.com/specimen/Akaya+Kanadaka,https://github.com/google/fonts/tree/main/ofl/akaya-kanadaka,https://github.com/google/fonts/tree/main/ofl/akaya-kanadaka
akaya-telivigala,Akaya Telivigala,google-fonts,OFL,True,display,False,,False,1,latin|latin-ext|telugu,,Vaishnavi Murthy|Juan Luis Blanco,https://fonts.google.com/specimen/Akaya+Telivigala,https://github.com/google/fonts/tree/main/ofl/akaya-telivigala,https://github.com/google/fonts/tree/main/ofl/akaya-telivigala
akronim,Akronim,google-fonts,OFL,True,display,False,,False,1,latin|latin-ext,,Grzegorz Klimczewski,https://fonts.google.com/specimen/Akronim,https://github.com/google/fonts/tree/main/ofl/akronim,https://github.com/google/fonts/tree/main/ofl/akronim
akshar,Akshar,google-fonts,OFL,True,sans-serif,False,,True,5,devanagari|latin|latin-ext,Sans Serif,Tall Chai,https://fonts.google.com/specimen/Akshar,https://github.com/google/fonts/tree/main/ofl/akshar,https://github.com/google/fonts/tree/main/ofl/akshar
akt,Akt,google-fonts,OFL,True,sans-serif,False,,True,9,cyrillic|cyrillic-ext|greek|greek-ext|latin|latin-ext|vietnamese,Sans Serif,Dmitry Grenev,https://fonts.google.com/specimen/Akt,https://github.com/google/fonts/tree/main/ofl/akt,https://github.com/google/fonts/tree/main/ofl/akt
aladin,Aladin,google-fonts,OFL,True,display,False,,False,1,latin|latin-ext,,Sudtipos,https://fonts.google.com/specimen/Aladin,https://github.com/google/fonts/tree/main/ofl/aladin,https://github.com/google/fonts/tree/main/ofl/aladin
alan-sans,Alan Sans,google-fonts,OFL,True,sans-serif,False,,True,7,latin|latin-ext,Sans Serif,Raphaël Ronot,https://fonts.google.com/specimen/Alan+Sans,https://github.com/google/fonts/tree/main/ofl/alan-sans,https://github.com/google/fonts/tree/main/ofl/alan-sans
alata,Alata,google-fonts,OFL,True,sans-serif,False,,False,1,latin|latin-ext|vietnamese,Sans Serif,Spyros Zevelakis|Eben Sorkin,https://fonts.google.com/specimen/Alata,https://github.com/google/fonts/tree/main/ofl/alata,https://github.com/google/fonts/tree/main/ofl/alata
alatsi,Alatsi,google-fonts,OFL,True,sans-serif,False,,False,1,cyrillic-ext|latin|latin-ext|vietnamese,Sans Serif,Spyros Zevelakis|Eben Sorkin,https://fonts.google.com/specimen/Alatsi,https://github.com/google/fonts/tree/main/ofl/alatsi,https://github.com/google/fonts/tree/main/ofl/alatsi
albert-sans,Albert Sans,google-fonts,OFL,True,sans-serif,False,,True,18,latin|latin-ext,Sans Serif,Andreas Rasmussen,https://fonts.google.com/specimen/Albert+Sans,https://github.com/google/fonts/tree/main/ofl/albert-sans,https://github.com/google/fonts/tree/main/ofl/albert-sans
aldrich,Aldrich,google-fonts,OFL,True,sans-serif,False,,False,1,latin,Sans Serif,MADType,https://fonts.google.com/specimen/Aldrich,https://github.com/google/fonts/tree/main/ofl/aldrich,https://github.com/google/fonts/tree/main/ofl/aldrich
alef,Alef,google-fonts,OFL,True,sans-serif,False,,False,2,hebrew|latin,Sans Serif,Hagilda|Mushon Zer-Aviv,https://fonts.google.com/specimen/Alef,https://github.com/google/fonts/tree/main/ofl/alef,https://github.com/google/fonts/tree/main/ofl/alef
alegreya,Alegreya,google-fonts,OFL,True,serif,False,,True,12,cyrillic|cyrillic-ext|greek|greek-ext|latin|latin-ext|vietnamese,Serif,Juan Pablo del Peral|HT Fonts,https://fonts.google.com/specimen/Alegreya,https://github.com/google/fonts/tree/main/ofl/alegreya,https://github.com/google/fonts/tree/main/ofl/alegreya
alegreya-sans,Alegreya Sans,google-fonts,OFL,True,sans-serif,False,,False,14,cyrillic|cyrillic-ext|greek|greek-ext|latin|latin-ext|vietnamese,Sans Serif,Juan Pablo del Peral|HT Fonts,https://fonts.google.com/specimen/Alegreya+Sans,https://github.com/google/fonts/tree/main/ofl/alegreya-sans,https://github.com/google/fonts/tree/main/ofl/alegreya-sans
alegreya-sans-sc,Alegreya Sans SC,google-fonts,OFL,True,sans-serif,False,,False,14,cyrillic|cyrillic-ext|greek|greek-ext|latin|latin-ext|vietnamese,Sans Serif,Juan Pablo del Peral|HT Fonts,https://fonts.google.com/specimen/Alegreya+Sans+SC,https://github.com/google/fonts/tree/main/ofl/alegreya-sans-sc,https://github.com/google/fonts/tree/main/ofl/alegreya-sans-sc
alegreya-sc,Alegreya SC,google-fonts,OFL,True,serif,False,,False,10,cyrillic|cyrillic-ext|greek|greek-ext|latin|latin-ext|vietnamese,Serif,Juan Pablo del Peral|HT Fonts,https://fonts.google.com/specimen/Alegreya+SC,https://github.com/google/fonts/tree/main/ofl/alegreya-sc,https://github.com/google/fonts/tree/main/ofl/alegreya-sc
aleo,Aleo,google-fonts,OFL,True,serif,False,,True,18,latin|latin-ext|vietnamese,Slab Serif,Alessio Laiso,https://fonts.google.com/specimen/Aleo,https://github.com/google/fonts/tree/main/ofl/aleo,https://github.com/google/fonts/tree/main/ofl/aleo
alex-brush,Alex Brush,google-fonts,OFL,True,handwriting,False,,False,1,latin|latin-ext|vietnamese,,Robert Leuschke,https://fonts.google.com/specimen/Alex+Brush,https://github.com/google/fonts/tree/main/ofl/alex-brush,https://github.com/google/fonts/tree/main/ofl/alex-brush
alexandria,Alexandria,google-fonts,OFL,True,sans-serif,False,,True,9,arabic|latin|latin-ext|vietnamese,Sans Serif,Mohamed Gaber|Julieta Ulanovsky,https://fonts.google.com/specimen/Alexandria,https://github.com/google/fonts/tree/main/ofl/alexandria,https://github.com/google/fonts/tree/main/ofl/alexandria
alfa-slab-one,Alfa Slab One,google-fonts,OFL,True,display,False,,False,1,latin|latin-ext|vietnamese,Serif,JM Solé,https://fonts.google.com/specimen/Alfa+Slab+One,https://github.com/google/fonts/tree/main/ofl/alfa-slab-one,https://github.com/google/fonts/tree/main/ofl/alfa-slab-one
alice,Alice,google-fonts,OFL,True,serif,False,,False,1,cyrillic|cyrillic-ext|latin|latin-ext,Serif,Ksenya Erulevich|Cyreal,https://fonts.google.com/specimen/Alice,https://github.com/google/fonts/tree/main/ofl/alice,https://github.com/google/fonts/tree/main/ofl/alice
alien-block,Alien Block,google-fonts,OFL,True,display,False,,False,1,latin|latin-ext,Sans Serif,Kensuke Uchida,https://fonts.google.com/specimen/Alien+Block,https://github.com/google/fonts/tree/main/ofl/alien-block,https://github.com/google/fonts/tree/main/ofl/alien-block
alike,Alike,google-fonts,OFL,True,serif,False,,False,1,latin|latin-ext|math|symbols,Serif,Sveta Sebyakina|Cyreal,https://fonts.google.com/specimen/Alike,https://github.com/google/fonts/tree/main/ofl/alike,https://github.com/google/fonts/tree/main/ofl/alike
alike-angular,Alike Angular,google-fonts,OFL,True,serif,False,,False,1,latin|latin-ext|math|symbols,Serif,Sveta Sebyakina|Cyreal,https://fonts.google.com/specimen/Alike+Angular,https://github.com/google/fonts/tree/main/ofl/alike-angular,https://github.com/google/fonts/tree/main/ofl/alike-angular
alkalami,Alkalami,google-fonts,OFL,True,serif,False,,False,1,arabic|latin|latin-ext,Serif,SIL International,https://fonts.google.com/specimen/Alkalami,https://github.com/google/fonts/tree/main/ofl/alkalami,https://github.com/google/fonts/tree/main/ofl/alkalami
alkatra,Alkatra,google-fonts,OFL,True,display,False,,True,4,bengali|devanagari|latin|latin-ext|oriya,,Suman Bhandary,https://fonts.google.com/specimen/Alkatra,https://github.com/google/fonts/tree/main/ofl/alkatra,https://github.com/google/fonts/tree/main/ofl/alkatra
allan,Allan,google-fonts,OFL,True,display,False,,False,2,latin|latin-ext,Serif,Anton Koovit,https://fonts.google.com/specimen/Allan,https://github.com/google/fonts/tree/main/ofl/allan,https://github.com/google/fonts/tree/main/ofl/allan
allerta,Allerta,google-fonts,OFL,True,sans-serif,False,,False,1,latin,Sans Serif,Matt McInerney,https://fonts.google.com/specimen/Allerta,https://github.com/google/fonts/tree/main/ofl/allerta,https://github.com/google/fonts/tree/main/ofl/allerta
allerta-stencil,Allerta Stencil,google-fonts,OFL,True,sans-serif,False,,False,1,latin,Sans Serif,Matt McInerney,https://fonts.google.com/specimen/Allerta+Stencil,https://github.com/google/fonts/tree/main/ofl/allerta-stencil,https://github.com/google/fonts/tree/main/ofl/allerta-stencil
allison,Allison,google-fonts,OFL,True,handwriting,False,,False,1,latin|latin-ext|vietnamese,,Robert Leuschke,https://fonts.google.com/specimen/Allison,https://github.com/google/fonts/tree/main/ofl/allison,https://github.com/google/fonts/tree/main/ofl/allison
allkin,Allkin,google-fonts,OFL,True,display,False,,False,1,,,Monotype Imaging Inc.,https://fonts.google.com/specimen/Allkin,https://github.com/google/fonts/tree/main/ofl/allkin,https://github.com/google/fonts/tree/main/ofl/allkin
allura,Allura,google-fonts,OFL,True,handwriting,False,,False,1,latin|latin-ext|vietnamese,,Robert Leuschke,https://fonts.google.com/specimen/Allura,https://github.com/google/fonts/tree/main/ofl/allura,https://github.com/google/fonts/tree/main/ofl/allura
almarai,Almarai,google-fonts,OFL,True,sans-serif,False,,False,4,arabic|latin,Sans Serif,Boutros Fonts|Mourad Boutros,https://fonts.google.com/specimen/Almarai,https://github.com/google/fonts/tree/main/ofl/almarai,https://github.com/google/fonts/tree/main/ofl/almarai
almendra,Almendra,google-fonts,OFL,True,serif,False,,False,4,latin|latin-ext,Serif,Ana Sanfelippo,https://fonts.google.com/specimen/Almendra,https://github.com/google/fonts/tree/main/ofl/almendra,https://github.com/google/fonts/tree/main/ofl/almendra
almendra-display,Almendra Display,google-fonts,OFL,True,display,False,,False,1,latin|latin-ext,Serif,Ana Sanfelippo,https://fonts.google.com/specimen/Almendra+Display,https://github.com/google/fonts/tree/main/ofl/almendra-display,https://github.com/google/fonts/tree/main/ofl/almendra-display
almendra-sc,Almendra SC,google-fonts,OFL,True,serif,False,,False,1,latin,Serif,Ana Sanfelippo,https://fonts.google.com/specimen/Almendra+SC,https://github.com/google/fonts/tree/main/ofl/almendra-sc,https://github.com/google/fonts/tree/main/ofl/almendra-sc
alumni-sans,Alumni Sans,google-fonts,OFL,True,sans-serif,False,,True,18,cyrillic|cyrillic-ext|latin|latin-ext|vietnamese,Sans Serif,Robert Leuschke,https://fonts.google.com/specimen/Alumni+Sans,https://github.com/google/fonts/tree/main/ofl/alumni-sans,https://github.com/google/fonts/tree/main/ofl/alumni-sans
alumni-sans-collegiate-one,Alumni Sans Collegiate One,google-fonts,OFL,True,sans-serif,False,,False,2,cyrillic|latin|latin-ext|vietnamese,Sans Serif,Robert Leuschke,https://fonts.google.com/specimen/Alumni+Sans+Collegiate+One,https://github.com/google/fonts/tree/main/ofl/alumni-sans-collegiate-one,https://github.com/google/fonts/tree/main/ofl/alumni-sans-collegiate-one
alumni-sans-inline-one,Alumni Sans Inline One,google-fonts,OFL,True,display,False,,False,2,latin|latin-ext|vietnamese,Sans Serif,Robert Leuschke,https://fonts.google.com/specimen/Alumni+Sans+Inline+One,https://github.com/google/fonts/tree/main/ofl/alumni-sans-inline-one,https://github.com/google/fonts/tree/main/ofl/alumni-sans-inline-one
alumni-sans-pinstripe,Alumni Sans Pinstripe,google-fonts,OFL,True,sans-serif,False,,False,2,cyrillic|cyrillic-ext|latin|latin-ext|vietnamese,Sans Serif,Robert Leuschke,https://fonts.google.com/specimen/Alumni+Sans+Pinstripe,https://github.com/google/fonts/tree/main/ofl/alumni-sans-pinstripe,https://github.com/google/fonts/tree/main/ofl/alumni-sans-pinstripe
alumni-sans-sc,Alumni Sans SC,google-fonts,OFL,True,sans-serif,False,,True,18,cyrillic|cyrillic-ext|latin|latin-ext|vietnamese,Sans Serif,Robert Leuschke,https://fonts.google.com/specimen/Alumni+Sans+SC,https://github.com/google/fonts/tree/main/ofl/alumni-sans-sc,https://github.com/google/fonts/tree/main/ofl/alumni-sans-sc
alyamama,Alyamama,google-fonts,OFL,True,serif,False,,True,7,arabic|greek|latin|latin-ext,Serif,Yazeed Omar,https://fonts.google.com/specimen/Alyamama,https://github.com/google/fonts/tree/main/ofl/alyamama,https://github.com/google/fonts/tree/main/ofl/alyamama
amarante,Amarante,google-fonts,OFL,True,display,False,,False,1,latin|latin-ext,Serif,Karolina Lach,https://fonts.google.com/specimen/Amarante,https://github.com/google/fonts/tree/main/ofl/amarante,https://github.com/google/fonts/tree/main/ofl/amarante
amaranth,Amaranth,google-fonts,OFL,True,sans-serif,False,,False,4,latin,Sans Serif,Gesine Todt,https://fonts.google.com/specimen/Amaranth,https://github.com/google/fonts/tree/main/ofl/amaranth,https://github.com/google/fonts/tree/main/ofl/amaranth
amarna,Amarna,google-fonts,OFL,True,sans-serif,False,,True,14,latin|latin-ext,Sans Serif,Ishtār van Looy,https://fonts.google.com/specimen/Amarna,https://github.com/google/fonts/tree/main/ofl/amarna,https://github.com/google/fonts/tree/main/ofl/amarna
amatic-sc,Amatic SC,google-fonts,OFL,True,handwriting,False,,False,2,cyrillic|hebrew|latin|latin-ext|vietnamese,Sans Serif,Vernon Adams|Ben Nathan|Thomas Jockin,https://fonts.google.com/specimen/Amatic+SC,https://github.com/google/fonts/tree/main/ofl/amatic-sc,https://github.com/google/fonts/tree/main/ofl/amatic-sc
amethysta,Amethysta,google-fonts,OFL,True,serif,False,,False,1,latin,Serif,Cyreal,https://fonts.google.com/specimen/Amethysta,https://github.com/google/fonts/tree/main/ofl/amethysta,https://github.com/google/fonts/tree/main/ofl/amethysta
amiko,Amiko,google-fonts,OFL,True,sans-serif,False,,False,3,devanagari|latin|latin-ext,Sans Serif,Impallari Type,https://fonts.google.com/specimen/Amiko,https://github.com/google/fonts/tree/main/ofl/amiko,https://github.com/google/fonts/tree/main/ofl/amiko
amiri,Amiri,google-fonts,OFL,True,serif,False,,False,4,arabic|latin|latin-ext,Serif,Khaled Hosny|Sebastian Kosch,https://fonts.google.com/specimen/Amiri,https://github.com/google/fonts/tree/main/ofl/amiri,https://github.com/google/fonts/tree/main/ofl/amiri
amiri-quran,Amiri Quran,google-fonts,OFL,True,serif,False,,False,1,arabic|latin,Serif,Khaled Hosny|Sebastian Kosch,https://fonts.google.com/specimen/Amiri+Quran,https://github.com/google/fonts/tree/main/ofl/amiri-quran,https://github.com/google/fonts/tree/main/ofl/amiri-quran
amita,Amita,google-fonts,OFL,True,handwriting,False,,False,2,devanagari|latin|latin-ext,Serif,Eduardo Tunni|Brian Bonislawsky,https://fonts.google.com/specimen/Amita,https://github.com/google/fonts/tree/main/ofl/amita,https://github.com/google/fonts/tree/main/ofl/amita
anaheim,Anaheim,google-fonts,OFL,True,sans-serif,False,,True,5,latin|latin-ext|vietnamese,Sans Serif,Vernon Adams,https://fonts.google.com/specimen/Anaheim,https://github.com/google/fonts/tree/main/ofl/anaheim,https://github.com/google/fonts/tree/main/ofl/anaheim
ancizar-sans,Ancizar Sans,google-fonts,OFL,True,sans-serif,False,,True,20,greek|latin|latin-ext,Sans Serif,Universidad Nacional de Colombia (UNAL)|César Puertas|Viviana Monsalve|Julián Moncada,https://fonts.google.com/specimen/Ancizar+Sans,https://github.com/google/fonts/tree/main/ofl/ancizar-sans,https://github.com/google/fonts/tree/main/ofl/ancizar-sans
ancizar-serif,Ancizar Serif,google-fonts,OFL,True,serif,False,,True,14,greek|latin|latin-ext,Serif,Universidad Nacional de Colombia (UNAL)|César Puertas|Viviana Monsalve|Julián Moncada,https://fonts.google.com/specimen/Ancizar+Serif,https://github.com/google/fonts/tree/main/ofl/ancizar-serif,https://github.com/google/fonts/tree/main/ofl/ancizar-serif
andada-pro,Andada Pro,google-fonts,OFL,True,serif,False,,True,10,latin|latin-ext|vietnamese,Serif,HT Fonts|Carolina Giovagnoli,https://fonts.google.com/specimen/Andada+Pro,https://github.com/google/fonts/tree/main/ofl/andada-pro,https://github.com/google/fonts/tree/main/ofl/andada-pro
andika,Andika,google-fonts,OFL,True,sans-serif,False,,False,4,cyrillic|cyrillic-ext|latin|latin-ext|vietnamese,Sans Serif,SIL International,https://fonts.google.com/specimen/Andika,https://github.com/google/fonts/tree/main/ofl/andika,https://github.com/google/fonts/tree/main/ofl/andika
anek-bangla,Anek Bangla,google-fonts,OFL,True,sans-serif,False,,True,8,bengali|latin|latin-ext,Sans Serif,Ek Type,https://fonts.google.com/specimen/Anek+Bangla,https://github.com/google/fonts/tree/main/ofl/anek-bangla,https://github.com/google/fonts/tree/main/ofl/anek-bangla
anek-devanagari,Anek Devanagari,google-fonts,OFL,True,sans-serif,False,,True,8,devanagari|latin|latin-ext,Sans Serif,Ek Type,https://fonts.google.com/specimen/Anek+Devanagari,https://github.com/google/fonts/tree/main/ofl/anek-devanagari,https://github.com/google/fonts/tree/main/ofl/anek-devanagari
anek-gujarati,Anek Gujarati,google-fonts,OFL,True,sans-serif,False,,True,8,gujarati|latin|latin-ext,Sans Serif,Ek Type,https://fonts.google.com/specimen/Anek+Gujarati,https://github.com/google/fonts/tree/main/ofl/anek-gujarati,https://github.com/google/fonts/tree/main/ofl/anek-gujarati
anek-gurmukhi,Anek Gurmukhi,google-fonts,OFL,True,sans-serif,False,,True,8,gurmukhi|latin|latin-ext,Sans Serif,Ek Type,https://fonts.google.com/specimen/Anek+Gurmukhi,https://github.com/google/fonts/tree/main/ofl/anek-gurmukhi,https://github.com/google/fonts/tree/main/ofl/anek-gurmukhi
anek-kannada,Anek Kannada,google-fonts,OFL,True,sans-serif,False,,True,8,kannada|latin|latin-ext,Sans Serif,Ek Type,https://fonts.google.com/specimen/Anek+Kannada,https://github.com/google/fonts/tree/main/ofl/anek-kannada,https://github.com/google/fonts/tree/main/ofl/anek-kannada
anek-latin,Anek Latin,google-fonts,OFL,True,sans-serif,False,,True,8,latin|latin-ext|vietnamese,Sans Serif,Ek Type,https://fonts.google.com/specimen/Anek+Latin,https://github.com/google/fonts/tree/main/ofl/anek-latin,https://github.com/google/fonts/tree/main/ofl/anek-latin
anek-malayalam,Anek Malayalam,google-fonts,OFL,True,sans-serif,False,,True,8,latin|latin-ext|malayalam,Sans Serif,Ek Type,https://fonts.google.com/specimen/Anek+Malayalam,https://github.com/google/fonts/tree/main/ofl/anek-malayalam,https://github.com/google/fonts/tree/main/ofl/anek-malayalam
anek-odia,Anek Odia,google-fonts,OFL,True,sans-serif,False,,True,8,latin|latin-ext|oriya,Sans Serif,Ek Type,https://fonts.google.com/specimen/Anek+Odia,https://github.com/google/fonts/tree/main/ofl/anek-odia,https://github.com/google/fonts/tree/main/ofl/anek-odia
anek-tamil,Anek Tamil,google-fonts,OFL,True,sans-serif,False,,True,8,latin|latin-ext|tamil,Sans Serif,Ek Type,https://fonts.google.com/specimen/Anek+Tamil,https://github.com/google/fonts/tree/main/ofl/anek-tamil,https://github.com/google/fonts/tree/main/ofl/anek-tamil
anek-telugu,Anek Telugu,google-fonts,OFL,True,sans-serif,False,,True,8,latin|latin-ext|telugu,Sans Serif,Ek Type,https://fonts.google.com/specimen/Anek+Telugu,https://github.com/google/fonts/tree/main/ofl/anek-telugu,https://github.com/google/fonts/tree/main/ofl/anek-telugu
angkor,Angkor,google-fonts,OFL,True,display,False,,False,1,khmer|latin,Serif,Danh Hong,https://fonts.google.com/specimen/Angkor,https://github.com/google/fonts/tree/main/ofl/angkor,https://github.com/google/fonts/tree/main/ofl/angkor
annapurna-sil,Annapurna SIL,google-fonts,OFL,True,serif,False,,False,2,devanagari|latin|latin-ext|math|symbols,Serif,SIL International,https://fonts.google.com/specimen/Annapurna+SIL,https://github.com/google/fonts/tree/main/ofl/annapurna-sil,https://github.com/google/fonts/tree/main/ofl/annapurna-sil
annie-use-your-telescope,Annie Use Your Telescope,google-fonts,OFL,True,handwriting,False,,False,1,latin|latin-ext,,Kimberly Geswein,https://fonts.google.com/specimen/Annie+Use+Your+Telescope,https://github.com/google/fonts/tree/main/ofl/annie-use-your-telescope,https://github.com/google/fonts/tree/main/ofl/annie-use-your-telescope
anonymous-pro,Anonymous Pro,google-fonts,OFL,True,monospace,False,,False,4,cyrillic|greek|latin|latin-ext,,Mark Simonson,https://fonts.google.com/specimen/Anonymous+Pro,https://github.com/google/fonts/tree/main/ofl/anonymous-pro,https://github.com/google/fonts/tree/main/ofl/anonymous-pro
nerd-fonts-anonymouspro,Anonymouspro,nerd-fonts,Mixed,True,monospace,False,,False,1,latin,nerd-font|icons|developer,Ryan L McIntyre (Nerd Fonts Patcher),https://github.com/ryanoasis/nerd-fonts/releases/latest,https://github.com/ryanoasis/nerd-fonts,https://github.com/ryanoasis/nerd-fonts
anta,Anta,google-fonts,OFL,True,sans-serif,False,,False,1,latin|latin-ext|math|symbols,Sans Serif,Sergej Lebedev,https://fonts.google.com/specimen/Anta,https://github.com/google/fonts/tree/main/ofl/anta,https://github.com/google/fonts/tree/main/ofl/anta
antic,Antic,google-fonts,OFL,True,sans-serif,False,,False,1,latin,Sans Serif,Santiago Orozco,https://fonts.google.com/specimen/Antic,https://github.com/google/fonts/tree/main/ofl/antic,https://github.com/google/fonts/tree/main/ofl/antic
antic-didone,Antic Didone,google-fonts,OFL,True,serif,False,,False,1,latin,Serif,Santiago Orozco,https://fonts.google.com/specimen/Antic+Didone,https://github.com/google/fonts/tree/main/ofl/antic-didone,https://github.com/google/fonts/tree/main/ofl/antic-didone
antic-slab,Antic Slab,google-fonts,OFL,True,serif,False,,False,1,latin,Serif,Santiago Orozco,https://fonts.google.com/specimen/Antic+Slab,https://github.com/google/fonts/tree/main/ofl/antic-slab,https://github.com/google/fonts/tree/main/ofl/antic-slab
anton-sc,Anton SC,google-fonts,OFL,True,sans-serif,False,,False,1,latin|latin-ext|vietnamese,Sans Serif,Vernon Adams,https://fonts.google.com/specimen/Anton+SC,https://github.com/google/fonts/tree/main/ofl/anton-sc,https://github.com/google/fonts/tree/main/ofl/anton-sc
antonio,Antonio,google-fonts,OFL,True,sans-serif,False,,True,7,latin|latin-ext,Sans Serif,Vernon Adams,https://fonts.google.com/specimen/Antonio,https://github.com/google/fonts/tree/main/ofl/antonio,https://github.com/google/fonts/tree/main/ofl/antonio
anuphan,Anuphan,google-fonts,OFL,True,sans-serif,False,,True,7,latin|latin-ext|thai|vietnamese,Sans Serif,Cadson Demak,https://fonts.google.com/specimen/Anuphan,https://github.com/google/fonts/tree/main/ofl/anuphan,https://github.com/google/fonts/tree/main/ofl/anuphan
anybody,Anybody,google-fonts,OFL,True,display,False,,True,18,latin|latin-ext|vietnamese,Sans Serif,Tyler Finck,https://fonts.google.com/specimen/Anybody,https://github.com/google/fonts/tree/main/ofl/anybody,https://github.com/google/fonts/tree/main/ofl/anybody
aoboshi-one,Aoboshi One,google-fonts,OFL,True,serif,False,,False,1,japanese|latin|latin-ext,Serif,Natsumi Matsuba,https://fonts.google.com/specimen/Aoboshi+One,https://github.com/google/fonts/tree/main/ofl/aoboshi-one,https://github.com/google/fonts/tree/main/ofl/aoboshi-one
fontsource-apfel-grotezk,Apfel Grotezk,fontsource,OFL,True,sans-serif,False,,False,2,latin,fontsource|other,,https://fontsource.org/fonts/apfel-grotezk,https://fontsource.org/fonts/apfel-grotezk,
ar-one-sans,AR One Sans,google-fonts,OFL,True,sans-serif,False,,True,4,latin|latin-ext|vietnamese,Sans Serif,Niteesh Yadav,https://fonts.google.com/specimen/AR+One+Sans,https://github.com/google/fonts/tree/main/ofl/ar-one-sans,https://github.com/google/fonts/tree/main/ofl/ar-one-sans
arapey,Arapey,google-fonts,OFL,True,serif,False,,False,2,latin,Serif,Eduardo Tunni,https://fonts.google.com/specimen/Arapey,https://github.com/google/fonts/tree/main/ofl/arapey,https://github.com/google/fonts/tree/main/ofl/arapey
arbutus,Arbutus,google-fonts,OFL,True,serif,False,,False,1,latin|latin-ext,Slab Serif,Karolina Lach,https://fonts.google.com/specimen/Arbutus,https://github.com/google/fonts/tree/main/ofl/arbutus,https://github.com/google/fonts/tree/main/ofl/arbutus
arbutus-slab,Arbutus Slab,google-fonts,OFL,True,serif,False,,False,1,latin|latin-ext,Serif,Karolina Lach,https://fonts.google.com/specimen/Arbutus+Slab,https://github.com/google/fonts/tree/main/ofl/arbutus-slab,https://github.com/google/fonts/tree/main/ofl/arbutus-slab
architects-daughter,Architects Daughter,google-fonts,OFL,True,handwriting,False,,False,1,latin|latin-ext,,Kimberly Geswein,https://fonts.google.com/specimen/Architects+Daughter,https://github.com/google/fonts/tree/main/ofl/architects-daughter,https://github.com/google/fonts/tree/main/ofl/architects-daughter
archivo-black,Archivo Black,google-fonts,OFL,True,sans-serif,False,,False,1,latin|latin-ext,Sans Serif,Omnibus-Type,https://fonts.google.com/specimen/Archivo+Black,https://github.com/google/fonts/tree/main/ofl/archivo-black,https://github.com/google/fonts/tree/main/ofl/archivo-black
archivo-narrow,Archivo Narrow,google-fonts,OFL,True,sans-serif,False,,True,8,latin|latin-ext|vietnamese,Sans Serif,Omnibus-Type,https://fonts.google.com/specimen/Archivo+Narrow,https://github.com/google/fonts/tree/main/ofl/archivo-narrow,https://github.com/google/fonts/tree/main/ofl/archivo-narrow
are-you-serious,Are You Serious,google-fonts,OFL,True,handwriting,False,,False,1,latin|latin-ext|vietnamese,,Robert Leuschke,https://fonts.google.com/specimen/Are+You+Serious,https://github.com/google/fonts/tree/main/ofl/are-you-serious,https://github.com/google/fonts/tree/main/ofl/are-you-serious
aref-ruqaa,Aref Ruqaa,google-fonts,OFL,True,serif,False,,False,2,arabic|latin|latin-ext,Serif,Abdullah Aref|Khaled Hosny|Hermann Zapf,https://fonts.google.com/specimen/Aref+Ruqaa,https://github.com/google/fonts/tree/main/ofl/aref-ruqaa,https://github.com/google/fonts/tree/main/ofl/aref-ruqaa
aref-ruqaa-ink,Aref Ruqaa Ink,google-fonts,OFL,True,serif,False,,False,2,arabic|latin|latin-ext,Serif,Abdullah Aref|Khaled Hosny|Hermann Zapf,https://fonts.google.com/specimen/Aref+Ruqaa+Ink,https://github.com/google/fonts/tree/main/ofl/aref-ruqaa-ink,https://github.com/google/fonts/tree/main/ofl/aref-ruqaa-ink
fontsource-argentum-sans,Argentum Sans,fontsource,OFL,True,sans-serif,False,,False,18,latin,fontsource|other,,https://fontsource.org/fonts/argentum-sans,https://fontsource.org/fonts/argentum-sans,
arima,Arima,google-fonts,OFL,True,display,False,,True,7,greek|greek-ext|latin|latin-ext|malayalam|tamil|vietnamese,,Natanael Gama|Joana Correia|Rosalie Wagner,https://fonts.google.com/specimen/Arima,https://github.com/google/fonts/tree/main/ofl/arima,https://github.com/google/fonts/tree/main/ofl/arima
arimo,Arimo,google-fonts,OFL,True,sans-serif,False,,True,8,cyrillic|cyrillic-ext|greek|greek-ext|hebrew|latin|latin-ext|vietnamese,Sans Serif|developer|icons|nerd-font,Steve Matteson,https://fonts.google.com/specimen/Arimo,https://github.com/google/fonts/tree/main/ofl/arimo,https://github.com/google/fonts/tree/main/ofl/arimo
arizonia,Arizonia,google-fonts,OFL,True,handwriting,False,,False,1,latin|latin-ext|vietnamese,,Robert Leuschke,https://fonts.google.com/specimen/Arizonia,https://github.com/google/fonts/tree/main/ofl/arizonia,https://github.com/google/fonts/tree/main/ofl/arizonia
armata,Armata,google-fonts,OFL,True,sans-serif,False,,False,1,latin|latin-ext,Sans Serif,Viktoriya Grabowska,https://fonts.google.com/specimen/Armata,https://github.com/google/fonts/tree/main/ofl/armata,https://github.com/google/fonts/tree/main/ofl/armata
arsenal,Arsenal,google-fonts,OFL,True,sans-serif,False,,False,4,cyrillic|cyrillic-ext|latin|latin-ext|vietnamese,Sans Serif,Andrij Shevchenko,https://fonts.google.com/specimen/Arsenal,https://github.com/google/fonts/tree/main/ofl/arsenal,https://github.com/google/fonts/tree/main/ofl/arsenal
arsenal-sc,Arsenal SC,google-fonts,OFL,True,sans-serif,False,,False,4,cyrillic|cyrillic-ext|latin|latin-ext|vietnamese,Sans Serif,Andrij Shevchenko,https://fonts.google.com/specimen/Arsenal+SC,https://github.com/google/fonts/tree/main/ofl/arsenal-sc,https://github.com/google/fonts/tree/main/ofl/arsenal-sc
artifika,Artifika,google-fonts,OFL,True,serif,False,,False,1,latin,Serif,Cyreal,https://fonts.google.com/specimen/Artifika,https://github.com/google/fonts/tree/main/ofl/artifika,https://github.com/google/fonts/tree/main/ofl/artifika
arya,Arya,google-fonts,OFL,True,sans-serif,False,,False,2,devanagari|latin|latin-ext,Sans Serif,Eduardo Tunni,https://fonts.google.com/specimen/Arya,https://github.com/google/fonts/tree/main/ofl/arya,https://github.com/google/fonts/tree/main/ofl/arya
asap-condensed,Asap Condensed,google-fonts,OFL,True,sans-serif,False,,False,16,latin|latin-ext|vietnamese,Sans Serif,Omnibus-Type,https://fonts.google.com/specimen/Asap+Condensed,https://github.com/google/fonts/tree/main/ofl/asap-condensed,https://github.com/google/fonts/tree/main/ofl/asap-condensed
asar,Asar,google-fonts,OFL,True,serif,False,,False,1,devanagari|latin|latin-ext,Serif,Sorkin Type,https://fonts.google.com/specimen/Asar,https://github.com/google/fonts/tree/main/ofl/asar,https://github.com/google/fonts/tree/main/ofl/asar
asimovian,Asimovian,google-fonts,OFL,True,sans-serif,False,,False,1,latin|latin-ext|vietnamese,Sans Serif,Carolina Short,https://fonts.google.com/specimen/Asimovian,https://github.com/google/fonts/tree/main/ofl/asimovian,https://github.com/google/fonts/tree/main/ofl/asimovian
asset,Asset,google-fonts,OFL,True,display,False,,False,1,cyrillic-ext|latin|latin-ext|math|symbols,Serif,Riccardo De Franceschi|Eben Sorkin,https://fonts.google.com/specimen/Asset,https://github.com/google/fonts/tree/main/ofl/asset,https://github.com/google/fonts/tree/main/ofl/asset
assistant,Assistant,google-fonts,OFL,True,sans-serif,False,,True,7,hebrew|latin|latin-ext,Sans Serif,Adobe Systems Inc.|Ben Nathan,https://fonts.google.com/specimen/Assistant,https://github.com/google/fonts/tree/main/ofl/assistant,https://github.com/google/fonts/tree/main/ofl/assistant
asta-sans,Asta Sans,google-fonts,OFL,True,sans-serif,False,,True,6,korean|latin,Sans Serif,42dot,https://fonts.google.com/specimen/Asta+Sans,https://github.com/google/fonts/tree/main/ofl/asta-sans,https://github.com/google/fonts/tree/main/ofl/asta-sans
astloch,Astloch,google-fonts,OFL,True,display,False,,False,2,latin,,Dan Rhatigan,https://fonts.google.com/specimen/Astloch,https://github.com/google/fonts/tree/main/ofl/astloch,https://github.com/google/fonts/tree/main/ofl/astloch
asul,Asul,google-fonts,OFL,True,serif,False,,False,2,latin,Serif,Mariela Monsalve,https://fonts.google.com/specimen/Asul,https://github.com/google/fonts/tree/main/ofl/asul,https://github.com/google/fonts/tree/main/ofl/asul
athiti,Athiti,google-fonts,OFL,True,sans-serif,False,,False,6,latin|latin-ext|thai|vietnamese,Sans Serif,Cadson Demak,https://fonts.google.com/specimen/Athiti,https://github.com/google/fonts/tree/main/ofl/athiti,https://github.com/google/fonts/tree/main/ofl/athiti
atkinson-hyperlegible,Atkinson Hyperlegible,google-fonts,OFL,True,sans-serif,False,,False,4,latin|latin-ext,Sans Serif,Braille Institute|Applied Design Works|Elliott Scott|Megan Eiswerth|Linus Boman|Theodore Petrosky,https://fonts.google.com/specimen/Atkinson+Hyperlegible,https://github.com/google/fonts/tree/main/ofl/atkinson-hyperlegible,https://github.com/google/fonts/tree/main/ofl/atkinson-hyperlegible
atkinson-hyperlegible-mono,Atkinson Hyperlegible Mono,google-fonts,OFL,True,sans-serif,False,,True,14,latin|latin-ext,Sans Serif,Braille Institute|Applied Design Works|Elliott Scott|Megan Eiswerth|Letters From Sweden,https://fonts.google.com/specimen/Atkinson+Hyperlegible+Mono,https://github.com/google/fonts/tree/main/ofl/atkinson-hyperlegible-mono,https://github.com/google/fonts/tree/main/ofl/atkinson-hyperlegible-mono
atkinson-hyperlegible-next,Atkinson Hyperlegible Next,google-fonts,OFL,True,sans-serif,False,,True,14,latin|latin-ext,Sans Serif,Braille Institute|Applied Design Works|Elliott Scott|Megan Eiswerth|Letters From Sweden,https://fonts.google.com/specimen/Atkinson+Hyperlegible+Next,https://github.com/google/fonts/tree/main/ofl/atkinson-hyperlegible-next,https://github.com/google/fonts/tree/main/ofl/atkinson-hyperlegible-next
nerd-fonts-atkinsonhyperlegiblemono,Atkinsonhyperlegiblemono,nerd-fonts,Mixed,True,monospace,False,,False,1,latin,nerd-font|icons|developer,Ryan L McIntyre (Nerd Fonts Patcher),https://github.com/ryanoasis/nerd-fonts/releases/latest,https://github.com/ryanoasis/nerd-fonts,https://github.com/ryanoasis/nerd-fonts
atma,Atma,google-fonts,OFL,True,display,False,,False,5,bengali|latin|latin-ext,,Black Foundry,https://fonts.google.com/specimen/Atma,https://github.com/google/fonts/tree/main/ofl/atma,https://github.com/google/fonts/tree/main/ofl/atma
atomic-age,Atomic Age,google-fonts,OFL,True,display,False,,False,1,latin|latin-ext,,James Grieshaber,https://fonts.google.com/specimen/Atomic+Age,https://github.com/google/fonts/tree/main/ofl/atomic-age,https://github.com/google/fonts/tree/main/ofl/atomic-age
aubrey,Aubrey,google-fonts,OFL,True,display,False,,False,1,latin,,Cyreal,https://fonts.google.com/specimen/Aubrey,https://github.com/google/fonts/tree/main/ofl/aubrey,https://github.com/google/fonts/tree/main/ofl/aubrey
audiowide,Audiowide,google-fonts,OFL,True,display,False,,False,1,latin|latin-ext,Sans Serif,Astigmatic,https://fonts.google.com/specimen/Audiowide,https://github.com/google/fonts/tree/main/ofl/audiowide,https://github.com/google/fonts/tree/main/ofl/audiowide
autour-one,Autour One,google-fonts,OFL,True,display,False,,False,1,latin|latin-ext,,Sorkin Type,https://fonts.google.com/specimen/Autour+One,https://github.com/google/fonts/tree/main/ofl/autour-one,https://github.com/google/fonts/tree/main/ofl/autour-one
average,Average,google-fonts,OFL,True,serif,False,,False,1,latin|latin-ext,Serif,Eduardo Tunni,https://fonts.google.com/specimen/Average,https://github.com/google/fonts/tree/main/ofl/average,https://github.com/google/fonts/tree/main/ofl/average
average-sans,Average Sans,google-fonts,OFL,True,sans-serif,False,,False,1,latin|latin-ext,Sans Serif,Eduardo Tunni,https://fonts.google.com/specimen/Average+Sans,https://github.com/google/fonts/tree/main/ofl/average-sans,https://github.com/google/fonts/tree/main/ofl/average-sans
averia-gruesa-libre,Averia Gruesa Libre,google-fonts,OFL,True,display,False,,False,1,latin|latin-ext,,Dan Sayers,https://fonts.google.com/specimen/Averia+Gruesa+Libre,https://github.com/google/fonts/tree/main/ofl/averia-gruesa-libre,https://github.com/google/fonts/tree/main/ofl/averia-gruesa-libre
averia-libre,Averia Libre,google-fonts,OFL,True,display,False,,False,6,latin,,Dan Sayers,https://fonts.google.com/specimen/Averia+Libre,https://github.com/google/fonts/tree/main/ofl/averia-libre,https://github.com/google/fonts/tree/main/ofl/averia-libre
averia-sans-libre,Averia Sans Libre,google-fonts,OFL,True,display,False,,False,6,latin,Sans Serif,Dan Sayers,https://fonts.google.com/specimen/Averia+Sans+Libre,https://github.com/google/fonts/tree/main/ofl/averia-sans-libre,https://github.com/google/fonts/tree/main/ofl/averia-sans-libre
averia-serif-libre,Averia Serif Libre,google-fonts,OFL,True,display,False,,False,6,latin,Serif,Dan Sayers,https://fonts.google.com/specimen/Averia+Serif+Libre,https://github.com/google/fonts/tree/main/ofl/averia-serif-libre,https://github.com/google/fonts/tree/main/ofl/averia-serif-libre
b612,B612,google-fonts,OFL,True,sans-serif,False,,False,4,latin,Sans Serif,PolarSys|Nicolas Chauveau|Thomas Paillot|Jonathan Favre-Lamarine|Jean-Luc Vinot,https://fonts.google.com/specimen/B612,https://github.com/google/fonts/tree/main/ofl/b612,https://github.com/google/fonts/tree/main/ofl/b612
b612-mono,B612 Mono,google-fonts,OFL,True,monospace,False,,False,4,latin,Sans Serif,Nicolas Chauveau|Thomas Paillot|Jonathan Favre-Lamarine|Jean-Luc Vinot,https://fonts.google.com/specimen/B612+Mono,https://github.com/google/fonts/tree/main/ofl/b612-mono,https://github.com/google/fonts/tree/main/ofl/b612-mono
babylonica,Babylonica,google-fonts,OFL,True,handwriting,False,,False,1,latin|latin-ext|vietnamese,,Robert Leuschke,https://fonts.google.com/specimen/Babylonica,https://github.com/google/fonts/tree/main/ofl/babylonica,https://github.com/google/fonts/tree/main/ofl/babylonica
bacasime-antique,Bacasime Antique,google-fonts,OFL,True,serif,False,,False,1,latin|latin-ext,Serif,The DocRepair Project|Claus Eggers Sørensen,https://fonts.google.com/specimen/Bacasime+Antique,https://github.com/google/fonts/tree/main/ofl/bacasime-antique,https://github.com/google/fonts/tree/main/ofl/bacasime-antique
bad-script,Bad Script,google-fonts,OFL,True,handwriting,False,,False,1,cyrillic|cyrillic-ext|latin|latin-ext|vietnamese,,Gaslight,https://fonts.google.com/specimen/Bad+Script,https://github.com/google/fonts/tree/main/ofl/bad-script,https://github.com/google/fonts/tree/main/ofl/bad-script
badeen-display,Badeen Display,google-fonts,OFL,True,display,False,,False,1,arabic|latin|latin-ext,,Hani Alasadi,https://fonts.google.com/specimen/Badeen+Display,https://github.com/google/fonts/tree/main/ofl/badeen-display,https://github.com/google/fonts/tree/main/ofl/badeen-display
bagel-fat-one,Bagel Fat One,google-fonts,OFL,True,display,False,,False,1,korean|latin|latin-ext,,Kyungwon Kim|JAMO,https://fonts.google.com/specimen/Bagel+Fat+One,https://github.com/google/fonts/tree/main/ofl/bagel-fat-one,https://github.com/google/fonts/tree/main/ofl/bagel-fat-one
fontsource-bagnard,Bagnard,fontsource,OFL,True,serif,False,,False,1,latin,fontsource|other,,https://fontsource.org/fonts/bagnard,https://fontsource.org/fonts/bagnard,
fontsource-bagnard-sans,Bagnard Sans,fontsource,OFL,True,sans-serif,False,,False,1,latin,fontsource|other,,https://fontsource.org/fonts/bagnard-sans,https://fontsource.org/fonts/bagnard-sans,
bahianita,Bahianita,google-fonts,OFL,True,display,False,,False,1,latin|latin-ext|vietnamese,Sans Serif,Omnibus-Type,https://fonts.google.com/specimen/Bahianita,https://github.com/google/fonts/tree/main/ofl/bahianita,https://github.com/google/fonts/tree/main/ofl/bahianita
bai-jamjuree,Bai Jamjuree,google-fonts,OFL,True,sans-serif,False,,False,12,latin|latin-ext|thai|vietnamese,Sans Serif,Cadson Demak,https://fonts.google.com/specimen/Bai+Jamjuree,https://github.com/google/fonts/tree/main/ofl/bai-jamjuree,https://github.com/google/fonts/tree/main/ofl/bai-jamjuree
bakbak-one,Bakbak One,google-fonts,OFL,True,display,False,,False,1,devanagari|latin|latin-ext,Sans Serif,Saumya Kishore|Sanchit Sawaria,https://fonts.google.com/specimen/Bakbak+One,https://github.com/google/fonts/tree/main/ofl/bakbak-one,https://github.com/google/fonts/tree/main/ofl/bakbak-one
baloo-2,Baloo 2,google-fonts,OFL,True,display,False,,True,5,devanagari|latin|latin-ext|vietnamese,Sans Serif,Ek Type,https://fonts.google.com/specimen/Baloo+2,https://github.com/google/fonts/tree/main/ofl/baloo-2,https://github.com/google/fonts/tree/main/ofl/baloo-2
baloo-bhai-2,Baloo Bhai 2,google-fonts,OFL,True,display,False,,True,5,gujarati|latin|latin-ext|vietnamese,Sans Serif,Ek Type,https://fonts.google.com/specimen/Baloo+Bhai+2,https://github.com/google/fonts/tree/main/ofl/baloo-bhai-2,https://github.com/google/fonts/tree/main/ofl/baloo-bhai-2
baloo-bhaijaan-2,Baloo Bhaijaan 2,google-fonts,OFL,True,display,False,,True,5,arabic|latin|latin-ext|vietnamese,Sans Serif,Ek Type,https://fonts.google.com/specimen/Baloo+Bhaijaan+2,https://github.com/google/fonts/tree/main/ofl/baloo-bhaijaan-2,https://github.com/google/fonts/tree/main/ofl/baloo-bhaijaan-2
baloo-bhaina-2,Baloo Bhaina 2,google-fonts,OFL,True,display,False,,True,5,latin|latin-ext|oriya|vietnamese,Sans Serif,Ek Type,https://fonts.google.com/specimen/Baloo+Bhaina+2,https://github.com/google/fonts/tree/main/ofl/baloo-bhaina-2,https://github.com/google/fonts/tree/main/ofl/baloo-bhaina-2
baloo-chettan-2,Baloo Chettan 2,google-fonts,OFL,True,display,False,,True,5,latin|latin-ext|malayalam|vietnamese,Sans Serif,Ek Type,https://fonts.google.com/specimen/Baloo+Chettan+2,https://github.com/google/fonts/tree/main/ofl/baloo-chettan-2,https://github.com/google/fonts/tree/main/ofl/baloo-chettan-2
baloo-da-2,Baloo Da 2,google-fonts,OFL,True,display,False,,True,5,bengali|latin|latin-ext|vietnamese,Sans Serif,Ek Type,https://fonts.google.com/specimen/Baloo+Da+2,https://github.com/google/fonts/tree/main/ofl/baloo-da-2,https://github.com/google/fonts/tree/main/ofl/baloo-da-2
baloo-paaji-2,Baloo Paaji 2,google-fonts,OFL,True,display,False,,True,5,gurmukhi|latin|latin-ext|vietnamese,Sans Serif,Ek Type,https://fonts.google.com/specimen/Baloo+Paaji+2,https://github.com/google/fonts/tree/main/ofl/baloo-paaji-2,https://github.com/google/fonts/tree/main/ofl/baloo-paaji-2
baloo-tamma-2,Baloo Tamma 2,google-fonts,OFL,True,display,False,,True,5,kannada|latin|latin-ext|vietnamese,,Ek Type,https://fonts.google.com/specimen/Baloo+Tamma+2,https://github.com/google/fonts/tree/main/ofl/baloo-tamma-2,https://github.com/google/fonts/tree/main/ofl/baloo-tamma-2
baloo-tammudu-2,Baloo Tammudu 2,google-fonts,OFL,True,display,False,,True,5,latin|latin-ext|telugu|vietnamese,,Ek Type,https://fonts.google.com/specimen/Baloo+Tammudu+2,https://github.com/google/fonts/tree/main/ofl/baloo-tammudu-2,https://github.com/google/fonts/tree/main/ofl/baloo-tammudu-2
baloo-thambi-2,Baloo Thambi 2,google-fonts,OFL,True,display,False,,True,5,latin|latin-ext|tamil|vietnamese,,Ek Type,https://fonts.google.com/specimen/Baloo+Thambi+2,https://github.com/google/fonts/tree/main/ofl/baloo-thambi-2,https://github.com/google/fonts/tree/main/ofl/baloo-thambi-2
balsamiq-sans,Balsamiq Sans,google-fonts,OFL,True,display,False,,False,4,cyrillic|cyrillic-ext|latin|latin-ext,Sans Serif,Michael Angeles,https://fonts.google.com/specimen/Balsamiq+Sans,https://github.com/google/fonts/tree/main/ofl/balsamiq-sans,https://github.com/google/fonts/tree/main/ofl/balsamiq-sans
balthazar,Balthazar,google-fonts,OFL,True,serif,False,,False,1,latin,Serif,Dario Manuel Muhafara,https://fonts.google.com/specimen/Balthazar,https://github.com/google/fonts/tree/main/ofl/balthazar,https://github.com/google/fonts/tree/main/ofl/balthazar
bangers,Bangers,google-fonts,OFL,True,display,False,,False,1,latin|latin-ext|vietnamese,,Vernon Adams,https://fonts.google.com/specimen/Bangers,https://github.com/google/fonts/tree/main/ofl/bangers,https://github.com/google/fonts/tree/main/ofl/bangers
barlow-condensed,Barlow Condensed,google-fonts,OFL,True,sans-serif,False,,False,18,latin|latin-ext|vietnamese,Sans Serif,Jeremy Tribby,https://fonts.google.com/specimen/Barlow+Condensed,https://github.com/google/fonts/tree/main/ofl/barlow-condensed,https://github.com/google/fonts/tree/main/ofl/barlow-condensed
barlow-semi-condensed,Barlow Semi Condensed,google-fonts,OFL,True,sans-serif,False,,False,18,latin|latin-ext|vietnamese,Sans Serif,Jeremy Tribby,https://fonts.google.com/specimen/Barlow+Semi+Condensed,https://github.com/google/fonts/tree/main/ofl/barlow-semi-condensed,https://github.com/google/fonts/tree/main/ofl/barlow-semi-condensed
barriecito,Barriecito,google-fonts,OFL,True,display,False,,False,1,latin|latin-ext|vietnamese,,Omnibus-Type,https://fonts.google.com/specimen/Barriecito,https://github.com/google/fonts/tree/main/ofl/barriecito,https://github.com/google/fonts/tree/main/ofl/barriecito
basic,Basic,google-fonts,OFL,True,sans-serif,False,,False,1,latin|latin-ext,Sans Serif,Magnus Gaarde,https://fonts.google.com/specimen/Basic,https://github.com/google/fonts/tree/main/ofl/basic,https://github.com/google/fonts/tree/main/ofl/basic
baskervville,Baskervville,google-fonts,OFL,True,serif,False,,True,8,latin|latin-ext,Serif,ANRT,https://fonts.google.com/specimen/Baskervville,https://github.com/google/fonts/tree/main/ofl/baskervville,https://github.com/google/fonts/tree/main/ofl/baskervville
baskervville-sc,Baskervville SC,google-fonts,OFL,True,serif,False,,True,4,latin|latin-ext,Serif,ANRT,https://fonts.google.com/specimen/Baskervville+SC,https://github.com/google/fonts/tree/main/ofl/baskervville-sc,https://github.com/google/fonts/tree/main/ofl/baskervville-sc
battambang,Battambang,google-fonts,OFL,True,display,False,,False,5,khmer|latin,,Danh Hong,https://fonts.google.com/specimen/Battambang,https://github.com/google/fonts/tree/main/ofl/battambang,https://github.com/google/fonts/tree/main/ofl/battambang
baumans,Baumans,google-fonts,OFL,True,display,False,,False,1,latin,,Cyreal,https://fonts.google.com/specimen/Baumans,https://github.com/google/fonts/tree/main/ofl/baumans,https://github.com/google/fonts/tree/main/ofl/baumans
bayon,Bayon,google-fonts,OFL,True,sans-serif,False,,False,1,khmer|latin,Sans Serif,Danh Hong,https://fonts.google.com/specimen/Bayon,https://github.com/google/fonts/tree/main/ofl/bayon,https://github.com/google/fonts/tree/main/ofl/bayon
bbh-bartle,BBH Bartle,google-fonts,OFL,True,sans-serif,False,,False,1,latin,Sans Serif,Studio DRAMA,https://fonts.google.com/specimen/BBH+Bartle,https://github.com/google/fonts/tree/main/ofl/bbh-bartle,https://github.com/google/fonts/tree/main/ofl/bbh-bartle
bbh-bogle,BBH Bogle,google-fonts,OFL,True,sans-serif,False,,False,1,latin,Sans Serif,Studio DRAMA,https://fonts.google.com/specimen/BBH+Bogle,https://github.com/google/fonts/tree/main/ofl/bbh-bogle,https://github.com/google/fonts/tree/main/ofl/bbh-bogle
bbh-hegarty,BBH Hegarty,google-fonts,OFL,True,sans-serif,False,,False,1,latin,Sans Serif,Studio DRAMA,https://fonts.google.com/specimen/BBH+Hegarty,https://github.com/google/fonts/tree/main/ofl/bbh-hegarty,https://github.com/google/fonts/tree/main/ofl/bbh-hegarty
beau-rivage,Beau Rivage,google-fonts,OFL,True,handwriting,False,,False,1,latin|latin-ext|vietnamese,,Robert Leuschke,https://fonts.google.com/specimen/Beau+Rivage,https://github.com/google/fonts/tree/main/ofl/beau-rivage,https://github.com/google/fonts/tree/main/ofl/beau-rivage
beiruti,Beiruti,google-fonts,OFL,True,sans-serif,False,,True,8,arabic|latin|latin-ext|vietnamese,Sans Serif,Boutros Fonts|Arlette Boutros|Volker Schnebel,https://fonts.google.com/specimen/Beiruti,https://github.com/google/fonts/tree/main/ofl/beiruti,https://github.com/google/fonts/tree/main/ofl/beiruti
belanosima,Belanosima,google-fonts,OFL,True,sans-serif,False,,False,3,latin|latin-ext,Sans Serif,The DocRepair Project|Santiago Orozco,https://fonts.google.com/specimen/Belanosima,https://github.com/google/fonts/tree/main/ofl/belanosima,https://github.com/google/fonts/tree/main/ofl/belanosima
belgrano,Belgrano,google-fonts,OFL,True,serif,False,,False,1,latin,Serif,LatinoType,https://fonts.google.com/specimen/Belgrano,https://github.com/google/fonts/tree/main/ofl/belgrano,https://github.com/google/fonts/tree/main/ofl/belgrano
bellefair,Bellefair,google-fonts,OFL,True,serif,False,,False,1,hebrew|latin|latin-ext,Serif,Nick Shinn|Liron Lavi Turkenic,https://fonts.google.com/specimen/Bellefair,https://github.com/google/fonts/tree/main/ofl/bellefair,https://github.com/google/fonts/tree/main/ofl/bellefair
belleza,Belleza,google-fonts,OFL,True,sans-serif,False,,False,1,latin|latin-ext,Sans Serif,Eduardo Tunni,https://fonts.google.com/specimen/Belleza,https://github.com/google/fonts/tree/main/ofl/belleza,https://github.com/google/fonts/tree/main/ofl/belleza
bellota,Bellota,google-fonts,OFL,True,display,False,,False,6,cyrillic|latin|latin-ext|vietnamese,,Kemie Guaida,https://fonts.google.com/specimen/Bellota,https://github.com/google/fonts/tree/main/ofl/bellota,https://github.com/google/fonts/tree/main/ofl/bellota
bellota-text,Bellota Text,google-fonts,OFL,True,display,False,,False,6,cyrillic|latin|latin-ext|vietnamese,Sans Serif,Kemie Guaida,https://fonts.google.com/specimen/Bellota+Text,https://github.com/google/fonts/tree/main/ofl/bellota-text,https://github.com/google/fonts/tree/main/ofl/bellota-text
benchnine,BenchNine,google-fonts,OFL,True,sans-serif,False,,False,3,latin|latin-ext,Sans Serif,Vernon Adams,https://fonts.google.com/specimen/BenchNine,https://github.com/google/fonts/tree/main/ofl/benchnine,https://github.com/google/fonts/tree/main/ofl/benchnine
benne,Benne,google-fonts,OFL,True,serif,False,,False,1,kannada|latin|latin-ext,Serif,John Harrington,https://fonts.google.com/specimen/Benne,https://github.com/google/fonts/tree/main/ofl/benne,https://github.com/google/fonts/tree/main/ofl/benne
bentham,Bentham,google-fonts,OFL,True,serif,False,,False,1,latin|latin-ext,Serif,Ben Weiner,https://fonts.google.com/specimen/Bentham,https://github.com/google/fonts/tree/main/ofl/bentham,https://github.com/google/fonts/tree/main/ofl/bentham
berkshire-swash,Berkshire Swash,google-fonts,OFL,True,handwriting,False,,False,1,latin|latin-ext,Serif,Astigmatic,https://fonts.google.com/specimen/Berkshire+Swash,https://github.com/google/fonts/tree/main/ofl/berkshire-swash,https://github.com/google/fonts/tree/main/ofl/berkshire-swash
besley,Besley,google-fonts,OFL,True,serif,False,,True,12,latin|latin-ext,Slab Serif,Owen Earl,https://fonts.google.com/specimen/Besley,https://github.com/google/fonts/tree/main/ofl/besley,https://github.com/google/fonts/tree/main/ofl/besley
betania-patmos,Betania Patmos,google-fonts,OFL,True,handwriting,False,,False,1,latin|latin-ext,,Carolina Giovagnoli,https://fonts.google.com/specimen/Betania+Patmos,https://github.com/google/fonts/tree/main/ofl/betania-patmos,https://github.com/google/fonts/tree/main/ofl/betania-patmos
betania-patmos-gdl,Betania Patmos GDL,google-fonts,OFL,True,handwriting,False,,False,1,latin|latin-ext,,Carolina Giovagnoli,https://fonts.google.com/specimen/Betania+Patmos+GDL,https://github.com/google/fonts/tree/main/ofl/betania-patmos-gdl,https://github.com/google/fonts/tree/main/ofl/betania-patmos-gdl
betania-patmos-in,Betania Patmos In,google-fonts,OFL,True,handwriting,False,,False,1,latin|latin-ext,,Carolina Giovagnoli,https://fonts.google.com/specimen/Betania+Patmos+In,https://github.com/google/fonts/tree/main/ofl/betania-patmos-in,https://github.com/google/fonts/tree/main/ofl/betania-patmos-in
betania-patmos-in-gdl,Betania Patmos In GDL,google-fonts,OFL,True,handwriting,False,,False,1,latin|latin-ext,,Carolina Giovagnoli,https://fonts.google.com/specimen/Betania+Patmos+In+GDL,https://github.com/google/fonts/tree/main/ofl/betania-patmos-in-gdl,https://github.com/google/fonts/tree/main/ofl/betania-patmos-in-gdl
beth-ellen,Beth Ellen,google-fonts,OFL,True,handwriting,False,,False,1,latin,,Rob Jelinski|Alyson Fraser Diaz,https://fonts.google.com/specimen/Beth+Ellen,https://github.com/google/fonts/tree/main/ofl/beth-ellen,https://github.com/google/fonts/tree/main/ofl/beth-ellen
bevan,Bevan,google-fonts,OFL,True,serif,False,,False,2,latin|latin-ext|vietnamese,Slab Serif,Vernon Adams,https://fonts.google.com/specimen/Bevan,https://github.com/google/fonts/tree/main/ofl/bevan,https://github.com/google/fonts/tree/main/ofl/bevan
bhutuka-expanded-one,BhuTuka Expanded One,google-fonts,OFL,True,serif,False,,False,1,gurmukhi|latin|latin-ext,Slab Serif,Erin McLaughlin,https://fonts.google.com/specimen/BhuTuka+Expanded+One,https://github.com/google/fonts/tree/main/ofl/bhutuka-expanded-one,https://github.com/google/fonts/tree/main/ofl/bhutuka-expanded-one
nerd-fonts-big-blue-terminal,Big Blue Terminal,nerd-fonts,Mixed,True,monospace,False,,False,1,latin,nerd-font|icons|developer,Ryan L McIntyre (Nerd Fonts Patcher),https://github.com/ryanoasis/nerd-fonts/releases/latest,https://github.com/ryanoasis/nerd-fonts,https://github.com/ryanoasis/nerd-fonts
big-shoulders,Big Shoulders,google-fonts,OFL,True,display,False,,True,9,latin|latin-ext|vietnamese,Sans Serif,Patric King,https://fonts.google.com/specimen/Big+Shoulders,https://github.com/google/fonts/tree/main/ofl/big-shoulders,https://github.com/google/fonts/tree/main/ofl/big-shoulders
big-shoulders-inline,Big Shoulders Inline,google-fonts,OFL,True,display,False,,True,9,latin|latin-ext|vietnamese,Sans Serif,Patric King,https://fonts.google.com/specimen/Big+Shoulders+Inline,https://github.com/google/fonts/tree/main/ofl/big-shoulders-inline,https://github.com/google/fonts/tree/main/ofl/big-shoulders-inline
big-shoulders-stencil,Big Shoulders Stencil,google-fonts,OFL,True,display,False,,True,9,latin|latin-ext|vietnamese,Sans Serif,Patric King,https://fonts.google.com/specimen/Big+Shoulders+Stencil,https://github.com/google/fonts/tree/main/ofl/big-shoulders-stencil,https://github.com/google/fonts/tree/main/ofl/big-shoulders-stencil
bigelow-rules,Bigelow Rules,google-fonts,OFL,True,display,False,,False,1,latin|latin-ext,Serif,Astigmatic,https://fonts.google.com/specimen/Bigelow+Rules,https://github.com/google/fonts/tree/main/ofl/bigelow-rules,https://github.com/google/fonts/tree/main/ofl/bigelow-rules
bigshot-one,Bigshot One,google-fonts,OFL,True,display,False,,False,1,latin,Serif,Gesine Todt,https://fonts.google.com/specimen/Bigshot+One,https://github.com/google/fonts/tree/main/ofl/bigshot-one,https://github.com/google/fonts/tree/main/ofl/bigshot-one
bilbo,Bilbo,google-fonts,OFL,True,handwriting,False,,False,1,latin|latin-ext|vietnamese,,Robert Leuschke,https://fonts.google.com/specimen/Bilbo,https://github.com/google/fonts/tree/main/ofl/bilbo,https://github.com/google/fonts/tree/main/ofl/bilbo
bilbo-swash-caps,Bilbo Swash Caps,google-fonts,OFL,True,handwriting,False,,False,1,latin|latin-ext,,TypeSETit,https://fonts.google.com/specimen/Bilbo+Swash+Caps,https://github.com/google/fonts/tree/main/ofl/bilbo-swash-caps,https://github.com/google/fonts/tree/main/ofl/bilbo-swash-caps
biorhyme,BioRhyme,google-fonts,OFL,True,serif,False,,True,7,latin|latin-ext,Slab Serif,Aoife Mooney,https://fonts.google.com/specimen/BioRhyme,https://github.com/google/fonts/tree/main/ofl/biorhyme,https://github.com/google/fonts/tree/main/ofl/biorhyme
biorhyme-expanded,BioRhyme Expanded,google-fonts,OFL,True,serif,False,,False,5,latin|latin-ext,Slab Serif,Aoife Mooney,https://fonts.google.com/specimen/BioRhyme+Expanded,https://github.com/google/fonts/tree/main/ofl/biorhyme-expanded,https://github.com/google/fonts/tree/main/ofl/biorhyme-expanded
birthstone,Birthstone,google-fonts,OFL,True,handwriting,False,,False,1,latin|latin-ext|vietnamese,,Robert Leuschke,https://fonts.google.com/specimen/Birthstone,https://github.com/google/fonts/tree/main/ofl/birthstone,https://github.com/google/fonts/tree/main/ofl/birthstone
birthstone-bounce,Birthstone Bounce,google-fonts,OFL,True,handwriting,False,,False,2,latin|latin-ext|vietnamese,,Robert Leuschke,https://fonts.google.com/specimen/Birthstone+Bounce,https://github.com/google/fonts/tree/main/ofl/birthstone-bounce,https://github.com/google/fonts/tree/main/ofl/birthstone-bounce
biryani,Biryani,google-fonts,OFL,True,sans-serif,False,,False,7,devanagari|latin|latin-ext,Sans Serif,Dan Reynolds|Mathieu Réguer,https://fonts.google.com/specimen/Biryani,https://github.com/google/fonts/tree/main/ofl/biryani,https://github.com/google/fonts/tree/main/ofl/biryani
bitcount,Bitcount,google-fonts,OFL,True,display,False,,True,9,latin|latin-ext,,Petr van Blokland,https://fonts.google.com/specimen/Bitcount,https://github.com/google/fonts/tree/main/ofl/bitcount,https://github.com/google/fonts/tree/main/ofl/bitcount
bitcount-grid-double,Bitcount Grid Double,google-fonts,OFL,True,display,False,,True,9,latin|latin-ext,,Petr van Blokland,https://fonts.google.com/specimen/Bitcount+Grid+Double,https://github.com/google/fonts/tree/main/ofl/bitcount-grid-double,https://github.com/google/fonts/tree/main/ofl/bitcount-grid-double
bitcount-grid-double-ink,Bitcount Grid Double Ink,google-fonts,OFL,True,display,False,,True,9,latin|latin-ext,,Petr van Blokland,https://fonts.google.com/specimen/Bitcount+Grid+Double+Ink,https://github.com/google/fonts/tree/main/ofl/bitcount-grid-double-ink,https://github.com/google/fonts/tree/main/ofl/bitcount-grid-double-ink
bitcount-grid-single,Bitcount Grid Single,google-fonts,OFL,True,display,False,,True,9,latin|latin-ext,,Petr van Blokland,https://fonts.google.com/specimen/Bitcount+Grid+Single,https://github.com/google/fonts/tree/main/ofl/bitcount-grid-single,https://github.com/google/fonts/tree/main/ofl/bitcount-grid-single
bitcount-grid-single-ink,Bitcount Grid Single Ink,google-fonts,OFL,True,display,False,,True,9,latin|latin-ext,,Petr van Blokland,https://fonts.google.com/specimen/Bitcount+Grid+Single+Ink,https://github.com/google/fonts/tree/main/ofl/bitcount-grid-single-ink,https://github.com/google/fonts/tree/main/ofl/bitcount-grid-single-ink
bitcount-ink,Bitcount Ink,google-fonts,OFL,True,display,False,,True,9,latin|latin-ext,,Petr van Blokland,https://fonts.google.com/specimen/Bitcount+Ink,https://github.com/google/fonts/tree/main/ofl/bitcount-ink,https://github.com/google/fonts/tree/main/ofl/bitcount-ink
bitcount-prop-double,Bitcount Prop Double,google-fonts,OFL,True,display,False,,True,9,latin|latin-ext,,Petr van Blokland,https://fonts.google.com/specimen/Bitcount+Prop+Double,https://github.com/google/fonts/tree/main/ofl/bitcount-prop-double,https://github.com/google/fonts/tree/main/ofl/bitcount-prop-double
bitcount-prop-double-ink,Bitcount Prop Double Ink,google-fonts,OFL,True,display,False,,True,9,latin|latin-ext,,Petr van Blokland,https://fonts.google.com/specimen/Bitcount+Prop+Double+Ink,https://github.com/google/fonts/tree/main/ofl/bitcount-prop-double-ink,https://github.com/google/fonts/tree/main/ofl/bitcount-prop-double-ink
bitcount-prop-single,Bitcount Prop Single,google-fonts,OFL,True,display,False,,True,9,latin|latin-ext,,Petr van Blokland,https://fonts.google.com/specimen/Bitcount+Prop+Single,https://github.com/google/fonts/tree/main/ofl/bitcount-prop-single,https://github.com/google/fonts/tree/main/ofl/bitcount-prop-single
bitcount-prop-single-ink,Bitcount Prop Single Ink,google-fonts,OFL,True,display,False,,True,9,latin|latin-ext,,Petr van Blokland,https://fonts.google.com/specimen/Bitcount+Prop+Single+Ink,https://github.com/google/fonts/tree/main/ofl/bitcount-prop-single-ink,https://github.com/google/fonts/tree/main/ofl/bitcount-prop-single-ink
bitcount-single,Bitcount Single,google-fonts,OFL,True,display,False,,True,9,latin|latin-ext,,Petr van Blokland,https://fonts.google.com/specimen/Bitcount+Single,https://github.com/google/fonts/tree/main/ofl/bitcount-single,https://github.com/google/fonts/tree/main/ofl/bitcount-single
bitcount-single-ink,Bitcount Single Ink,google-fonts,OFL,True,display,False,,True,9,latin|latin-ext,,Petr van Blokland,https://fonts.google.com/specimen/Bitcount+Single+Ink,https://github.com/google/fonts/tree/main/ofl/bitcount-single-ink,https://github.com/google/fonts/tree/main/ofl/bitcount-single-ink
biz-udgothic,BIZ UDGothic,google-fonts,OFL,True,sans-serif,False,,False,2,cyrillic|greek-ext|japanese|latin|latin-ext,Sans Serif,Type Bank Co.|Morisawa Inc.,https://fonts.google.com/specimen/BIZ+UDGothic,https://github.com/google/fonts/tree/main/ofl/biz-udgothic,https://github.com/google/fonts/tree/main/ofl/biz-udgothic
biz-udmincho,BIZ UDMincho,google-fonts,OFL,True,serif,False,,False,2,cyrillic|greek-ext|japanese|latin|latin-ext,Serif,Type Bank Co.|Morisawa Inc.,https://fonts.google.com/specimen/BIZ+UDMincho,https://github.com/google/fonts/tree/main/ofl/biz-udmincho,https://github.com/google/fonts/tree/main/ofl/biz-udmincho
biz-udpgothic,BIZ UDPGothic,google-fonts,OFL,True,sans-serif,False,,False,2,cyrillic|greek-ext|japanese|latin|latin-ext,Sans Serif,Type Bank Co.|Morisawa Inc.,https://fonts.google.com/specimen/BIZ+UDPGothic,https://github.com/google/fonts/tree/main/ofl/biz-udpgothic,https://github.com/google/fonts/tree/main/ofl/biz-udpgothic
biz-udpmincho,BIZ UDPMincho,google-fonts,OFL,True,serif,False,,False,2,cyrillic|greek-ext|japanese|latin|latin-ext,Serif,Type Bank Co.|Morisawa Inc.,https://fonts.google.com/specimen/BIZ+UDPMincho,https://github.com/google/fonts/tree/main/ofl/biz-udpmincho,https://github.com/google/fonts/tree/main/ofl/biz-udpmincho
bjcree,BJCree,google-fonts,OFL,True,serif,False,,False,4,canadian-aboriginal|latin,Serif,SIL International,https://fonts.google.com/specimen/BJCree,https://github.com/google/fonts/tree/main/ofl/bjcree,https://github.com/google/fonts/tree/main/ofl/bjcree
black-and-white-picture,Black And White Picture,google-fonts,OFL,True,display,False,,False,1,korean|latin,,AsiaSoft Inc.,https://fonts.google.com/specimen/Black+And+White+Picture,https://github.com/google/fonts/tree/main/ofl/black-and-white-picture,https://github.com/google/fonts/tree/main/ofl/black-and-white-picture
black-han-sans,Black Han Sans,google-fonts,OFL,True,sans-serif,False,,False,1,korean|latin,Sans Serif,Zess Type,https://fonts.google.com/specimen/Black+Han+Sans,https://github.com/google/fonts/tree/main/ofl/black-han-sans,https://github.com/google/fonts/tree/main/ofl/black-han-sans
black-ops-one,Black Ops One,google-fonts,OFL,True,display,False,,False,1,cyrillic-ext|latin|latin-ext|vietnamese,,James Grieshaber|Eben Sorkin,https://fonts.google.com/specimen/Black+Ops+One,https://github.com/google/fonts/tree/main/ofl/black-ops-one,https://github.com/google/fonts/tree/main/ofl/black-ops-one
fontsource-blackout-midnight,Blackout Midnight,fontsource,OFL,True,display,False,,False,1,latin,fontsource|other,,https://fontsource.org/fonts/blackout-midnight,https://fontsource.org/fonts/blackout-midnight,
fontsource-blackout-sunrise,Blackout Sunrise,fontsource,OFL,True,display,False,,False,1,latin,fontsource|other,,https://fontsource.org/fonts/blackout-sunrise,https://fontsource.org/fonts/blackout-sunrise,
fontsource-blackout-two-am,Blackout Two AM,fontsource,OFL,True,display,False,,False,1,latin,fontsource|other,,https://fontsource.org/fonts/blackout-two-am,https://fontsource.org/fonts/blackout-two-am,
blaka,Blaka,google-fonts,OFL,True,display,False,,False,1,arabic|latin|latin-ext,,Mohamed Gaber,https://fonts.google.com/specimen/Blaka,https://github.com/google/fonts/tree/main/ofl/blaka,https://github.com/google/fonts/tree/main/ofl/blaka
blaka-hollow,Blaka Hollow,google-fonts,OFL,True,display,False,,False,1,arabic|latin|latin-ext,,Mohamed Gaber,https://fonts.google.com/specimen/Blaka+Hollow,https://github.com/google/fonts/tree/main/ofl/blaka-hollow,https://github.com/google/fonts/tree/main/ofl/blaka-hollow
blaka-ink,Blaka Ink,google-fonts,OFL,True,display,False,,False,1,arabic|latin|latin-ext,,Mohamed Gaber,https://fonts.google.com/specimen/Blaka+Ink,https://github.com/google/fonts/tree/main/ofl/blaka-ink,https://github.com/google/fonts/tree/main/ofl/blaka-ink
blinker,Blinker,google-fonts,OFL,True,sans-serif,False,,False,8,latin|latin-ext,Sans Serif,Juergen Huber,https://fonts.google.com/specimen/Blinker,https://github.com/google/fonts/tree/main/ofl/blinker,https://github.com/google/fonts/tree/main/ofl/blinker
fontsource-bluu-next,Bluu Next,fontsource,OFL,True,sans-serif,False,,False,2,latin,fontsource|other|serif,,https://fontsource.org/fonts/bluu-next,https://fontsource.org/fonts/bluu-next,
bodoni-moda,Bodoni Moda,google-fonts,OFL,True,serif,False,,True,12,latin|latin-ext|math|symbols,Serif,Owen Earl,https://fonts.google.com/specimen/Bodoni+Moda,https://github.com/google/fonts/tree/main/ofl/bodoni-moda,https://github.com/google/fonts/tree/main/ofl/bodoni-moda
bodoni-moda-sc,Bodoni Moda SC,google-fonts,OFL,True,serif,False,,True,12,latin|latin-ext|math|symbols,Serif,Owen Earl,https://fonts.google.com/specimen/Bodoni+Moda+SC,https://github.com/google/fonts/tree/main/ofl/bodoni-moda-sc,https://github.com/google/fonts/tree/main/ofl/bodoni-moda-sc
bokor,Bokor,google-fonts,OFL,True,display,False,,False,1,khmer|latin,,Danh Hong,https://fonts.google.com/specimen/Bokor,https://github.com/google/fonts/tree/main/ofl/bokor,https://github.com/google/fonts/tree/main/ofl/bokor
boldonse,Boldonse,google-fonts,OFL,True,display,False,,False,1,latin|latin-ext,,Universitype,https://fonts.google.com/specimen/Boldonse,https://github.com/google/fonts/tree/main/ofl/boldonse,https://github.com/google/fonts/tree/main/ofl/boldonse
bona-nova,Bona Nova,google-fonts,OFL,True,serif,False,,False,3,cyrillic|cyrillic-ext|greek|hebrew|latin|latin-ext|vietnamese,Serif,Capitalics|Mateusz Machalski|Andrzej Heidrich,https://fonts.google.com/specimen/Bona+Nova,https://github.com/google/fonts/tree/main/ofl/bona-nova,https://github.com/google/fonts/tree/main/ofl/bona-nova
bona-nova-sc,Bona Nova SC,google-fonts,OFL,True,serif,False,,False,3,cyrillic|cyrillic-ext|greek|hebrew|latin|latin-ext|vietnamese,Serif,Capitalics|Mateusz Machalski|Andrzej Heidrich,https://fonts.google.com/specimen/Bona+Nova+SC,https://github.com/google/fonts/tree/main/ofl/bona-nova-sc,https://github.com/google/fonts/tree/main/ofl/bona-nova-sc
bonbon,Bonbon,google-fonts,OFL,True,handwriting,False,,False,1,latin,,Cyreal,https://fonts.google.com/specimen/Bonbon,https://github.com/google/fonts/tree/main/ofl/bonbon,https://github.com/google/fonts/tree/main/ofl/bonbon
bonheur-royale,Bonheur Royale,google-fonts,OFL,True,handwriting,False,,False,1,latin|latin-ext|vietnamese,,Robert Leuschke,https://fonts.google.com/specimen/Bonheur+Royale,https://github.com/google/fonts/tree/main/ofl/bonheur-royale,https://github.com/google/fonts/tree/main/ofl/bonheur-royale
boogaloo,Boogaloo,google-fonts,OFL,True,display,False,,False,1,latin,Sans Serif,John Vargas Beltrán,https://fonts.google.com/specimen/Boogaloo,https://github.com/google/fonts/tree/main/ofl/boogaloo,https://github.com/google/fonts/tree/main/ofl/boogaloo
borel,Borel,google-fonts,OFL,True,handwriting,False,,False,1,latin|latin-ext|math|symbols|vietnamese,Sans Serif,Rosalie Wagner,https://fonts.google.com/specimen/Borel,https://github.com/google/fonts/tree/main/ofl/borel,https://github.com/google/fonts/tree/main/ofl/borel
bowlby-one,Bowlby One,google-fonts,OFL,True,display,False,,False,1,latin,Sans Serif,Vernon Adams,https://fonts.google.com/specimen/Bowlby+One,https://github.com/google/fonts/tree/main/ofl/bowlby-one,https://github.com/google/fonts/tree/main/ofl/bowlby-one
bowlby-one-sc,Bowlby One SC,google-fonts,OFL,True,display,False,,False,1,latin|latin-ext,Sans Serif,Vernon Adams,https://fonts.google.com/specimen/Bowlby+One+SC,https://github.com/google/fonts/tree/main/ofl/bowlby-one-sc,https://github.com/google/fonts/tree/main/ofl/bowlby-one-sc
bpmf-huninn,Bpmf Huninn,google-fonts,OFL,True,sans-serif,False,,False,1,chinese-traditional|latin|latin-ext,Sans Serif,But Ko|justfont,https://fonts.google.com/specimen/Bpmf+Huninn,https://github.com/google/fonts/tree/main/ofl/bpmf-huninn,https://github.com/google/fonts/tree/main/ofl/bpmf-huninn
bpmf-iansui,Bpmf Iansui,google-fonts,OFL,True,handwriting,False,,False,1,chinese-traditional|latin|latin-ext,,But Ko,https://fonts.google.com/specimen/Bpmf+Iansui,https://github.com/google/fonts/tree/main/ofl/bpmf-iansui,https://github.com/google/fonts/tree/main/ofl/bpmf-iansui
bpmf-zihi-kai-std,Bpmf Zihi Kai Std,google-fonts,OFL,True,sans-serif,False,,False,1,chinese-traditional|latin|latin-ext,Sans Serif,But Ko,https://fonts.google.com/specimen/Bpmf+Zihi+Kai+Std,https://github.com/google/fonts/tree/main/ofl/bpmf-zihi-kai-std,https://github.com/google/fonts/tree/main/ofl/bpmf-zihi-kai-std
braah-one,Braah One,google-fonts,OFL,True,sans-serif,False,,False,1,gurmukhi|latin|latin-ext|vietnamese,Sans Serif,Ashish Kumar,https://fonts.google.com/specimen/Braah+One,https://github.com/google/fonts/tree/main/ofl/braah-one,https://github.com/google/fonts/tree/main/ofl/braah-one
fontsource-bravura,Bravura,fontsource,OFL,True,sans-serif,False,,False,1,latin,fontsource|other,,https://fontsource.org/fonts/bravura,https://fontsource.org/fonts/bravura,
fontsource-bravura-text,Bravura Text,fontsource,OFL,True,sans-serif,False,,False,1,latin,fontsource|other,,https://fontsource.org/fonts/bravura-text,https://fontsource.org/fonts/bravura-text,
brawler,Brawler,google-fonts,OFL,True,serif,False,,False,2,latin,Serif,Cyreal,https://fonts.google.com/specimen/Brawler,https://github.com/google/fonts/tree/main/ofl/brawler,https://github.com/google/fonts/tree/main/ofl/brawler
bree-serif,Bree Serif,google-fonts,OFL,True,serif,False,,False,1,latin|latin-ext,Serif,TypeTogether,https://fonts.google.com/specimen/Bree+Serif,https://github.com/google/fonts/tree/main/ofl/bree-serif,https://github.com/google/fonts/tree/main/ofl/bree-serif
bricolage-grotesque,Bricolage Grotesque,google-fonts,OFL,True,sans-serif,False,,True,7,latin|latin-ext|vietnamese,Sans Serif,Mathieu Triay,https://fonts.google.com/specimen/Bricolage+Grotesque,https://github.com/google/fonts/tree/main/ofl/bricolage-grotesque,https://github.com/google/fonts/tree/main/ofl/bricolage-grotesque
bruno-ace,Bruno Ace,google-fonts,OFL,True,display,False,,False,1,latin|latin-ext,Sans Serif,Astigmatic,https://fonts.google.com/specimen/Bruno+Ace,https://github.com/google/fonts/tree/main/ofl/bruno-ace,https://github.com/google/fonts/tree/main/ofl/bruno-ace
bruno-ace-sc,Bruno Ace SC,google-fonts,OFL,True,display,False,,False,1,latin|latin-ext,Sans Serif,Astigmatic,https://fonts.google.com/specimen/Bruno+Ace+SC,https://github.com/google/fonts/tree/main/ofl/bruno-ace-sc,https://github.com/google/fonts/tree/main/ofl/bruno-ace-sc
brygada-1918,Brygada 1918,google-fonts,OFL,True,serif,False,,True,8,cyrillic|cyrillic-ext|greek|latin|latin-ext|vietnamese,Serif,Capitalics|Mateusz Machalski|Borys Kosmynka|Ania Wieluńska|Przemysław Hoffer,https://fonts.google.com/specimen/Brygada+1918,https://github.com/google/fonts/tree/main/ofl/brygada-1918,https://github.com/google/fonts/tree/main/ofl/brygada-1918
bubblegum-sans,Bubblegum Sans,google-fonts,OFL,True,display,False,,False,1,latin|latin-ext,Sans Serif,Sudtipos,https://fonts.google.com/specimen/Bubblegum+Sans,https://github.com/google/fonts/tree/main/ofl/bubblegum-sans,https://github.com/google/fonts/tree/main/ofl/bubblegum-sans
bubbler-one,Bubbler One,google-fonts,OFL,True,sans-serif,False,,False,1,latin|latin-ext,Sans Serif,Brenda Gallo,https://fonts.google.com/specimen/Bubbler+One,https://github.com/google/fonts/tree/main/ofl/bubbler-one,https://github.com/google/fonts/tree/main/ofl/bubbler-one
buda,Buda,google-fonts,OFL,True,display,False,,False,1,latin,Serif,Adèle Antignac,https://fonts.google.com/specimen/Buda,https://github.com/google/fonts/tree/main/ofl/buda,https://github.com/google/fonts/tree/main/ofl/buda
buenard,Buenard,google-fonts,OFL,True,serif,False,,True,4,latin|latin-ext,Serif,Gustavo Ibarra,https://fonts.google.com/specimen/Buenard,https://github.com/google/fonts/tree/main/ofl/buenard,https://github.com/google/fonts/tree/main/ofl/buenard
bungee,Bungee,google-fonts,OFL,True,display,False,,False,1,latin|latin-ext|vietnamese,Sans Serif,David Jonathan Ross,https://fonts.google.com/specimen/Bungee,https://github.com/google/fonts/tree/main/ofl/bungee,https://github.com/google/fonts/tree/main/ofl/bungee
bungee-hairline,Bungee Hairline,google-fonts,OFL,True,display,False,,False,1,latin|latin-ext|vietnamese,Sans Serif,David Jonathan Ross,https://fonts.google.com/specimen/Bungee+Hairline,https://github.com/google/fonts/tree/main/ofl/bungee-hairline,https://github.com/google/fonts/tree/main/ofl/bungee-hairline
bungee-inline,Bungee Inline,google-fonts,OFL,True,display,False,,False,1,latin|latin-ext|vietnamese,Sans Serif,David Jonathan Ross,https://fonts.google.com/specimen/Bungee+Inline,https://github.com/google/fonts/tree/main/ofl/bungee-inline,https://github.com/google/fonts/tree/main/ofl/bungee-inline
bungee-outline,Bungee Outline,google-fonts,OFL,True,display,False,,False,1,latin|latin-ext|vietnamese,Sans Serif,David Jonathan Ross,https://fonts.google.com/specimen/Bungee+Outline,https://github.com/google/fonts/tree/main/ofl/bungee-outline,https://github.com/google/fonts/tree/main/ofl/bungee-outline
bungee-shade,Bungee Shade,google-fonts,OFL,True,display,False,,False,1,latin|latin-ext|vietnamese,Sans Serif,David Jonathan Ross,https://fonts.google.com/specimen/Bungee+Shade,https://github.com/google/fonts/tree/main/ofl/bungee-shade,https://github.com/google/fonts/tree/main/ofl/bungee-shade
bungee-spice,Bungee Spice,google-fonts,OFL,True,display,False,,False,1,latin|latin-ext|vietnamese,Sans Serif,David Jonathan Ross,https://fonts.google.com/specimen/Bungee+Spice,https://github.com/google/fonts/tree/main/ofl/bungee-spice,https://github.com/google/fonts/tree/main/ofl/bungee-spice
bungee-tint,Bungee Tint,google-fonts,OFL,True,display,False,,False,1,latin|latin-ext|vietnamese,Sans Serif,David Jonathan Ross,https://fonts.google.com/specimen/Bungee+Tint,https://github.com/google/fonts/tree/main/ofl/bungee-tint,https://github.com/google/fonts/tree/main/ofl/bungee-tint
butcherman,Butcherman,google-fonts,OFL,True,display,False,,False,1,latin|latin-ext,,Typomondo,https://fonts.google.com/specimen/Butcherman,https://github.com/google/fonts/tree/main/ofl/butcherman,https://github.com/google/fonts/tree/main/ofl/butcherman
butterfly-kids,Butterfly Kids,google-fonts,OFL,True,handwriting,False,,False,1,latin|latin-ext,,Tart Workshop,https://fonts.google.com/specimen/Butterfly+Kids,https://github.com/google/fonts/tree/main/ofl/butterfly-kids,https://github.com/google/fonts/tree/main/ofl/butterfly-kids
bytesized,Bytesized,google-fonts,OFL,True,sans-serif,False,,False,1,latin|latin-ext,Sans Serif,Baltdev,https://fonts.google.com/specimen/Bytesized,https://github.com/google/fonts/tree/main/ofl/bytesized,https://github.com/google/fonts/tree/main/ofl/bytesized
cabin,Cabin,google-fonts,OFL,True,sans-serif,False,,True,8,latin|latin-ext|vietnamese,Sans Serif,Impallari Type|Rodrigo Fuenzalida,https://fonts.google.com/specimen/Cabin,https://github.com/google/fonts/tree/main/ofl/cabin,https://github.com/google/fonts/tree/main/ofl/cabin
cabin-condensed,Cabin Condensed,google-fonts,OFL,True,sans-serif,False,,False,4,latin|latin-ext|vietnamese,Sans Serif,Impallari Type,https://fonts.google.com/specimen/Cabin+Condensed,https://github.com/google/fonts/tree/main/ofl/cabin-condensed,https://github.com/google/fonts/tree/main/ofl/cabin-condensed
cabin-sketch,Cabin Sketch,google-fonts,OFL,True,display,False,,False,2,latin,Sans Serif,Impallari Type,https://fonts.google.com/specimen/Cabin+Sketch,https://github.com/google/fonts/tree/main/ofl/cabin-sketch,https://github.com/google/fonts/tree/main/ofl/cabin-sketch
cactus-classical-serif,Cactus Classical Serif,google-fonts,OFL,True,serif,False,,False,1,chinese-traditional|cyrillic|latin|latin-ext|vietnamese,Serif,Henry Chan|Tian Haidong|Moonlit Owen,https://fonts.google.com/specimen/Cactus+Classical+Serif,https://github.com/google/fonts/tree/main/ofl/cactus-classical-serif,https://github.com/google/fonts/tree/main/ofl/cactus-classical-serif
caesar-dressing,Caesar Dressing,google-fonts,OFL,True,display,False,,False,1,latin,,Open Window,https://fonts.google.com/specimen/Caesar+Dressing,https://github.com/google/fonts/tree/main/ofl/caesar-dressing,https://github.com/google/fonts/tree/main/ofl/caesar-dressing
cagliostro,Cagliostro,google-fonts,OFL,True,sans-serif,False,,False,1,latin,Sans Serif,MADType,https://fonts.google.com/specimen/Cagliostro,https://github.com/google/fonts/tree/main/ofl/cagliostro,https://github.com/google/fonts/tree/main/ofl/cagliostro
cairo,Cairo,google-fonts,OFL,True,sans-serif,False,,True,9,arabic|latin|latin-ext,Sans Serif,Mohamed Gaber|Accademia di Belle Arti di Urbino,https://fonts.google.com/specimen/Cairo,https://github.com/google/fonts/tree/main/ofl/cairo,https://github.com/google/fonts/tree/main/ofl/cairo
cairo-play,Cairo Play,google-fonts,OFL,True,sans-serif,False,,True,9,arabic|latin|latin-ext,Sans Serif,Mohamed Gaber|Accademia di Belle Arti di Urbino,https://fonts.google.com/specimen/Cairo+Play,https://github.com/google/fonts/tree/main/ofl/cairo-play,https://github.com/google/fonts/tree/main/ofl/cairo-play
cal-sans,Cal Sans,google-fonts,OFL,True,sans-serif,False,,False,1,latin|latin-ext|vietnamese,Sans Serif,Mark Davis|Cal.com Inc.,https://fonts.google.com/specimen/Cal+Sans,https://github.com/google/fonts/tree/main/ofl/cal-sans,https://github.com/google/fonts/tree/main/ofl/cal-sans
caladea,Caladea,google-fonts,OFL,True,serif,False,,False,4,latin|latin-ext,Serif,HT Fonts|Carolina Giovagnoli|Andrés Torresi,https://fonts.google.com/specimen/Caladea,https://github.com/google/fonts/tree/main/ofl/caladea,https://github.com/google/fonts/tree/main/ofl/caladea
calistoga,Calistoga,google-fonts,OFL,True,display,False,,False,1,latin|latin-ext|vietnamese,Serif,Yvonne Schüttler|Sorkin Type|Eben Sorkin,https://fonts.google.com/specimen/Calistoga,https://github.com/google/fonts/tree/main/ofl/calistoga,https://github.com/google/fonts/tree/main/ofl/calistoga
calligraffitti,Calligraffitti,google-fonts,OFL,True,handwriting,False,,False,1,latin,,Open Window,https://fonts.google.com/specimen/Calligraffitti,https://github.com/google/fonts/tree/main/ofl/calligraffitti,https://github.com/google/fonts/tree/main/ofl/calligraffitti
cambay,Cambay,google-fonts,OFL,True,sans-serif,False,,False,4,devanagari|latin|latin-ext,Sans Serif,Pooja Saxena,https://fonts.google.com/specimen/Cambay,https://github.com/google/fonts/tree/main/ofl/cambay,https://github.com/google/fonts/tree/main/ofl/cambay
cambo,Cambo,google-fonts,OFL,True,serif,False,,False,1,latin|latin-ext,Serif,HT Fonts|Carolina Giovagnoli|Andres Torresi,https://fonts.google.com/specimen/Cambo,https://github.com/google/fonts/tree/main/ofl/cambo,https://github.com/google/fonts/tree/main/ofl/cambo
candal,Candal,google-fonts,OFL,True,sans-serif,False,,False,1,latin,Sans Serif,Vernon Adams,https://fonts.google.com/specimen/Candal,https://github.com/google/fonts/tree/main/ofl/candal,https://github.com/google/fonts/tree/main/ofl/candal
cantarell,Cantarell,google-fonts,OFL,True,sans-serif,False,,False,4,latin|latin-ext,Sans Serif,Dave Crossland,https://fonts.google.com/specimen/Cantarell,https://github.com/google/fonts/tree/main/ofl/cantarell,https://github.com/google/fonts/tree/main/ofl/cantarell
cantata-one,Cantata One,google-fonts,OFL,True,serif,False,,False,1,latin|latin-ext,Serif,Joana Correia,https://fonts.google.com/specimen/Cantata+One,https://github.com/google/fonts/tree/main/ofl/cantata-one,https://github.com/google/fonts/tree/main/ofl/cantata-one
cantora-one,Cantora One,google-fonts,OFL,True,sans-serif,False,,False,1,latin|latin-ext,Sans Serif,Impallari Type,https://fonts.google.com/specimen/Cantora+One,https://github.com/google/fonts/tree/main/ofl/cantora-one,https://github.com/google/fonts/tree/main/ofl/cantora-one
caprasimo,Caprasimo,google-fonts,OFL,True,display,False,,False,1,latin|latin-ext,Serif,The DocRepair Project|Phaedra Charles|Flavia Zimbardi,https://fonts.google.com/specimen/Caprasimo,https://github.com/google/fonts/tree/main/ofl/caprasimo,https://github.com/google/fonts/tree/main/ofl/caprasimo
capriola,Capriola,google-fonts,OFL,True,sans-serif,False,,False,1,latin|latin-ext,Sans Serif,Viktoriya Grabowska,https://fonts.google.com/specimen/Capriola,https://github.com/google/fonts/tree/main/ofl/capriola,https://github.com/google/fonts/tree/main/ofl/capriola
caramel,Caramel,google-fonts,OFL,True,handwriting,False,,False,1,latin|latin-ext|vietnamese,,Robert Leuschke,https://fonts.google.com/specimen/Caramel,https://github.com/google/fonts/tree/main/ofl/caramel,https://github.com/google/fonts/tree/main/ofl/caramel
carattere,Carattere,google-fonts,OFL,True,handwriting,False,,False,1,latin|latin-ext|vietnamese,,Robert Leuschke,https://fonts.google.com/specimen/Carattere,https://github.com/google/fonts/tree/main/ofl/carattere,https://github.com/google/fonts/tree/main/ofl/carattere
cardo,Cardo,google-fonts,OFL,True,serif,False,,False,3,gothic|greek|greek-ext|hebrew|latin|latin-ext|old-italic|runic,Serif,David Perry,https://fonts.google.com/specimen/Cardo,https://github.com/google/fonts/tree/main/ofl/cardo,https://github.com/google/fonts/tree/main/ofl/cardo
carlito,Carlito,google-fonts,OFL,True,sans-serif,False,,False,4,cyrillic|cyrillic-ext|greek|greek-ext|latin|latin-ext|vietnamese,Sans Serif,Łukasz Dziedzic,https://fonts.google.com/specimen/Carlito,https://github.com/google/fonts/tree/main/ofl/carlito,https://github.com/google/fonts/tree/main/ofl/carlito
carme,Carme,google-fonts,OFL,True,sans-serif,False,,False,1,latin,Sans Serif,Rubén Prol,https://fonts.google.com/specimen/Carme,https://github.com/google/fonts/tree/main/ofl/carme,https://github.com/google/fonts/tree/main/ofl/carme
carrois-gothic,Carrois Gothic,google-fonts,OFL,True,sans-serif,False,,False,1,latin,Sans Serif,Carrois Apostrophe,https://fonts.google.com/specimen/Carrois+Gothic,https://github.com/google/fonts/tree/main/ofl/carrois-gothic,https://github.com/google/fonts/tree/main/ofl/carrois-gothic
carrois-gothic-sc,Carrois Gothic SC,google-fonts,OFL,True,sans-serif,False,,False,1,latin,Sans Serif,Carrois Apostrophe,https://fonts.google.com/specimen/Carrois+Gothic+SC,https://github.com/google/fonts/tree/main/ofl/carrois-gothic-sc,https://github.com/google/fonts/tree/main/ofl/carrois-gothic-sc
carter-one,Carter One,google-fonts,OFL,True,display,False,,False,1,latin,,Vernon Adams,https://fonts.google.com/specimen/Carter+One,https://github.com/google/fonts/tree/main/ofl/carter-one,https://github.com/google/fonts/tree/main/ofl/carter-one
cascadia-code,Cascadia Code,google-fonts,OFL,True,sans-serif,False,,True,12,arabic|braille|cyrillic|cyrillic-ext|greek|hebrew|latin|latin-ext|symbols2|vietnamese,Sans Serif|developer|icons|nerd-font,Aaron Bell|Mohamad Dakak|Viktoriya Grabowska|Liron Lavi Turkenich,https://fonts.google.com/specimen/Cascadia+Code,https://github.com/google/fonts/tree/main/ofl/cascadia-code,https://github.com/google/fonts/tree/main/ofl/cascadia-code
cascadia-mono,Cascadia Mono,google-fonts,OFL,True,sans-serif,False,,True,12,arabic|braille|cyrillic|cyrillic-ext|greek|hebrew|latin|latin-ext|symbols2|vietnamese,Sans Serif,Aaron Bell|Mohamad Dakak|Viktoriya Grabowska|Liron Lavi Turkenich,https://fonts.google.com/specimen/Cascadia+Mono,https://github.com/google/fonts/tree/main/ofl/cascadia-mono,https://github.com/google/fonts/tree/main/ofl/cascadia-mono
nerd-fonts-cascadiamono,Cascadiamono,nerd-fonts,Mixed,True,monospace,False,,False,1,latin,nerd-font|icons|developer,Ryan L McIntyre (Nerd Fonts Patcher),https://github.com/ryanoasis/nerd-fonts/releases/latest,https://github.com/ryanoasis/nerd-fonts,https://github.com/ryanoasis/nerd-fonts
castoro,Castoro,google-fonts,OFL,True,serif,False,,False,2,latin|latin-ext,Serif,Tiro Typeworks|John Hudson|Paul Hanslow|Kaja Słojewska,https://fonts.google.com/specimen/Castoro,https://github.com/google/fonts/tree/main/ofl/castoro,https://github.com/google/fonts/tree/main/ofl/castoro
castoro-titling,Castoro Titling,google-fonts,OFL,True,display,False,,False,1,latin|latin-ext,Serif,Tiro Typeworks|John Hudson,https://fonts.google.com/specimen/Castoro+Titling,https://github.com/google/fonts/tree/main/ofl/castoro-titling,https://github.com/google/fonts/tree/main/ofl/castoro-titling
catamaran,Catamaran,google-fonts,OFL,True,sans-serif,False,,True,9,latin|latin-ext|tamil,Sans Serif,Pria Ravichandran,https://fonts.google.com/specimen/Catamaran,https://github.com/google/fonts/tree/main/ofl/catamaran,https://github.com/google/fonts/tree/main/ofl/catamaran
caudex,Caudex,google-fonts,OFL,True,serif,False,,False,4,greek|greek-ext|latin|latin-ext|runic|vietnamese,Serif,Nidud,https://fonts.google.com/specimen/Caudex,https://github.com/google/fonts/tree/main/ofl/caudex,https://github.com/google/fonts/tree/main/ofl/caudex
cause,Cause,google-fonts,OFL,True,handwriting,False,,True,9,latin|latin-ext,Sans Serif,Saurabh Sharma,https://fonts.google.com/specimen/Cause,https://github.com/google/fonts/tree/main/ofl/cause,https://github.com/google/fonts/tree/main/ofl/cause
caveat,Caveat,google-fonts,OFL,True,handwriting,False,,True,4,cyrillic|cyrillic-ext|latin|latin-ext,,Impallari Type,https://fonts.google.com/specimen/Caveat,https://github.com/google/fonts/tree/main/ofl/caveat,https://github.com/google/fonts/tree/main/ofl/caveat
caveat-brush,Caveat Brush,google-fonts,OFL,True,handwriting,False,,False,1,latin|latin-ext,,Impallari Type,https://fonts.google.com/specimen/Caveat+Brush,https://github.com/google/fonts/tree/main/ofl/caveat-brush,https://github.com/google/fonts/tree/main/ofl/caveat-brush
cedarville-cursive,Cedarville Cursive,google-fonts,OFL,True,handwriting,False,,False,1,latin,,Kimberly Geswein,https://fonts.google.com/specimen/Cedarville+Cursive,https://github.com/google/fonts/tree/main/ofl/cedarville-cursive,https://github.com/google/fonts/tree/main/ofl/cedarville-cursive
ceviche-one,Ceviche One,google-fonts,OFL,True,display,False,,False,1,latin|latin-ext,,Miguel Hernandez,https://fonts.google.com/specimen/Ceviche+One,https://github.com/google/fonts/tree/main/ofl/ceviche-one,https://github.com/google/fonts/tree/main/ofl/ceviche-one
chakra-petch,Chakra Petch,google-fonts,OFL,True,sans-serif,False,,False,10,latin|latin-ext|thai|vietnamese,Sans Serif,Cadson Demak,https://fonts.google.com/specimen/Chakra+Petch,https://github.com/google/fonts/tree/main/ofl/chakra-petch,https://github.com/google/fonts/tree/main/ofl/chakra-petch
changa,Changa,google-fonts,OFL,True,sans-serif,False,,True,7,arabic|latin|latin-ext,Sans Serif,Eduardo Tunni,https://fonts.google.com/specimen/Changa,https://github.com/google/fonts/tree/main/ofl/changa,https://github.com/google/fonts/tree/main/ofl/changa
changa-one,Changa One,google-fonts,OFL,True,display,False,,False,2,latin,Sans Serif,Eduardo Tunni,https://fonts.google.com/specimen/Changa+One,https://github.com/google/fonts/tree/main/ofl/changa-one,https://github.com/google/fonts/tree/main/ofl/changa-one
chango,Chango,google-fonts,OFL,True,display,False,,False,1,latin|latin-ext,Sans Serif,Fontstage,https://fonts.google.com/specimen/Chango,https://github.com/google/fonts/tree/main/ofl/chango,https://github.com/google/fonts/tree/main/ofl/chango
charis-sil,Charis SIL,google-fonts,OFL,True,serif,False,,False,4,cyrillic|cyrillic-ext|latin|latin-ext|vietnamese,Serif,SIL International,https://fonts.google.com/specimen/Charis+SIL,https://github.com/google/fonts/tree/main/ofl/charis-sil,https://github.com/google/fonts/tree/main/ofl/charis-sil
charm,Charm,google-fonts,OFL,True,handwriting,False,,False,2,latin|latin-ext|thai|vietnamese,,Cadson Demak,https://fonts.google.com/specimen/Charm,https://github.com/google/fonts/tree/main/ofl/charm,https://github.com/google/fonts/tree/main/ofl/charm
charmonman,Charmonman,google-fonts,OFL,True,handwriting,False,,False,2,latin|latin-ext|thai|vietnamese,,Cadson Demak,https://fonts.google.com/specimen/Charmonman,https://github.com/google/fonts/tree/main/ofl/charmonman,https://github.com/google/fonts/tree/main/ofl/charmonman
chathura,Chathura,google-fonts,OFL,True,sans-serif,False,,False,5,latin|telugu,Sans Serif,Appaji Ambarisha Darbha,https://fonts.google.com/specimen/Chathura,https://github.com/google/fonts/tree/main/ofl/chathura,https://github.com/google/fonts/tree/main/ofl/chathura
chau-philomene-one,Chau Philomene One,google-fonts,OFL,True,sans-serif,False,,False,2,latin|latin-ext,Sans Serif,Vicente Lamónaca,https://fonts.google.com/specimen/Chau+Philomene+One,https://github.com/google/fonts/tree/main/ofl/chau-philomene-one,https://github.com/google/fonts/tree/main/ofl/chau-philomene-one
chela-one,Chela One,google-fonts,OFL,True,display,False,,False,1,latin|latin-ext,,Miguel Hernandez,https://fonts.google.com/specimen/Chela+One,https://github.com/google/fonts/tree/main/ofl/chela-one,https://github.com/google/fonts/tree/main/ofl/chela-one
chelsea-market,Chelsea Market,google-fonts,OFL,True,display,False,,False,1,latin|latin-ext,,Tart Workshop,https://fonts.google.com/specimen/Chelsea+Market,https://github.com/google/fonts/tree/main/ofl/chelsea-market,https://github.com/google/fonts/tree/main/ofl/chelsea-market
chenla,Chenla,google-fonts,OFL,True,display,False,,False,1,khmer,,Danh Hong,https://fonts.google.com/specimen/Chenla,https://github.com/google/fonts/tree/main/ofl/chenla,https://github.com/google/fonts/tree/main/ofl/chenla
cherish,Cherish,google-fonts,OFL,True,handwriting,False,,False,1,latin|latin-ext|vietnamese,,Robert Leuschke,https://fonts.google.com/specimen/Cherish,https://github.com/google/fonts/tree/main/ofl/cherish,https://github.com/google/fonts/tree/main/ofl/cherish
cherry-bomb-one,Cherry Bomb One,google-fonts,OFL,True,display,False,,False,1,japanese|latin|latin-ext|vietnamese,,Satsuyako,https://fonts.google.com/specimen/Cherry+Bomb+One,https://github.com/google/fonts/tree/main/ofl/cherry-bomb-one,https://github.com/google/fonts/tree/main/ofl/cherry-bomb-one
cherry-cream-soda,Cherry Cream Soda,google-fonts,OFL,True,display,False,,False,1,latin,,Font Diner,https://fonts.google.com/specimen/Cherry+Cream+Soda,https://github.com/google/fonts/tree/main/ofl/cherry-cream-soda,https://github.com/google/fonts/tree/main/ofl/cherry-cream-soda
cherry-swash,Cherry Swash,google-fonts,OFL,True,display,False,,False,2,latin|latin-ext,Serif,Nataliya Kasatkina,https://fonts.google.com/specimen/Cherry+Swash,https://github.com/google/fonts/tree/main/ofl/cherry-swash,https://github.com/google/fonts/tree/main/ofl/cherry-swash
chewy,Chewy,google-fonts,OFL,True,display,False,,False,1,latin,,Sideshow,https://fonts.google.com/specimen/Chewy,https://github.com/google/fonts/tree/main/ofl/chewy,https://github.com/google/fonts/tree/main/ofl/chewy
chicle,Chicle,google-fonts,OFL,True,display,False,,False,1,latin|latin-ext,Serif,Sudtipos,https://fonts.google.com/specimen/Chicle,https://github.com/google/fonts/tree/main/ofl/chicle,https://github.com/google/fonts/tree/main/ofl/chicle
chilanka,Chilanka,google-fonts,OFL,True,handwriting,False,,False,1,latin|latin-ext|malayalam,,SMC|Santhosh Thottingal,https://fonts.google.com/specimen/Chilanka,https://github.com/google/fonts/tree/main/ofl/chilanka,https://github.com/google/fonts/tree/main/ofl/chilanka
chiron-goround-tc,Chiron GoRound TC,google-fonts,OFL,True,sans-serif,False,,True,8,chinese-traditional|cyrillic|cyrillic-ext|latin|latin-ext|vietnamese,Sans Serif,Tamcy,https://fonts.google.com/specimen/Chiron+GoRound+TC,https://github.com/google/fonts/tree/main/ofl/chiron-goround-tc,https://github.com/google/fonts/tree/main/ofl/chiron-goround-tc
chiron-hei-hk,Chiron Hei HK,google-fonts,OFL,True,sans-serif,False,,True,16,chinese-traditional|cyrillic|cyrillic-ext|greek|greek-ext|latin|latin-ext|symbols2|vietnamese,Sans Serif,Tamcy,https://fonts.google.com/specimen/Chiron+Hei+HK,https://github.com/google/fonts/tree/main/ofl/chiron-hei-hk,https://github.com/google/fonts/tree/main/ofl/chiron-hei-hk
chiron-sung-hk,Chiron Sung HK,google-fonts,OFL,True,serif,False,,True,16,chinese-hongkong|cyrillic|cyrillic-ext|greek|latin|latin-ext|symbols2|vietnamese,Serif,Tamcy,https://fonts.google.com/specimen/Chiron+Sung+HK,https://github.com/google/fonts/tree/main/ofl/chiron-sung-hk,https://github.com/google/fonts/tree/main/ofl/chiron-sung-hk
chivo-mono,Chivo Mono,google-fonts,OFL,True,monospace,False,,True,18,latin|latin-ext|vietnamese,Sans Serif,Omnibus-Type,https://fonts.google.com/specimen/Chivo+Mono,https://github.com/google/fonts/tree/main/ofl/chivo-mono,https://github.com/google/fonts/tree/main/ofl/chivo-mono
chocolate-classical-sans,Chocolate Classical Sans,google-fonts,OFL,True,sans-serif,False,,False,1,chinese-traditional|cyrillic|latin|latin-ext|vietnamese,Sans Serif,Moonlit Owen,https://fonts.google.com/specimen/Chocolate+Classical+Sans,https://github.com/google/fonts/tree/main/ofl/chocolate-classical-sans,https://github.com/google/fonts/tree/main/ofl/chocolate-classical-sans
chokokutai,Chokokutai,google-fonts,OFL,True,display,False,,False,1,japanese|latin|latin-ext|vietnamese,,Font Zone 108,https://fonts.google.com/specimen/Chokokutai,https://github.com/google/fonts/tree/main/ofl/chokokutai,https://github.com/google/fonts/tree/main/ofl/chokokutai
chonburi,Chonburi,google-fonts,OFL,True,display,False,,False,1,latin|latin-ext|thai|vietnamese,Serif,Cadson Demak,https://fonts.google.com/specimen/Chonburi,https://github.com/google/fonts/tree/main/ofl/chonburi,https://github.com/google/fonts/tree/main/ofl/chonburi
fontsource-chunk-five,Chunk Five,fontsource,OFL,True,serif,False,,False,1,latin,fontsource|other,,https://fontsource.org/fonts/chunk-five,https://fontsource.org/fonts/chunk-five,
cinzel,Cinzel,google-fonts,OFL,True,serif,False,,True,6,latin|latin-ext,Serif,Natanael Gama,https://fonts.google.com/specimen/Cinzel,https://github.com/google/fonts/tree/main/ofl/cinzel,https://github.com/google/fonts/tree/main/ofl/cinzel
cinzel-decorative,Cinzel Decorative,google-fonts,OFL,True,display,False,,False,3,latin|latin-ext,Serif,Natanael Gama,https://fonts.google.com/specimen/Cinzel+Decorative,https://github.com/google/fonts/tree/main/ofl/cinzel-decorative,https://github.com/google/fonts/tree/main/ofl/cinzel-decorative
fontsource-clear-sans,Clear Sans,fontsource,Apache-2.0,True,sans-serif,False,,False,10,latin,fontsource|other|sans-serif,,https://fontsource.org/fonts/clear-sans,https://fontsource.org/fonts/clear-sans,
clicker-script,Clicker Script,google-fonts,OFL,True,handwriting,False,,False,1,latin|latin-ext,,Astigmatic,https://fonts.google.com/specimen/Clicker+Script,https://github.com/google/fonts/tree/main/ofl/clicker-script,https://github.com/google/fonts/tree/main/ofl/clicker-script
climate-crisis,Climate Crisis,google-fonts,OFL,True,display,False,,True,1,cyrillic|cyrillic-ext|latin|latin-ext,Sans Serif,Daniel Coull|Eino Korkala,https://fonts.google.com/specimen/Climate+Crisis,https://github.com/google/fonts/tree/main/ofl/climate-crisis,https://github.com/google/fonts/tree/main/ofl/climate-crisis
coda,Coda,google-fonts,OFL,True,display,False,,False,2,latin|latin-ext,,Vernon Adams,https://fonts.google.com/specimen/Coda,https://github.com/google/fonts/tree/main/ofl/coda,https://github.com/google/fonts/tree/main/ofl/coda
nerd-fonts-code-new-roman,Code New Roman,nerd-fonts,Mixed,True,monospace,False,,False,1,latin,nerd-font|icons|developer,Ryan L McIntyre (Nerd Fonts Patcher),https://github.com/ryanoasis/nerd-fonts/releases/latest,https://github.com/ryanoasis/nerd-fonts,https://github.com/ryanoasis/nerd-fonts
codystar,Codystar,google-fonts,OFL,True,display,False,,False,2,latin|latin-ext,Sans Serif,Neapolitan,https://fonts.google.com/specimen/Codystar,https://github.com/google/fonts/tree/main/ofl/codystar,https://github.com/google/fonts/tree/main/ofl/codystar
coiny,Coiny,google-fonts,OFL,True,display,False,,False,1,latin|latin-ext|tamil|vietnamese,,Marcelo Magalhães,https://fonts.google.com/specimen/Coiny,https://github.com/google/fonts/tree/main/ofl/coiny,https://github.com/google/fonts/tree/main/ofl/coiny
combo,Combo,google-fonts,OFL,True,display,False,,False,1,latin|latin-ext,,Eduardo Tunni,https://fonts.google.com/specimen/Combo,https://github.com/google/fonts/tree/main/ofl/combo,https://github.com/google/fonts/tree/main/ofl/combo
comfortaa,Comfortaa,google-fonts,OFL,True,display,False,,True,5,cyrillic|cyrillic-ext|greek|latin|latin-ext|vietnamese,Sans Serif,Johan Aakerlund,https://fonts.google.com/specimen/Comfortaa,https://github.com/google/fonts/tree/main/ofl/comfortaa,https://github.com/google/fonts/tree/main/ofl/comfortaa
comforter,Comforter,google-fonts,OFL,True,handwriting,False,,False,1,cyrillic|latin|latin-ext|vietnamese,,Robert Leuschke,https://fonts.google.com/specimen/Comforter,https://github.com/google/fonts/tree/main/ofl/comforter,https://github.com/google/fonts/tree/main/ofl/comforter
comforter-brush,Comforter Brush,google-fonts,OFL,True,handwriting,False,,False,1,cyrillic|latin|latin-ext|vietnamese,,Robert Leuschke,https://fonts.google.com/specimen/Comforter+Brush,https://github.com/google/fonts/tree/main/ofl/comforter-brush,https://github.com/google/fonts/tree/main/ofl/comforter-brush
fontsource-comic-mono,Comic Mono,fontsource,MIT,True,monospace,False,,False,2,latin,fontsource|other,,https://fontsource.org/fonts/comic-mono,https://fontsource.org/fonts/comic-mono,
comic-neue,Comic Neue,google-fonts,OFL,True,handwriting,False,,False,6,latin,,Craig Rozynski|Hrant Papazian,https://fonts.google.com/specimen/Comic+Neue,https://github.com/google/fonts/tree/main/ofl/comic-neue,https://github.com/google/fonts/tree/main/ofl/comic-neue
comic-relief,Comic Relief,google-fonts,OFL,True,display,False,,False,2,cyrillic|greek|latin|latin-ext,,Jeff Davis,https://fonts.google.com/specimen/Comic+Relief,https://github.com/google/fonts/tree/main/ofl/comic-relief,https://github.com/google/fonts/tree/main/ofl/comic-relief
nerd-fonts-comic-shanns-mono,Comic Shanns Mono,nerd-fonts,Mixed,True,monospace,False,,False,1,latin,nerd-font|icons|developer,Ryan L McIntyre (Nerd Fonts Patcher),https://github.com/ryanoasis/nerd-fonts/releases/latest,https://github.com/ryanoasis/nerd-fonts,https://github.com/ryanoasis/nerd-fonts
coming-soon,Coming Soon,google-fonts,OFL,True,handwriting,False,,False,1,latin,,Open Window,https://fonts.google.com/specimen/Coming+Soon,https://github.com/google/fonts/tree/main/ofl/coming-soon,https://github.com/google/fonts/tree/main/ofl/coming-soon
comme,Comme,google-fonts,OFL,True,sans-serif,False,,True,9,latin|latin-ext,Sans Serif,Vernon Adams,https://fonts.google.com/specimen/Comme,https://github.com/google/fonts/tree/main/ofl/comme,https://github.com/google/fonts/tree/main/ofl/comme
commissioner,Commissioner,google-fonts,OFL,True,sans-serif,False,,True,9,cyrillic|cyrillic-ext|greek|latin|latin-ext|vietnamese,Sans Serif,Kostas Bartsokas,https://fonts.google.com/specimen/Commissioner,https://github.com/google/fonts/tree/main/ofl/commissioner,https://github.com/google/fonts/tree/main/ofl/commissioner
fontsource-commit-mono,Commit Mono,fontsource,OFL,True,monospace,False,,False,12,latin,fontsource|other,,https://fontsource.org/fonts/commit-mono,https://fontsource.org/fonts/commit-mono,
nerd-fonts-commitmono,Commitmono,nerd-fonts,Mixed,True,monospace,False,,False,1,latin,nerd-font|icons|developer,Ryan L McIntyre (Nerd Fonts Patcher),https://github.com/ryanoasis/nerd-fonts/releases/latest,https://github.com/ryanoasis/nerd-fonts,https://github.com/ryanoasis/nerd-fonts
concert-one,Concert One,google-fonts,OFL,True,display,False,,False,1,latin|latin-ext,Sans Serif,Johan Kallas|Mihkel Virkus,https://fonts.google.com/specimen/Concert+One,https://github.com/google/fonts/tree/main/ofl/concert-one,https://github.com/google/fonts/tree/main/ofl/concert-one
condiment,Condiment,google-fonts,OFL,True,handwriting,False,,False,1,latin|latin-ext,,Sudtipos,https://fonts.google.com/specimen/Condiment,https://github.com/google/fonts/tree/main/ofl/condiment,https://github.com/google/fonts/tree/main/ofl/condiment
content,Content,google-fonts,OFL,True,display,False,,False,2,khmer,,Danh Hong,https://fonts.google.com/specimen/Content,https://github.com/google/fonts/tree/main/ofl/content,https://github.com/google/fonts/tree/main/ofl/content
contrail-one,Contrail One,google-fonts,OFL,True,display,False,,False,1,latin,Sans Serif,Riccardo De Franceschi,https://fonts.google.com/specimen/Contrail+One,https://github.com/google/fonts/tree/main/ofl/contrail-one,https://github.com/google/fonts/tree/main/ofl/contrail-one
convergence,Convergence,google-fonts,OFL,True,sans-serif,False,,False,1,latin|latin-ext,Sans Serif,Nicolás Silva|John Vargas Beltrán,https://fonts.google.com/specimen/Convergence,https://github.com/google/fonts/tree/main/ofl/convergence,https://github.com/google/fonts/tree/main/ofl/convergence
cookie,Cookie,google-fonts,OFL,True,handwriting,False,,False,1,latin,,Ania Kruk,https://fonts.google.com/specimen/Cookie,https://github.com/google/fonts/tree/main/ofl/cookie,https://github.com/google/fonts/tree/main/ofl/cookie
fontsource-cooper-hewitt,Cooper Hewitt,fontsource,OFL,True,sans-serif,False,,False,16,latin,fontsource|other|sans-serif,,https://fontsource.org/fonts/cooper-hewitt,https://fontsource.org/fonts/cooper-hewitt,
copse,Copse,google-fonts,OFL,True,serif,False,,False,1,latin,Serif,Dan Rhatigan,https://fonts.google.com/specimen/Copse,https://github.com/google/fonts/tree/main/ofl/copse,https://github.com/google/fonts/tree/main/ofl/copse
coral-pixels,Coral Pixels,google-fonts,OFL,True,display,False,,False,1,latin|latin-ext,Serif,Tanukizamurai,https://fonts.google.com/specimen/Coral+Pixels,https://github.com/google/fonts/tree/main/ofl/coral-pixels,https://github.com/google/fonts/tree/main/ofl/coral-pixels
corben,Corben,google-fonts,OFL,True,display,False,,False,2,latin|latin-ext,Serif,Vernon Adams,https://fonts.google.com/specimen/Corben,https://github.com/google/fonts/tree/main/ofl/corben,https://github.com/google/fonts/tree/main/ofl/corben
corinthia,Corinthia,google-fonts,OFL,True,handwriting,False,,False,2,latin|latin-ext|vietnamese,,Robert Leuschke,https://fonts.google.com/specimen/Corinthia,https://github.com/google/fonts/tree/main/ofl/corinthia,https://github.com/google/fonts/tree/main/ofl/corinthia
cormorant,Cormorant,google-fonts,OFL,True,serif,False,,True,10,cyrillic|cyrillic-ext|latin|latin-ext|vietnamese,Serif,Christian Thalmann,https://fonts.google.com/specimen/Cormorant,https://github.com/google/fonts/tree/main/ofl/cormorant,https://github.com/google/fonts/tree/main/ofl/cormorant
cormorant-garamond,Cormorant Garamond,google-fonts,OFL,True,serif,False,,True,10,cyrillic|cyrillic-ext|latin|latin-ext|vietnamese,Serif,Christian Thalmann,https://fonts.google.com/specimen/Cormorant+Garamond,https://github.com/google/fonts/tree/main/ofl/cormorant-garamond,https://github.com/google/fonts/tree/main/ofl/cormorant-garamond
cormorant-infant,Cormorant Infant,google-fonts,OFL,True,serif,False,,True,10,cyrillic|cyrillic-ext|latin|latin-ext|vietnamese,Serif,Christian Thalmann,https://fonts.google.com/specimen/Cormorant+Infant,https://github.com/google/fonts/tree/main/ofl/cormorant-infant,https://github.com/google/fonts/tree/main/ofl/cormorant-infant
cormorant-sc,Cormorant SC,google-fonts,OFL,True,serif,False,,False,5,cyrillic|cyrillic-ext|latin|latin-ext|vietnamese,Serif,Christian Thalmann,https://fonts.google.com/specimen/Cormorant+SC,https://github.com/google/fonts/tree/main/ofl/cormorant-sc,https://github.com/google/fonts/tree/main/ofl/cormorant-sc
cormorant-unicase,Cormorant Unicase,google-fonts,OFL,True,serif,False,,False,5,cyrillic|cyrillic-ext|latin|latin-ext|vietnamese,Serif,Christian Thalmann,https://fonts.google.com/specimen/Cormorant+Unicase,https://github.com/google/fonts/tree/main/ofl/cormorant-unicase,https://github.com/google/fonts/tree/main/ofl/cormorant-unicase
cormorant-upright,Cormorant Upright,google-fonts,OFL,True,serif,False,,False,5,latin|latin-ext|vietnamese,Serif,Christian Thalmann,https://fonts.google.com/specimen/Cormorant+Upright,https://github.com/google/fonts/tree/main/ofl/cormorant-upright,https://github.com/google/fonts/tree/main/ofl/cormorant-upright
cossette-texte,Cossette Texte,google-fonts,OFL,True,sans-serif,False,,False,2,latin|latin-ext,Sans Serif,Cossette,https://fonts.google.com/specimen/Cossette+Texte,https://github.com/google/fonts/tree/main/ofl/cossette-texte,https://github.com/google/fonts/tree/main/ofl/cossette-texte
cossette-titre,Cossette Titre,google-fonts,OFL,True,sans-serif,False,,False,2,latin|latin-ext,Sans Serif,Cossette,https://fonts.google.com/specimen/Cossette+Titre,https://github.com/google/fonts/tree/main/ofl/cossette-titre,https://github.com/google/fonts/tree/main/ofl/cossette-titre
courgette,Courgette,google-fonts,OFL,True,handwriting,False,,False,1,latin|latin-ext,,Karolina Lach,https://fonts.google.com/specimen/Courgette,https://github.com/google/fonts/tree/main/ofl/courgette,https://github.com/google/fonts/tree/main/ofl/courgette
courier-prime,Courier Prime,google-fonts,OFL,True,monospace,False,,False,4,latin|latin-ext,Serif,Alan Dague-Greene,https://fonts.google.com/specimen/Courier+Prime,https://github.com/google/fonts/tree/main/ofl/courier-prime,https://github.com/google/fonts/tree/main/ofl/courier-prime
cousine,Cousine,google-fonts,OFL,True,monospace,False,,False,4,cyrillic|cyrillic-ext|greek|greek-ext|hebrew|latin|latin-ext|vietnamese,Sans Serif|developer|icons|nerd-font,Steve Matteson,https://fonts.google.com/specimen/Cousine,https://github.com/google/fonts/tree/main/ofl/cousine,https://github.com/google/fonts/tree/main/ofl/cousine
coustard,Coustard,google-fonts,OFL,True,serif,False,,False,2,latin|latin-ext,Serif,Vernon Adams,https://fonts.google.com/specimen/Coustard,https://github.com/google/fonts/tree/main/ofl/coustard,https://github.com/google/fonts/tree/main/ofl/coustard
covered-by-your-grace,Covered By Your Grace,google-fonts,OFL,True,handwriting,False,,False,1,latin|latin-ext,,Kimberly Geswein,https://fonts.google.com/specimen/Covered+By+Your+Grace,https://github.com/google/fonts/tree/main/ofl/covered-by-your-grace,https://github.com/google/fonts/tree/main/ofl/covered-by-your-grace
crafty-girls,Crafty Girls,google-fonts,OFL,True,handwriting,False,,False,1,latin,,Tart Workshop,https://fonts.google.com/specimen/Crafty+Girls,https://github.com/google/fonts/tree/main/ofl/crafty-girls,https://github.com/google/fonts/tree/main/ofl/crafty-girls
creepster,Creepster,google-fonts,OFL,True,display,False,,False,1,latin,,Sideshow,https://fonts.google.com/specimen/Creepster,https://github.com/google/fonts/tree/main/ofl/creepster,https://github.com/google/fonts/tree/main/ofl/creepster
crete-round,Crete Round,google-fonts,OFL,True,serif,False,,False,2,latin|latin-ext,Serif,TypeTogether,https://fonts.google.com/specimen/Crete+Round,https://github.com/google/fonts/tree/main/ofl/crete-round,https://github.com/google/fonts/tree/main/ofl/crete-round
croissant-one,Croissant One,google-fonts,OFL,True,display,False,,False,1,latin|latin-ext,Serif,Eduardo Tunni,https://fonts.google.com/specimen/Croissant+One,https://github.com/google/fonts/tree/main/ofl/croissant-one,https://github.com/google/fonts/tree/main/ofl/croissant-one
crushed,Crushed,google-fonts,OFL,True,display,False,,False,1,latin|latin-ext,Sans Serif,Astigmatic,https://fonts.google.com/specimen/Crushed,https://github.com/google/fonts/tree/main/ofl/crushed,https://github.com/google/fonts/tree/main/ofl/crushed
cuprum,Cuprum,google-fonts,OFL,True,sans-serif,False,,True,8,cyrillic|cyrillic-ext|latin|latin-ext|vietnamese,Sans Serif,Jovanny Lemonad,https://fonts.google.com/specimen/Cuprum,https://github.com/google/fonts/tree/main/ofl/cuprum,https://github.com/google/fonts/tree/main/ofl/cuprum
cute-font,Cute Font,google-fonts,OFL,True,display,False,,False,1,korean|latin,Sans Serif,TypoDesign Lab. Inc,https://fonts.google.com/specimen/Cute+Font,https://github.com/google/fonts/tree/main/ofl/cute-font,https://github.com/google/fonts/tree/main/ofl/cute-font
cutive,Cutive,google-fonts,OFL,True,serif,False,,False,1,latin|latin-ext,Slab Serif,Vernon Adams,https://fonts.google.com/specimen/Cutive,https://github.com/google/fonts/tree/main/ofl/cutive,https://github.com/google/fonts/tree/main/ofl/cutive
cutive-mono,Cutive Mono,google-fonts,OFL,True,monospace,False,,False,1,latin|latin-ext,Serif,Vernon Adams,https://fonts.google.com/specimen/Cutive+Mono,https://github.com/google/fonts/tree/main/ofl/cutive-mono,https://github.com/google/fonts/tree/main/ofl/cutive-mono
nerd-fonts-d2coding,D2Coding,nerd-fonts,Mixed,True,monospace,False,,False,1,latin,nerd-font|icons|developer,Ryan L McIntyre (Nerd Fonts Patcher),https://github.com/ryanoasis/nerd-fonts/releases/latest,https://github.com/ryanoasis/nerd-fonts,https://github.com/ryanoasis/nerd-fonts
nerd-fonts-daddytime-mono,DaddyTime Mono,nerd-fonts,Mixed,True,monospace,False,,False,1,latin,nerd-font|icons|developer,Ryan L McIntyre (Nerd Fonts Patcher),https://github.com/ryanoasis/nerd-fonts/releases/latest,https://github.com/ryanoasis/nerd-fonts,https://github.com/ryanoasis/nerd-fonts
dai-banna-sil,Dai Banna SIL,google-fonts,OFL,True,serif,False,,False,10,latin|latin-ext|new-tai-lue,Serif,SIL International,https://fonts.google.com/specimen/Dai+Banna+SIL,https://github.com/google/fonts/tree/main/ofl/dai-banna-sil,https://github.com/google/fonts/tree/main/ofl/dai-banna-sil
damion,Damion,google-fonts,OFL,True,handwriting,False,,False,1,latin|latin-ext,,Vernon Adams,https://fonts.google.com/specimen/Damion,https://github.com/google/fonts/tree/main/ofl/damion,https://github.com/google/fonts/tree/main/ofl/damion
danfo,Danfo,google-fonts,OFL,True,serif,False,,True,1,latin|latin-ext|vietnamese,Serif,Afrotype|Seyi Olusanya|Eyiyemi Adegbite|David Udoh|Mirko Velimirović,https://fonts.google.com/specimen/Danfo,https://github.com/google/fonts/tree/main/ofl/danfo,https://github.com/google/fonts/tree/main/ofl/danfo
dangrek,Dangrek,google-fonts,OFL,True,display,False,,False,1,khmer|latin,Sans Serif,Danh Hong,https://fonts.google.com/specimen/Dangrek,https://github.com/google/fonts/tree/main/ofl/dangrek,https://github.com/google/fonts/tree/main/ofl/dangrek
darker-grotesque,Darker Grotesque,google-fonts,OFL,True,sans-serif,False,,True,7,latin|latin-ext|vietnamese,Sans Serif,Gabriel Lam|ViệtAnh Nguyễn,https://fonts.google.com/specimen/Darker+Grotesque,https://github.com/google/fonts/tree/main/ofl/darker-grotesque,https://github.com/google/fonts/tree/main/ofl/darker-grotesque
darumadrop-one,Darumadrop One,google-fonts,OFL,True,display,False,,False,1,japanese|latin|latin-ext,Sans Serif,Maniackers Design,https://fonts.google.com/specimen/Darumadrop+One,https://github.com/google/fonts/tree/main/ofl/darumadrop-one,https://github.com/google/fonts/tree/main/ofl/darumadrop-one
datatype,Datatype,google-fonts,OFL,True,monospace,False,,True,9,latin|latin-ext,Sans Serif,Frank Tisellano,https://fonts.google.com/specimen/Datatype,https://github.com/google/fonts/tree/main/ofl/datatype,https://github.com/google/fonts/tree/main/ofl/datatype
david-libre,David Libre,google-fonts,OFL,True,serif,False,,False,3,hebrew|latin|latin-ext|math|symbols|vietnamese,Serif,Monotype Imaging Inc.|SIL International|Meir Sadan,https://fonts.google.com/specimen/David+Libre,https://github.com/google/fonts/tree/main/ofl/david-libre,https://github.com/google/fonts/tree/main/ofl/david-libre
dawning-of-a-new-day,Dawning of a New Day,google-fonts,OFL,True,handwriting,False,,False,1,latin,,Kimberly Geswein,https://fonts.google.com/specimen/Dawning+of+a+New+Day,https://github.com/google/fonts/tree/main/ofl/dawning-of-a-new-day,https://github.com/google/fonts/tree/main/ofl/dawning-of-a-new-day
days-one,Days One,google-fonts,OFL,True,sans-serif,False,,False,1,cyrillic|latin,Sans Serif,Jovanny Lemonad,https://fonts.google.com/specimen/Days+One,https://github.com/google/fonts/tree/main/ofl/days-one,https://github.com/google/fonts/tree/main/ofl/days-one
fontsource-dejavu-math,DejaVu Math,fontsource,OFL,True,display,False,,False,1,latin,fontsource|other,,https://fontsource.org/fonts/dejavu-math,https://fontsource.org/fonts/dejavu-math,
fontsource-dejavu-mono,DejaVu Mono,fontsource,OFL,True,monospace,False,,False,4,latin,fontsource|other,,https://fontsource.org/fonts/dejavu-mono,https://fontsource.org/fonts/dejavu-mono,
fontsource-dejavu-sans,DejaVu Sans,fontsource,OFL,True,sans-serif,False,,False,4,latin,fontsource|other|sans-serif,,https://fontsource.org/fonts/dejavu-sans,https://fontsource.org/fonts/dejavu-sans,
fontsource-dejavu-serif,DejaVu Serif,fontsource,OFL,True,serif,False,,False,4,latin,fontsource|other|serif,,https://fontsource.org/fonts/dejavu-serif,https://fontsource.org/fonts/dejavu-serif,
dekko,Dekko,google-fonts,OFL,True,handwriting,False,,False,1,devanagari|latin|latin-ext,Sans Serif,Sorkin Type,https://fonts.google.com/specimen/Dekko,https://github.com/google/fonts/tree/main/ofl/dekko,https://github.com/google/fonts/tree/main/ofl/dekko
dela-gothic-one,Dela Gothic One,google-fonts,OFL,True,display,False,,False,1,cyrillic|greek|japanese|latin|latin-ext|vietnamese,Sans Serif,artakana,https://fonts.google.com/specimen/Dela+Gothic+One,https://github.com/google/fonts/tree/main/ofl/dela-gothic-one,https://github.com/google/fonts/tree/main/ofl/dela-gothic-one
delicious-handrawn,Delicious Handrawn,google-fonts,OFL,True,handwriting,False,,False,1,latin|latin-ext,,Agung Rohmat,https://fonts.google.com/specimen/Delicious+Handrawn,https://github.com/google/fonts/tree/main/ofl/delicious-handrawn,https://github.com/google/fonts/tree/main/ofl/delicious-handrawn
delius,Delius,google-fonts,OFL,True,handwriting,False,,False,1,latin,,Natalia Raices,https://fonts.google.com/specimen/Delius,https://github.com/google/fonts/tree/main/ofl/delius,https://github.com/google/fonts/tree/main/ofl/delius
delius-swash-caps,Delius Swash Caps,google-fonts,OFL,True,handwriting,False,,False,1,latin,,Natalia Raices,https://fonts.google.com/specimen/Delius+Swash+Caps,https://github.com/google/fonts/tree/main/ofl/delius-swash-caps,https://github.com/google/fonts/tree/main/ofl/delius-swash-caps
delius-unicase,Delius Unicase,google-fonts,OFL,True,handwriting,False,,False,2,latin,Sans Serif,Natalia Raices,https://fonts.google.com/specimen/Delius+Unicase,https://github.com/google/fonts/tree/main/ofl/delius-unicase,https://github.com/google/fonts/tree/main/ofl/delius-unicase
della-respira,Della Respira,google-fonts,OFL,True,serif,False,,False,1,latin,Serif,Nathan Willis,https://fonts.google.com/specimen/Della+Respira,https://github.com/google/fonts/tree/main/ofl/della-respira,https://github.com/google/fonts/tree/main/ofl/della-respira
denk-one,Denk One,google-fonts,OFL,True,sans-serif,False,,False,1,cyrillic-ext|latin|latin-ext|vietnamese,Sans Serif,Sorkin Type,https://fonts.google.com/specimen/Denk+One,https://github.com/google/fonts/tree/main/ofl/denk-one,https://github.com/google/fonts/tree/main/ofl/denk-one
nerd-fonts-departuremono,Departuremono,nerd-fonts,Mixed,True,monospace,False,,False,1,latin,nerd-font|icons|developer,Ryan L McIntyre (Nerd Fonts Patcher),https://github.com/ryanoasis/nerd-fonts/releases/latest,https://github.com/ryanoasis/nerd-fonts,https://github.com/ryanoasis/nerd-fonts
devonshire,Devonshire,google-fonts,OFL,True,handwriting,False,,False,1,latin|latin-ext,,Astigmatic,https://fonts.google.com/specimen/Devonshire,https://github.com/google/fonts/tree/main/ofl/devonshire,https://github.com/google/fonts/tree/main/ofl/devonshire
dhurjati,Dhurjati,google-fonts,OFL,True,sans-serif,False,,False,1,latin|telugu,Sans Serif,Purushoth Kumar Guttula,https://fonts.google.com/specimen/Dhurjati,https://github.com/google/fonts/tree/main/ofl/dhurjati,https://github.com/google/fonts/tree/main/ofl/dhurjati
didact-gothic,Didact Gothic,google-fonts,OFL,True,sans-serif,False,,False,1,cyrillic|cyrillic-ext|greek|greek-ext|latin|latin-ext,Sans Serif,Daniel Johnson|Cyreal,https://fonts.google.com/specimen/Didact+Gothic,https://github.com/google/fonts/tree/main/ofl/didact-gothic,https://github.com/google/fonts/tree/main/ofl/didact-gothic
diphylleia,Diphylleia,google-fonts,OFL,True,serif,False,,False,1,korean|latin|latin-ext,Serif,Minha Hyung|JAMO,https://fonts.google.com/specimen/Diphylleia,https://github.com/google/fonts/tree/main/ofl/diphylleia,https://github.com/google/fonts/tree/main/ofl/diphylleia
diplomata,Diplomata,google-fonts,OFL,True,display,False,,False,1,latin|latin-ext,Serif,Eduardo Tunni,https://fonts.google.com/specimen/Diplomata,https://github.com/google/fonts/tree/main/ofl/diplomata,https://github.com/google/fonts/tree/main/ofl/diplomata
diplomata-sc,Diplomata SC,google-fonts,OFL,True,display,False,,False,1,latin|latin-ext,Serif,Eduardo Tunni,https://fonts.google.com/specimen/Diplomata+SC,https://github.com/google/fonts/tree/main/ofl/diplomata-sc,https://github.com/google/fonts/tree/main/ofl/diplomata-sc
dm-mono,DM Mono,google-fonts,OFL,True,monospace,False,,False,6,latin|latin-ext,Sans Serif,Colophon Foundry,https://fonts.google.com/specimen/DM+Mono,https://github.com/google/fonts/tree/main/ofl/dm-mono,https://github.com/google/fonts/tree/main/ofl/dm-mono
dm-serif-display,DM Serif Display,google-fonts,OFL,True,serif,False,,False,2,latin|latin-ext,Serif,Colophon Foundry,https://fonts.google.com/specimen/DM+Serif+Display,https://github.com/google/fonts/tree/main/ofl/dm-serif-display,https://github.com/google/fonts/tree/main/ofl/dm-serif-display
dm-serif-text,DM Serif Text,google-fonts,OFL,True,serif,False,,False,2,latin|latin-ext,Serif,Colophon Foundry,https://fonts.google.com/specimen/DM+Serif+Text,https://github.com/google/fonts/tree/main/ofl/dm-serif-text,https://github.com/google/fonts/tree/main/ofl/dm-serif-text
do-hyeon,Do Hyeon,google-fonts,OFL,True,sans-serif,False,,False,1,korean|latin,Sans Serif,Woowahan Brothers,https://fonts.google.com/specimen/Do+Hyeon,https://github.com/google/fonts/tree/main/ofl/do-hyeon,https://github.com/google/fonts/tree/main/ofl/do-hyeon
dokdo,Dokdo,google-fonts,OFL,True,display,False,,False,1,korean|latin,,FONTRIX,https://fonts.google.com/specimen/Dokdo,https://github.com/google/fonts/tree/main/ofl/dokdo,https://github.com/google/fonts/tree/main/ofl/dokdo
domine,Domine,google-fonts,OFL,True,serif,False,,True,4,latin|latin-ext,Serif,Impallari Type,https://fonts.google.com/specimen/Domine,https://github.com/google/fonts/tree/main/ofl/domine,https://github.com/google/fonts/tree/main/ofl/domine
donegal-one,Donegal One,google-fonts,OFL,True,serif,False,,False,1,latin|latin-ext,Serif,Gary Lonergan,https://fonts.google.com/specimen/Donegal+One,https://github.com/google/fonts/tree/main/ofl/donegal-one,https://github.com/google/fonts/tree/main/ofl/donegal-one
dongle,Dongle,google-fonts,OFL,True,sans-serif,False,,False,3,korean|latin|latin-ext|vietnamese,Sans Serif,Yanghee Ryu,https://fonts.google.com/specimen/Dongle,https://github.com/google/fonts/tree/main/ofl/dongle,https://github.com/google/fonts/tree/main/ofl/dongle
doppio-one,Doppio One,google-fonts,OFL,True,sans-serif,False,,False,1,latin|latin-ext,Sans Serif,Szymon Celej,https://fonts.google.com/specimen/Doppio+One,https://github.com/google/fonts/tree/main/ofl/doppio-one,https://github.com/google/fonts/tree/main/ofl/doppio-one
dorsa,Dorsa,google-fonts,OFL,True,sans-serif,False,,False,1,latin,Sans Serif,Santiago Orozco,https://fonts.google.com/specimen/Dorsa,https://github.com/google/fonts/tree/main/ofl/dorsa,https://github.com/google/fonts/tree/main/ofl/dorsa
dosis,Dosis,google-fonts,OFL,True,sans-serif,False,,True,7,latin|latin-ext|vietnamese,Sans Serif,Impallari Type,https://fonts.google.com/specimen/Dosis,https://github.com/google/fonts/tree/main/ofl/dosis,https://github.com/google/fonts/tree/main/ofl/dosis
dotgothic16,DotGothic16,google-fonts,OFL,True,sans-serif,False,,False,1,cyrillic|japanese|latin|latin-ext,Sans Serif,Fontworks Inc.,https://fonts.google.com/specimen/DotGothic16,https://github.com/google/fonts/tree/main/ofl/dotgothic16,https://github.com/google/fonts/tree/main/ofl/dotgothic16
doto,Doto,google-fonts,OFL,True,sans-serif,False,,True,9,latin|latin-ext,Sans Serif,Óliver Lalan,https://fonts.google.com/specimen/Doto,https://github.com/google/fonts/tree/main/ofl/doto,https://github.com/google/fonts/tree/main/ofl/doto
dr-sugiyama,Dr Sugiyama,google-fonts,OFL,True,handwriting,False,,False,1,latin|latin-ext,,Sudtipos,https://fonts.google.com/specimen/Dr+Sugiyama,https://github.com/google/fonts/tree/main/ofl/dr-sugiyama,https://github.com/google/fonts/tree/main/ofl/dr-sugiyama
fontsource-dseg-weather,DSEG Weather,fontsource,OFL,True,other,False,,False,1,latin,fontsource|other,,https://fontsource.org/fonts/dseg-weather,https://fontsource.org/fonts/dseg-weather,
fontsource-dseg14-classic,DSEG14 Classic,fontsource,OFL,True,other,False,,False,6,latin,fontsource|other,,https://fontsource.org/fonts/dseg14-classic,https://fontsource.org/fonts/dseg14-classic,
fontsource-dseg14-classic-mini,DSEG14 Classic Mini,fontsource,OFL,True,other,False,,False,6,latin,fontsource|other,,https://fontsource.org/fonts/dseg14-classic-mini,https://fontsource.org/fonts/dseg14-classic-mini,
fontsource-dseg14-modern,DSEG14 Modern,fontsource,OFL,True,other,False,,False,6,latin,fontsource|other,,https://fontsource.org/fonts/dseg14-modern,https://fontsource.org/fonts/dseg14-modern,
fontsource-dseg14-modern-mini,DSEG14 Modern Mini,fontsource,OFL,True,other,False,,False,6,latin,fontsource|other,,https://fontsource.org/fonts/dseg14-modern-mini,https://fontsource.org/fonts/dseg14-modern-mini,
fontsource-dseg7-classic,DSEG7 Classic,fontsource,OFL,True,other,False,,False,6,latin,fontsource|other,,https://fontsource.org/fonts/dseg7-classic,https://fontsource.org/fonts/dseg7-classic,
fontsource-dseg7-classic-mini,DSEG7 Classic Mini,fontsource,OFL,True,other,False,,False,6,latin,fontsource|other,,https://fontsource.org/fonts/dseg7-classic-mini,https://fontsource.org/fonts/dseg7-classic-mini,
fontsource-dseg7-modern,DSEG7 Modern,fontsource,OFL,True,other,False,,False,6,latin,fontsource|other,,https://fontsource.org/fonts/dseg7-modern,https://fontsource.org/fonts/dseg7-modern,
fontsource-dseg7-modern-mini,DSEG7 Modern Mini,fontsource,OFL,True,other,False,,False,6,latin,fontsource|other,,https://fontsource.org/fonts/dseg7-modern-mini,https://fontsource.org/fonts/dseg7-modern-mini,
fontsource-dseg7-segg-chan,DSEG7 SEGG CHAN,fontsource,OFL,True,other,False,,False,1,latin,fontsource|other,,https://fontsource.org/fonts/dseg7-segg-chan,https://fontsource.org/fonts/dseg7-segg-chan,
fontsource-dseg7-segg-chan-mini,DSEG7 SEGG CHAN Mini,fontsource,OFL,True,other,False,,False,1,latin,fontsource|other,,https://fontsource.org/fonts/dseg7-segg-chan-mini,https://fontsource.org/fonts/dseg7-segg-chan-mini,
duru-sans,Duru Sans,google-fonts,OFL,True,sans-serif,False,,False,1,latin|latin-ext,Sans Serif,Onur Yazıcıgil,https://fonts.google.com/specimen/Duru+Sans,https://github.com/google/fonts/tree/main/ofl/duru-sans,https://github.com/google/fonts/tree/main/ofl/duru-sans
dynalight,Dynalight,google-fonts,OFL,True,display,False,,False,1,latin|latin-ext,,Astigmatic,https://fonts.google.com/specimen/Dynalight,https://github.com/google/fonts/tree/main/ofl/dynalight,https://github.com/google/fonts/tree/main/ofl/dynalight
dynapuff,DynaPuff,google-fonts,OFL,True,display,False,,True,4,cyrillic-ext|latin|latin-ext,,Toshi Omagari|Jennifer Daniel,https://fonts.google.com/specimen/DynaPuff,https://github.com/google/fonts/tree/main/ofl/dynapuff,https://github.com/google/fonts/tree/main/ofl/dynapuff
eagle-lake,Eagle Lake,google-fonts,OFL,True,handwriting,False,,False,1,latin|latin-ext,Serif,Astigmatic,https://fonts.google.com/specimen/Eagle+Lake,https://github.com/google/fonts/tree/main/ofl/eagle-lake,https://github.com/google/fonts/tree/main/ofl/eagle-lake
east-sea-dokdo,East Sea Dokdo,google-fonts,OFL,True,handwriting,False,,False,1,korean|latin,Sans Serif,YoonDesign Inc,https://fonts.google.com/specimen/East+Sea+Dokdo,https://github.com/google/fonts/tree/main/ofl/east-sea-dokdo,https://github.com/google/fonts/tree/main/ofl/east-sea-dokdo
eater,Eater,google-fonts,OFL,True,display,False,,False,1,latin|latin-ext,Serif,Typomondo,https://fonts.google.com/specimen/Eater,https://github.com/google/fonts/tree/main/ofl/eater,https://github.com/google/fonts/tree/main/ofl/eater
eb-garamond,EB Garamond,google-fonts,OFL,True,serif,False,,True,10,cyrillic|cyrillic-ext|greek|greek-ext|latin|latin-ext|vietnamese,Serif,Georg Duffner|Octavio Pardo,https://fonts.google.com/specimen/EB+Garamond,https://github.com/google/fonts/tree/main/ofl/eb-garamond,https://github.com/google/fonts/tree/main/ofl/eb-garamond
economica,Economica,google-fonts,OFL,True,sans-serif,False,,False,4,latin|latin-ext,Sans Serif,Vicente Lamónaca,https://fonts.google.com/specimen/Economica,https://github.com/google/fonts/tree/main/ofl/economica,https://github.com/google/fonts/tree/main/ofl/economica
eczar,Eczar,google-fonts,OFL,True,serif,False,,True,5,devanagari|greek|greek-ext|latin|latin-ext,Serif,Rosetta|Vaibhav Singh,https://fonts.google.com/specimen/Eczar,https://github.com/google/fonts/tree/main/ofl/eczar,https://github.com/google/fonts/tree/main/ofl/eczar
edu-au-vic-wa-nt-arrows,Edu AU VIC WA NT Arrows,google-fonts,OFL,True,handwriting,False,,True,4,latin|latin-ext,,Tina Anderson|Corey Anderson,https://fonts.google.com/specimen/Edu+AU+VIC+WA+NT+Arrows,https://github.com/google/fonts/tree/main/ofl/edu-au-vic-wa-nt-arrows,https://github.com/google/fonts/tree/main/ofl/edu-au-vic-wa-nt-arrows
edu-au-vic-wa-nt-dots,Edu AU VIC WA NT Dots,google-fonts,OFL,True,handwriting,False,,True,4,latin|latin-ext,,Tina Anderson|Corey Anderson,https://fonts.google.com/specimen/Edu+AU+VIC+WA+NT+Dots,https://github.com/google/fonts/tree/main/ofl/edu-au-vic-wa-nt-dots,https://github.com/google/fonts/tree/main/ofl/edu-au-vic-wa-nt-dots
edu-au-vic-wa-nt-guides,Edu AU VIC WA NT Guides,google-fonts,OFL,True,handwriting,False,,True,4,latin|latin-ext,,Tina Anderson|Corey Anderson,https://fonts.google.com/specimen/Edu+AU+VIC+WA+NT+Guides,https://github.com/google/fonts/tree/main/ofl/edu-au-vic-wa-nt-guides,https://github.com/google/fonts/tree/main/ofl/edu-au-vic-wa-nt-guides
edu-au-vic-wa-nt-hand,Edu AU VIC WA NT Hand,google-fonts,OFL,True,handwriting,False,,True,4,latin|latin-ext,Sans Serif,Tina Anderson|Corey Anderson,https://fonts.google.com/specimen/Edu+AU+VIC+WA+NT+Hand,https://github.com/google/fonts/tree/main/ofl/edu-au-vic-wa-nt-hand,https://github.com/google/fonts/tree/main/ofl/edu-au-vic-wa-nt-hand
edu-au-vic-wa-nt-pre,Edu AU VIC WA NT Pre,google-fonts,OFL,True,handwriting,False,,True,4,latin|latin-ext,,Tina Anderson|Corey Anderson,https://fonts.google.com/specimen/Edu+AU+VIC+WA+NT+Pre,https://github.com/google/fonts/tree/main/ofl/edu-au-vic-wa-nt-pre,https://github.com/google/fonts/tree/main/ofl/edu-au-vic-wa-nt-pre
edu-nsw-act-cursive,Edu NSW ACT Cursive,google-fonts,OFL,True,handwriting,False,,True,4,latin|latin-ext,,Tina Anderson|Corey Anderson,https://fonts.google.com/specimen/Edu+NSW+ACT+Cursive,https://github.com/google/fonts/tree/main/ofl/edu-nsw-act-cursive,https://github.com/google/fonts/tree/main/ofl/edu-nsw-act-cursive
edu-nsw-act-foundation,Edu NSW ACT Foundation,google-fonts,OFL,True,handwriting,False,,True,4,latin,,Tina Anderson|Corey Anderson,https://fonts.google.com/specimen/Edu+NSW+ACT+Foundation,https://github.com/google/fonts/tree/main/ofl/edu-nsw-act-foundation,https://github.com/google/fonts/tree/main/ofl/edu-nsw-act-foundation
edu-nsw-act-hand-pre,Edu NSW ACT Hand Pre,google-fonts,OFL,True,handwriting,False,,True,4,latin|latin-ext,,Tina Anderson|Corey Anderson,https://fonts.google.com/specimen/Edu+NSW+ACT+Hand+Pre,https://github.com/google/fonts/tree/main/ofl/edu-nsw-act-hand-pre,https://github.com/google/fonts/tree/main/ofl/edu-nsw-act-hand-pre
edu-qld-beginner,Edu QLD Beginner,google-fonts,OFL,True,handwriting,False,,True,4,latin,,Tina Anderson|Corey Anderson,https://fonts.google.com/specimen/Edu+QLD+Beginner,https://github.com/google/fonts/tree/main/ofl/edu-qld-beginner,https://github.com/google/fonts/tree/main/ofl/edu-qld-beginner
edu-qld-hand,Edu QLD Hand,google-fonts,OFL,True,handwriting,False,,True,4,latin|latin-ext|vietnamese,,Tina Anderson|Corey Anderson,https://fonts.google.com/specimen/Edu+QLD+Hand,https://github.com/google/fonts/tree/main/ofl/edu-qld-hand,https://github.com/google/fonts/tree/main/ofl/edu-qld-hand
edu-sa-beginner,Edu SA Beginner,google-fonts,OFL,True,handwriting,False,,True,4,latin,,Tina Anderson|Corey Anderson,https://fonts.google.com/specimen/Edu+SA+Beginner,https://github.com/google/fonts/tree/main/ofl/edu-sa-beginner,https://github.com/google/fonts/tree/main/ofl/edu-sa-beginner
edu-sa-hand,Edu SA Hand,google-fonts,OFL,True,handwriting,False,,True,4,latin|latin-ext,,Tina Anderson|Corey Anderson,https://fonts.google.com/specimen/Edu+SA+Hand,https://github.com/google/fonts/tree/main/ofl/edu-sa-hand,https://github.com/google/fonts/tree/main/ofl/edu-sa-hand
edu-tas-beginner,Edu TAS Beginner,google-fonts,OFL,True,handwriting,False,,True,4,latin,,Tina Anderson|Corey Anderson,https://fonts.google.com/specimen/Edu+TAS+Beginner,https://github.com/google/fonts/tree/main/ofl/edu-tas-beginner,https://github.com/google/fonts/tree/main/ofl/edu-tas-beginner
edu-vic-wa-nt-beginner,Edu VIC WA NT Beginner,google-fonts,OFL,True,handwriting,False,,True,4,latin,,Tina Anderson|Corey Anderson,https://fonts.google.com/specimen/Edu+VIC+WA+NT+Beginner,https://github.com/google/fonts/tree/main/ofl/edu-vic-wa-nt-beginner,https://github.com/google/fonts/tree/main/ofl/edu-vic-wa-nt-beginner
edu-vic-wa-nt-hand,Edu VIC WA NT Hand,google-fonts,OFL,True,handwriting,False,,True,4,latin|latin-ext,,Tina Anderson|Corey Anderson,https://fonts.google.com/specimen/Edu+VIC+WA+NT+Hand,https://github.com/google/fonts/tree/main/ofl/edu-vic-wa-nt-hand,https://github.com/google/fonts/tree/main/ofl/edu-vic-wa-nt-hand
edu-vic-wa-nt-hand-pre,Edu VIC WA NT Hand Pre,google-fonts,OFL,True,handwriting,False,,True,4,latin|latin-ext,,Tina Anderson|Corey Anderson,https://fonts.google.com/specimen/Edu+VIC+WA+NT+Hand+Pre,https://github.com/google/fonts/tree/main/ofl/edu-vic-wa-nt-hand-pre,https://github.com/google/fonts/tree/main/ofl/edu-vic-wa-nt-hand-pre
el-messiri,El Messiri,google-fonts,OFL,True,sans-serif,False,,True,4,arabic|cyrillic|latin|latin-ext,Sans Serif,Mohamed Gaber|Jovanny Lemonad,https://fonts.google.com/specimen/El+Messiri,https://github.com/google/fonts/tree/main/ofl/el-messiri,https://github.com/google/fonts/tree/main/ofl/el-messiri
electrolize,Electrolize,google-fonts,OFL,True,sans-serif,False,,False,1,latin,Sans Serif,Gaslight,https://fonts.google.com/specimen/Electrolize,https://github.com/google/fonts/tree/main/ofl/electrolize,https://github.com/google/fonts/tree/main/ofl/electrolize
elms-sans,Elms Sans,google-fonts,OFL,True,sans-serif,False,,True,18,latin|latin-ext|vietnamese,Sans Serif,Amarachi Nwauwa|Gida Type Studio,https://fonts.google.com/specimen/Elms+Sans,https://github.com/google/fonts/tree/main/ofl/elms-sans,https://github.com/google/fonts/tree/main/ofl/elms-sans
elsie,Elsie,google-fonts,OFL,True,display,False,,False,2,latin|latin-ext,Serif,Alejandro Inler,https://fonts.google.com/specimen/Elsie,https://github.com/google/fonts/tree/main/ofl/elsie,https://github.com/google/fonts/tree/main/ofl/elsie
elsie-swash-caps,Elsie Swash Caps,google-fonts,OFL,True,display,False,,False,2,latin|latin-ext,Serif,Alejandro Inler,https://fonts.google.com/specimen/Elsie+Swash+Caps,https://github.com/google/fonts/tree/main/ofl/elsie-swash-caps,https://github.com/google/fonts/tree/main/ofl/elsie-swash-caps
emblema-one,Emblema One,google-fonts,OFL,True,display,False,,False,1,latin|latin-ext,,Riccardo De Franceschi,https://fonts.google.com/specimen/Emblema+One,https://github.com/google/fonts/tree/main/ofl/emblema-one,https://github.com/google/fonts/tree/main/ofl/emblema-one
emilys-candy,Emilys Candy,google-fonts,OFL,True,display,False,,False,1,latin|latin-ext,Serif,Neapolitan,https://fonts.google.com/specimen/Emilys+Candy,https://github.com/google/fonts/tree/main/ofl/emilys-candy,https://github.com/google/fonts/tree/main/ofl/emilys-candy
encode-sans,Encode Sans,google-fonts,OFL,True,sans-serif,False,,True,9,latin|latin-ext|vietnamese,Sans Serif,Impallari Type|Andres Torresi|Jacques Le Bailly,https://fonts.google.com/specimen/Encode+Sans,https://github.com/google/fonts/tree/main/ofl/encode-sans,https://github.com/google/fonts/tree/main/ofl/encode-sans
encode-sans-condensed,Encode Sans Condensed,google-fonts,OFL,True,sans-serif,False,,False,9,latin|latin-ext|vietnamese,Sans Serif,Impallari Type|Andres Torresi|Jacques Le Bailly,https://fonts.google.com/specimen/Encode+Sans+Condensed,https://github.com/google/fonts/tree/main/ofl/encode-sans-condensed,https://github.com/google/fonts/tree/main/ofl/encode-sans-condensed
encode-sans-expanded,Encode Sans Expanded,google-fonts,OFL,True,sans-serif,False,,False,9,latin|latin-ext|vietnamese,Sans Serif,Impallari Type|Andres Torresi|Jacques Le Bailly,https://fonts.google.com/specimen/Encode+Sans+Expanded,https://github.com/google/fonts/tree/main/ofl/encode-sans-expanded,https://github.com/google/fonts/tree/main/ofl/encode-sans-expanded
encode-sans-sc,Encode Sans SC,google-fonts,OFL,True,sans-serif,False,,True,9,latin|latin-ext|vietnamese,Sans Serif,Impallari Type|Andres Torresi|Jacques Le Bailly,https://fonts.google.com/specimen/Encode+Sans+SC,https://github.com/google/fonts/tree/main/ofl/encode-sans-sc,https://github.com/google/fonts/tree/main/ofl/encode-sans-sc
encode-sans-semi-condensed,Encode Sans Semi Condensed,google-fonts,OFL,True,sans-serif,False,,False,9,latin|latin-ext|vietnamese,Sans Serif,Impallari Type|Andres Torresi|Jacques Le Bailly,https://fonts.google.com/specimen/Encode+Sans+Semi+Condensed,https://github.com/google/fonts/tree/main/ofl/encode-sans-semi-condensed,https://github.com/google/fonts/tree/main/ofl/encode-sans-semi-condensed
encode-sans-semi-expanded,Encode Sans Semi Expanded,google-fonts,OFL,True,sans-serif,False,,False,9,latin|latin-ext|vietnamese,Sans Serif,Impallari Type|Andres Torresi|Jacques Le Bailly,https://fonts.google.com/specimen/Encode+Sans+Semi+Expanded,https://github.com/google/fonts/tree/main/ofl/encode-sans-semi-expanded,https://github.com/google/fonts/tree/main/ofl/encode-sans-semi-expanded
engagement,Engagement,google-fonts,OFL,True,handwriting,False,,False,1,latin|latin-ext,,Astigmatic,https://fonts.google.com/specimen/Engagement,https://github.com/google/fonts/tree/main/ofl/engagement,https://github.com/google/fonts/tree/main/ofl/engagement
englebert,Englebert,google-fonts,OFL,True,sans-serif,False,,False,1,latin|latin-ext,Sans Serif,Astigmatic,https://fonts.google.com/specimen/Englebert,https://github.com/google/fonts/tree/main/ofl/englebert,https://github.com/google/fonts/tree/main/ofl/englebert
enriqueta,Enriqueta,google-fonts,OFL,True,serif,False,,False,4,latin|latin-ext,Serif,FontFuror,https://fonts.google.com/specimen/Enriqueta,https://github.com/google/fonts/tree/main/ofl/enriqueta,https://github.com/google/fonts/tree/main/ofl/enriqueta
nerd-fonts-envycoder,Envycoder,nerd-fonts,Mixed,True,monospace,False,,False,1,latin,nerd-font|icons|developer,Ryan L McIntyre (Nerd Fonts Patcher),https://github.com/ryanoasis/nerd-fonts/releases/latest,https://github.com/ryanoasis/nerd-fonts,https://github.com/ryanoasis/nerd-fonts
ephesis,Ephesis,google-fonts,OFL,True,handwriting,False,,False,1,latin|latin-ext|vietnamese,,Robert Leuschke,https://fonts.google.com/specimen/Ephesis,https://github.com/google/fonts/tree/main/ofl/ephesis,https://github.com/google/fonts/tree/main/ofl/ephesis
epunda-sans,Epunda Sans,google-fonts,OFL,True,sans-serif,False,,True,14,latin|latin-ext,Sans Serif,Typofactur,https://fonts.google.com/specimen/Epunda+Sans,https://github.com/google/fonts/tree/main/ofl/epunda-sans,https://github.com/google/fonts/tree/main/ofl/epunda-sans
epunda-slab,Epunda Slab,google-fonts,OFL,True,serif,False,,True,14,latin|latin-ext,Serif,Typofactur,https://fonts.google.com/specimen/Epunda+Slab,https://github.com/google/fonts/tree/main/ofl/epunda-slab,https://github.com/google/fonts/tree/main/ofl/epunda-slab
erica-one,Erica One,google-fonts,OFL,True,display,False,,False,1,latin|latin-ext,Sans Serif,Miguel Hernandez,https://fonts.google.com/specimen/Erica+One,https://github.com/google/fonts/tree/main/ofl/erica-one,https://github.com/google/fonts/tree/main/ofl/erica-one
esteban,Esteban,google-fonts,OFL,True,serif,False,,False,1,latin|latin-ext,Serif,Angélica Díaz,https://fonts.google.com/specimen/Esteban,https://github.com/google/fonts/tree/main/ofl/esteban,https://github.com/google/fonts/tree/main/ofl/esteban
estedad,Estedad,google-fonts,OFL,True,sans-serif,False,,True,9,arabic|latin|latin-ext|vietnamese,Sans Serif,Amin Abedi|Fontamin,https://fonts.google.com/specimen/Estedad,https://github.com/google/fonts/tree/main/ofl/estedad,https://github.com/google/fonts/tree/main/ofl/estedad
estonia,Estonia,google-fonts,OFL,True,handwriting,False,,False,1,latin|latin-ext|vietnamese,,Robert Leuschke,https://fonts.google.com/specimen/Estonia,https://github.com/google/fonts/tree/main/ofl/estonia,https://github.com/google/fonts/tree/main/ofl/estonia
euphoria-script,Euphoria Script,google-fonts,OFL,True,handwriting,False,,False,1,latin|latin-ext,,Sabrina Mariela Lopez,https://fonts.google.com/specimen/Euphoria+Script,https://github.com/google/fonts/tree/main/ofl/euphoria-script,https://github.com/google/fonts/tree/main/ofl/euphoria-script
ewert,Ewert,google-fonts,OFL,True,display,False,,False,1,latin|latin-ext,Serif,Johan Kallas|Mihkel Virkus,https://fonts.google.com/specimen/Ewert,https://github.com/google/fonts/tree/main/ofl/ewert,https://github.com/google/fonts/tree/main/ofl/ewert
exile,Exile,google-fonts,OFL,True,display,False,,False,1,latin|latin-ext,,Bartłomiej Rózga,https://fonts.google.com/specimen/Exile,https://github.com/google/fonts/tree/main/ofl/exile,https://github.com/google/fonts/tree/main/ofl/exile
exo,Exo,google-fonts,OFL,True,sans-serif,False,,True,18,latin|latin-ext|vietnamese,Sans Serif,Natanael Gama|Robin Mientjes,https://fonts.google.com/specimen/Exo,https://github.com/google/fonts/tree/main/ofl/exo,https://github.com/google/fonts/tree/main/ofl/exo
exo-2,Exo 2,google-fonts,OFL,True,sans-serif,False,,True,18,cyrillic|cyrillic-ext|latin|latin-ext|vietnamese,Sans Serif,Natanael Gama,https://fonts.google.com/specimen/Exo+2,https://github.com/google/fonts/tree/main/ofl/exo-2,https://github.com/google/fonts/tree/main/ofl/exo-2
expletus-sans,Expletus Sans,google-fonts,OFL,True,display,False,,True,8,latin|latin-ext,Sans Serif,Designtown,https://fonts.google.com/specimen/Expletus+Sans,https://github.com/google/fonts/tree/main/ofl/expletus-sans,https://github.com/google/fonts/tree/main/ofl/expletus-sans
explora,Explora,google-fonts,OFL,True,handwriting,False,,False,1,cherokee|latin|latin-ext|vietnamese,Serif,Robert Leuschke,https://fonts.google.com/specimen/Explora,https://github.com/google/fonts/tree/main/ofl/explora,https://github.com/google/fonts/tree/main/ofl/explora
faculty-glyphic,Faculty Glyphic,google-fonts,OFL,True,sans-serif,False,,False,1,latin|latin-ext,Sans Serif,Koto Studio,https://fonts.google.com/specimen/Faculty+Glyphic,https://github.com/google/fonts/tree/main/ofl/faculty-glyphic,https://github.com/google/fonts/tree/main/ofl/faculty-glyphic
fahkwang,Fahkwang,google-fonts,OFL,True,sans-serif,False,,False,12,latin|latin-ext|thai|vietnamese,Sans Serif,Cadson Demak,https://fonts.google.com/specimen/Fahkwang,https://github.com/google/fonts/tree/main/ofl/fahkwang,https://github.com/google/fonts/tree/main/ofl/fahkwang
fanwood-text,Fanwood Text,google-fonts,OFL,True,serif,False,,False,2,latin|latin-ext,Serif,Barry Schwartz,https://fonts.google.com/specimen/Fanwood+Text,https://github.com/google/fonts/tree/main/ofl/fanwood-text,https://github.com/google/fonts/tree/main/ofl/fanwood-text
farro,Farro,google-fonts,OFL,True,sans-serif,False,,False,4,latin|latin-ext,Sans Serif,Grayscale,https://fonts.google.com/specimen/Farro,https://github.com/google/fonts/tree/main/ofl/farro,https://github.com/google/fonts/tree/main/ofl/farro
farsan,Farsan,google-fonts,OFL,True,display,False,,False,1,gujarati|latin|latin-ext|vietnamese,Sans Serif,Pooja Saxena,https://fonts.google.com/specimen/Farsan,https://github.com/google/fonts/tree/main/ofl/farsan,https://github.com/google/fonts/tree/main/ofl/farsan
fascinate,Fascinate,google-fonts,OFL,True,display,False,,False,1,latin|latin-ext,,Astigmatic,https://fonts.google.com/specimen/Fascinate,https://github.com/google/fonts/tree/main/ofl/fascinate,https://github.com/google/fonts/tree/main/ofl/fascinate
fascinate-inline,Fascinate Inline,google-fonts,OFL,True,display,False,,False,1,latin|latin-ext,,Astigmatic,https://fonts.google.com/specimen/Fascinate+Inline,https://github.com/google/fonts/tree/main/ofl/fascinate-inline,https://github.com/google/fonts/tree/main/ofl/fascinate-inline
faster-one,Faster One,google-fonts,OFL,True,display,False,,False,1,latin|latin-ext,,Eduardo Tunni,https://fonts.google.com/specimen/Faster+One,https://github.com/google/fonts/tree/main/ofl/faster-one,https://github.com/google/fonts/tree/main/ofl/faster-one
fasthand,Fasthand,google-fonts,OFL,True,display,False,,False,1,khmer|latin,,Danh Hong|Neapolitan,https://fonts.google.com/specimen/Fasthand,https://github.com/google/fonts/tree/main/ofl/fasthand,https://github.com/google/fonts/tree/main/ofl/fasthand
fauna-one,Fauna One,google-fonts,OFL,True,serif,False,,False,1,latin|latin-ext,Serif,Eduardo Tunni,https://fonts.google.com/specimen/Fauna+One,https://github.com/google/fonts/tree/main/ofl/fauna-one,https://github.com/google/fonts/tree/main/ofl/fauna-one
federant,Federant,google-fonts,OFL,True,display,False,,False,1,latin,Serif,Cyreal,https://fonts.google.com/specimen/Federant,https://github.com/google/fonts/tree/main/ofl/federant,https://github.com/google/fonts/tree/main/ofl/federant
federo,Federo,google-fonts,OFL,True,sans-serif,False,,False,1,latin,Sans Serif,Cyreal,https://fonts.google.com/specimen/Federo,https://github.com/google/fonts/tree/main/ofl/federo,https://github.com/google/fonts/tree/main/ofl/federo
felipa,Felipa,google-fonts,OFL,True,handwriting,False,,False,1,latin|latin-ext,Serif,Fontstage,https://fonts.google.com/specimen/Felipa,https://github.com/google/fonts/tree/main/ofl/felipa,https://github.com/google/fonts/tree/main/ofl/felipa
fenix,Fenix,google-fonts,OFL,True,serif,False,,False,1,latin|latin-ext,Serif,Fernando Díaz,https://fonts.google.com/specimen/Fenix,https://github.com/google/fonts/tree/main/ofl/fenix,https://github.com/google/fonts/tree/main/ofl/fenix
festive,Festive,google-fonts,OFL,True,handwriting,False,,False,1,latin|latin-ext|vietnamese,,Robert Leuschke,https://fonts.google.com/specimen/Festive,https://github.com/google/fonts/tree/main/ofl/festive,https://github.com/google/fonts/tree/main/ofl/festive
finger-paint,Finger Paint,google-fonts,OFL,True,display,False,,False,1,latin,Sans Serif,Carrois Apostrophe,https://fonts.google.com/specimen/Finger+Paint,https://github.com/google/fonts/tree/main/ofl/finger-paint,https://github.com/google/fonts/tree/main/ofl/finger-paint
finlandica-headline,Finlandica Headline,google-fonts,OFL,True,sans-serif,False,,True,18,cyrillic|cyrillic-ext|latin|latin-ext|vietnamese,Sans Serif,Helsinki Type Studio|Niklas Ekholm|Juho Hiilivirta|Jaakko Suomalainen,https://fonts.google.com/specimen/Finlandica+Headline,https://github.com/google/fonts/tree/main/ofl/finlandica-headline,https://github.com/google/fonts/tree/main/ofl/finlandica-headline
finlandica-text,Finlandica Text,google-fonts,OFL,True,sans-serif,False,,True,18,cyrillic|cyrillic-ext|latin|latin-ext|vietnamese,Sans Serif,Helsinki Type Studio|Niklas Ekholm|Juho Hiilivirta|Jaakko Suomalainen,https://fonts.google.com/specimen/Finlandica+Text,https://github.com/google/fonts/tree/main/ofl/finlandica-text,https://github.com/google/fonts/tree/main/ofl/finlandica-text
fira-code,Fira Code,google-fonts,OFL,True,monospace,False,,True,5,cyrillic|cyrillic-ext|greek|greek-ext|latin|latin-ext|symbols2,developer|icons|nerd-font,The Mozilla Foundation|Telefonica S.A.|Nikita Prokopov,https://fonts.google.com/specimen/Fira+Code,https://github.com/google/fonts/tree/main/ofl/fira-code,https://github.com/google/fonts/tree/main/ofl/fira-code
fira-mono,Fira Mono,google-fonts,OFL,True,monospace,False,,False,3,cyrillic|cyrillic-ext|greek|greek-ext|latin|latin-ext|symbols2,,Carrois Apostrophe,https://fonts.google.com/specimen/Fira+Mono,https://github.com/google/fonts/tree/main/ofl/fira-mono,https://github.com/google/fonts/tree/main/ofl/fira-mono
fira-sans-condensed,Fira Sans Condensed,google-fonts,OFL,True,sans-serif,False,,False,18,cyrillic|cyrillic-ext|greek|greek-ext|latin|latin-ext|vietnamese,Sans Serif,Carrois Apostrophe,https://fonts.google.com/specimen/Fira+Sans+Condensed,https://github.com/google/fonts/tree/main/ofl/fira-sans-condensed,https://github.com/google/fonts/tree/main/ofl/fira-sans-condensed
fira-sans-extra-condensed,Fira Sans Extra Condensed,google-fonts,OFL,True,sans-serif,False,,False,18,cyrillic|cyrillic-ext|greek|greek-ext|latin|latin-ext|vietnamese,Sans Serif,Carrois Apostrophe,https://fonts.google.com/specimen/Fira+Sans+Extra+Condensed,https://github.com/google/fonts/tree/main/ofl/fira-sans-extra-condensed,https://github.com/google/fonts/tree/main/ofl/fira-sans-extra-condensed
fontsource-firago,FiraGO,fontsource,OFL,True,sans-serif,False,,False,18,latin,fontsource|other,,https://fontsource.org/fonts/firago,https://fontsource.org/fonts/firago,
nerd-fonts-firamono,Firamono,nerd-fonts,Mixed,True,monospace,False,,False,1,latin,nerd-font|icons|developer,Ryan L McIntyre (Nerd Fonts Patcher),https://github.com/ryanoasis/nerd-fonts/releases/latest,https://github.com/ryanoasis/nerd-fonts,https://github.com/ryanoasis/nerd-fonts
fjalla-one,Fjalla One,google-fonts,OFL,True,sans-serif,False,,False,1,cyrillic-ext|latin|latin-ext|vietnamese,Sans Serif,Sorkin Type|Irina Smirnova,https://fonts.google.com/specimen/Fjalla+One,https://github.com/google/fonts/tree/main/ofl/fjalla-one,https://github.com/google/fonts/tree/main/ofl/fjalla-one
fjord-one,Fjord One,google-fonts,OFL,True,serif,False,,False,1,latin,Serif,Viktoriya Grabowska,https://fonts.google.com/specimen/Fjord+One,https://github.com/google/fonts/tree/main/ofl/fjord-one,https://github.com/google/fonts/tree/main/ofl/fjord-one
flamenco,Flamenco,google-fonts,OFL,True,display,False,,False,2,latin,,LatinoType,https://fonts.google.com/specimen/Flamenco,https://github.com/google/fonts/tree/main/ofl/flamenco,https://github.com/google/fonts/tree/main/ofl/flamenco
flavors,Flavors,google-fonts,OFL,True,display,False,,False,1,latin|latin-ext,,Sideshow,https://fonts.google.com/specimen/Flavors,https://github.com/google/fonts/tree/main/ofl/flavors,https://github.com/google/fonts/tree/main/ofl/flavors
fleur-de-leah,Fleur De Leah,google-fonts,OFL,True,handwriting,False,,False,1,latin|latin-ext|vietnamese,,Robert Leuschke,https://fonts.google.com/specimen/Fleur+De+Leah,https://github.com/google/fonts/tree/main/ofl/fleur-de-leah,https://github.com/google/fonts/tree/main/ofl/fleur-de-leah
flow-block,Flow Block,google-fonts,OFL,True,display,False,,False,1,cyrillic|cyrillic-ext|latin|latin-ext|vietnamese,,Dan Ross,https://fonts.google.com/specimen/Flow+Block,https://github.com/google/fonts/tree/main/ofl/flow-block,https://github.com/google/fonts/tree/main/ofl/flow-block
flow-circular,Flow Circular,google-fonts,OFL,True,display,False,,False,1,cyrillic|cyrillic-ext|latin|latin-ext|vietnamese,,Dan Ross,https://fonts.google.com/specimen/Flow+Circular,https://github.com/google/fonts/tree/main/ofl/flow-circular,https://github.com/google/fonts/tree/main/ofl/flow-circular
flow-rounded,Flow Rounded,google-fonts,OFL,True,display,False,,False,1,cyrillic|cyrillic-ext|latin|latin-ext|vietnamese,,Dan Ross,https://fonts.google.com/specimen/Flow+Rounded,https://github.com/google/fonts/tree/main/ofl/flow-rounded,https://github.com/google/fonts/tree/main/ofl/flow-rounded
foldit,Foldit,google-fonts,OFL,True,display,False,,True,9,latin|latin-ext|vietnamese,Sans Serif,Sophia Tai,https://fonts.google.com/specimen/Foldit,https://github.com/google/fonts/tree/main/ofl/foldit,https://github.com/google/fonts/tree/main/ofl/foldit
fondamento,Fondamento,google-fonts,OFL,True,handwriting,False,,False,2,latin|latin-ext,,Astigmatic,https://fonts.google.com/specimen/Fondamento,https://github.com/google/fonts/tree/main/ofl/fondamento,https://github.com/google/fonts/tree/main/ofl/fondamento
fontdiner-swanky,Fontdiner Swanky,google-fonts,OFL,True,display,False,,False,1,latin,Serif,Font Diner,https://fonts.google.com/specimen/Fontdiner+Swanky,https://github.com/google/fonts/tree/main/ofl/fontdiner-swanky,https://github.com/google/fonts/tree/main/ofl/fontdiner-swanky
nerd-fonts-fontpatcher,Fontpatcher,nerd-fonts,Mixed,True,monospace,False,,False,1,latin,nerd-font|icons|developer,Ryan L McIntyre (Nerd Fonts Patcher),https://github.com/ryanoasis/nerd-fonts/releases/latest,https://github.com/ryanoasis/nerd-fonts,https://github.com/ryanoasis/nerd-fonts
forum,Forum,google-fonts,OFL,True,display,False,,False,1,cyrillic|cyrillic-ext|latin|latin-ext,Serif,Denis Masharov,https://fonts.google.com/specimen/Forum,https://github.com/google/fonts/tree/main/ofl/forum,https://github.com/google/fonts/tree/main/ofl/forum
fragment-mono,Fragment Mono,google-fonts,OFL,True,monospace,False,,False,2,cyrillic-ext|latin|latin-ext,Sans Serif,Wei Huang|URW Design Studio,https://fonts.google.com/specimen/Fragment+Mono,https://github.com/google/fonts/tree/main/ofl/fragment-mono,https://github.com/google/fonts/tree/main/ofl/fragment-mono
francois-one,Francois One,google-fonts,OFL,True,sans-serif,False,,False,1,latin|latin-ext|vietnamese,Sans Serif,Vernon Adams,https://fonts.google.com/specimen/Francois+One,https://github.com/google/fonts/tree/main/ofl/francois-one,https://github.com/google/fonts/tree/main/ofl/francois-one
frank-ruhl-libre,Frank Ruhl Libre,google-fonts,OFL,True,serif,False,,True,7,hebrew|latin|latin-ext,Serif,Yanek Iontef,https://fonts.google.com/specimen/Frank+Ruhl+Libre,https://github.com/google/fonts/tree/main/ofl/frank-ruhl-libre,https://github.com/google/fonts/tree/main/ofl/frank-ruhl-libre
fraunces,Fraunces,google-fonts,OFL,True,serif,False,,True,18,latin|latin-ext|vietnamese,Serif,Undercase Type|Phaedra Charles|Flavia Zimbardi,https://fonts.google.com/specimen/Fraunces,https://github.com/google/fonts/tree/main/ofl/fraunces,https://github.com/google/fonts/tree/main/ofl/fraunces
freckle-face,Freckle Face,google-fonts,OFL,True,display,False,,False,1,latin|latin-ext,,Astigmatic,https://fonts.google.com/specimen/Freckle+Face,https://github.com/google/fonts/tree/main/ofl/freckle-face,https://github.com/google/fonts/tree/main/ofl/freckle-face
fredericka-the-great,Fredericka the Great,google-fonts,OFL,True,display,False,,False,1,latin|latin-ext,Serif,Tart Workshop,https://fonts.google.com/specimen/Fredericka+the+Great,https://github.com/google/fonts/tree/main/ofl/fredericka-the-great,https://github.com/google/fonts/tree/main/ofl/fredericka-the-great
fredoka,Fredoka,google-fonts,OFL,True,sans-serif,False,,True,5,hebrew|latin|latin-ext,Sans Serif,Milena Brandão|Hafontia,https://fonts.google.com/specimen/Fredoka,https://github.com/google/fonts/tree/main/ofl/fredoka,https://github.com/google/fonts/tree/main/ofl/fredoka
freehand,Freehand,google-fonts,OFL,True,display,False,,False,1,khmer|latin,,Danh Hong,https://fonts.google.com/specimen/Freehand,https://github.com/google/fonts/tree/main/ofl/freehand,https://github.com/google/fonts/tree/main/ofl/freehand
freeman,Freeman,google-fonts,OFL,True,display,False,,False,1,latin|latin-ext|vietnamese,Sans Serif,Rodrigo Fuenzalida|Aoife Mooney|Vernon Adams,https://fonts.google.com/specimen/Freeman,https://github.com/google/fonts/tree/main/ofl/freeman,https://github.com/google/fonts/tree/main/ofl/freeman
fresca,Fresca,google-fonts,OFL,True,sans-serif,False,,False,1,latin|latin-ext,Sans Serif,Fontstage,https://fonts.google.com/specimen/Fresca,https://github.com/google/fonts/tree/main/ofl/fresca,https://github.com/google/fonts/tree/main/ofl/fresca
frijole,Frijole,google-fonts,OFL,True,display,False,,False,1,latin,,Sideshow,https://fonts.google.com/specimen/Frijole,https://github.com/google/fonts/tree/main/ofl/frijole,https://github.com/google/fonts/tree/main/ofl/frijole
fruktur,Fruktur,google-fonts,OFL,True,display,False,,False,2,cyrillic-ext|latin|latin-ext|vietnamese,,Viktoriya Grabowska|Eben Sorkin,https://fonts.google.com/specimen/Fruktur,https://github.com/google/fonts/tree/main/ofl/fruktur,https://github.com/google/fonts/tree/main/ofl/fruktur
fugaz-one,Fugaz One,google-fonts,OFL,True,display,False,,False,1,latin,Sans Serif,LatinoType,https://fonts.google.com/specimen/Fugaz+One,https://github.com/google/fonts/tree/main/ofl/fugaz-one,https://github.com/google/fonts/tree/main/ofl/fugaz-one
fuggles,Fuggles,google-fonts,OFL,True,handwriting,False,,False,1,latin|latin-ext|vietnamese,,Robert Leuschke,https://fonts.google.com/specimen/Fuggles,https://github.com/google/fonts/tree/main/ofl/fuggles,https://github.com/google/fonts/tree/main/ofl/fuggles
funnel-display,Funnel Display,google-fonts,OFL,True,display,False,,True,6,latin|latin-ext,Sans Serif,NORD ID|Kristian Möller,https://fonts.google.com/specimen/Funnel+Display,https://github.com/google/fonts/tree/main/ofl/funnel-display,https://github.com/google/fonts/tree/main/ofl/funnel-display
funnel-sans,Funnel Sans,google-fonts,OFL,True,sans-serif,False,,True,12,latin|latin-ext,Sans Serif,NORD ID|Kristian Möller,https://fonts.google.com/specimen/Funnel+Sans,https://github.com/google/fonts/tree/main/ofl/funnel-sans,https://github.com/google/fonts/tree/main/ofl/funnel-sans
fontsource-fusion-kai-g,Fusion Kai G,fontsource,OFL,True,handwriting,False,,False,1,latin,fontsource|other,,https://fontsource.org/fonts/fusion-kai-g,https://fontsource.org/fonts/fusion-kai-g,
fontsource-fusion-kai-j,Fusion Kai J,fontsource,OFL,True,handwriting,False,,False,1,latin,fontsource|other,,https://fontsource.org/fonts/fusion-kai-j,https://fontsource.org/fonts/fusion-kai-j,
fontsource-fusion-kai-t,Fusion Kai T,fontsource,OFL,True,handwriting,False,,False,1,latin,fontsource|other,,https://fontsource.org/fonts/fusion-kai-t,https://fontsource.org/fonts/fusion-kai-t,
fontsource-fusion-pixel-10px-monospaced-jp,Fusion Pixel 10px Monospaced JP,fontsource,OFL,True,sans-serif,False,,False,1,latin,fontsource|other,,https://fontsource.org/fonts/fusion-pixel-10px-monospaced-jp,https://fontsource.org/fonts/fusion-pixel-10px-monospaced-jp,
fontsource-fusion-pixel-10px-monospaced-kr,Fusion Pixel 10px Monospaced KR,fontsource,OFL,True,sans-serif,False,,False,1,latin,fontsource|other,,https://fontsource.org/fonts/fusion-pixel-10px-monospaced-kr,https://fontsource.org/fonts/fusion-pixel-10px-monospaced-kr,
fontsource-fusion-pixel-10px-monospaced-sc,Fusion Pixel 10px Monospaced SC,fontsource,OFL,True,sans-serif,False,,False,1,latin,fontsource|other,,https://fontsource.org/fonts/fusion-pixel-10px-monospaced-sc,https://fontsource.org/fonts/fusion-pixel-10px-monospaced-sc,
fontsource-fusion-pixel-10px-monospaced-tc,Fusion Pixel 10px Monospaced TC,fontsource,OFL,True,sans-serif,False,,False,1,latin,fontsource|other,,https://fontsource.org/fonts/fusion-pixel-10px-monospaced-tc,https://fontsource.org/fonts/fusion-pixel-10px-monospaced-tc,
fontsource-fusion-pixel-10px-proportional-jp,Fusion Pixel 10px Proportional JP,fontsource,OFL,True,sans-serif,False,,False,1,latin,fontsource|other,,https://fontsource.org/fonts/fusion-pixel-10px-proportional-jp,https://fontsource.org/fonts/fusion-pixel-10px-proportional-jp,
fontsource-fusion-pixel-10px-proportional-kr,Fusion Pixel 10px Proportional KR,fontsource,OFL,True,sans-serif,False,,False,1,latin,fontsource|other,,https://fontsource.org/fonts/fusion-pixel-10px-proportional-kr,https://fontsource.org/fonts/fusion-pixel-10px-proportional-kr,
fontsource-fusion-pixel-10px-proportional-sc,Fusion Pixel 10px Proportional SC,fontsource,OFL,True,sans-serif,False,,False,1,latin,fontsource|other,,https://fontsource.org/fonts/fusion-pixel-10px-proportional-sc,https://fontsource.org/fonts/fusion-pixel-10px-proportional-sc,
fontsource-fusion-pixel-10px-proportional-tc,Fusion Pixel 10px Proportional TC,fontsource,OFL,True,sans-serif,False,,False,1,latin,fontsource|other,,https://fontsource.org/fonts/fusion-pixel-10px-proportional-tc,https://fontsource.org/fonts/fusion-pixel-10px-proportional-tc,
fontsource-fusion-pixel-12px-monospaced-jp,Fusion Pixel 12px Monospaced JP,fontsource,OFL,True,sans-serif,False,,False,1,latin,fontsource|other,,https://fontsource.org/fonts/fusion-pixel-12px-monospaced-jp,https://fontsource.org/fonts/fusion-pixel-12px-monospaced-jp,
fontsource-fusion-pixel-12px-monospaced-kr,Fusion Pixel 12px Monospaced KR,fontsource,OFL,True,sans-serif,False,,False,1,latin,fontsource|other,,https://fontsource.org/fonts/fusion-pixel-12px-monospaced-kr,https://fontsource.org/fonts/fusion-pixel-12px-monospaced-kr,
fontsource-fusion-pixel-12px-monospaced-sc,Fusion Pixel 12px Monospaced SC,fontsource,OFL,True,sans-serif,False,,False,1,latin,fontsource|other,,https://fontsource.org/fonts/fusion-pixel-12px-monospaced-sc,https://fontsource.org/fonts/fusion-pixel-12px-monospaced-sc,
fontsource-fusion-pixel-12px-monospaced-tc,Fusion Pixel 12px Monospaced TC,fontsource,OFL,True,sans-serif,False,,False,1,latin,fontsource|other,,https://fontsource.org/fonts/fusion-pixel-12px-monospaced-tc,https://fontsource.org/fonts/fusion-pixel-12px-monospaced-tc,
fontsource-fusion-pixel-12px-proportional-jp,Fusion Pixel 12px Proportional JP,fontsource,OFL,True,sans-serif,False,,False,1,latin,fontsource|other,,https://fontsource.org/fonts/fusion-pixel-12px-proportional-jp,https://fontsource.org/fonts/fusion-pixel-12px-proportional-jp,
fontsource-fusion-pixel-12px-proportional-kr,Fusion Pixel 12px Proportional KR,fontsource,OFL,True,sans-serif,False,,False,1,latin,fontsource|other,,https://fontsource.org/fonts/fusion-pixel-12px-proportional-kr,https://fontsource.org/fonts/fusion-pixel-12px-proportional-kr,
fontsource-fusion-pixel-12px-proportional-sc,Fusion Pixel 12px Proportional SC,fontsource,OFL,True,sans-serif,False,,False,1,latin,fontsource|other,,https://fontsource.org/fonts/fusion-pixel-12px-proportional-sc,https://fontsource.org/fonts/fusion-pixel-12px-proportional-sc,
fontsource-fusion-pixel-12px-proportional-tc,Fusion Pixel 12px Proportional TC,fontsource,OFL,True,sans-serif,False,,False,1,latin,fontsource|other,,https://fontsource.org/fonts/fusion-pixel-12px-proportional-tc,https://fontsource.org/fonts/fusion-pixel-12px-proportional-tc,
fontsource-fusion-pixel-8px-monospaced-jp,Fusion Pixel 8px Monospaced JP,fontsource,OFL,True,sans-serif,False,,False,1,latin,fontsource|other,,https://fontsource.org/fonts/fusion-pixel-8px-monospaced-jp,https://fontsource.org/fonts/fusion-pixel-8px-monospaced-jp,
fontsource-fusion-pixel-8px-monospaced-kr,Fusion Pixel 8px Monospaced KR,fontsource,OFL,True,sans-serif,False,,False,1,latin,fontsource|other,,https://fontsource.org/fonts/fusion-pixel-8px-monospaced-kr,https://fontsource.org/fonts/fusion-pixel-8px-monospaced-kr,
fontsource-fusion-pixel-8px-monospaced-sc,Fusion Pixel 8px Monospaced SC,fontsource,OFL,True,sans-serif,False,,False,1,latin,fontsource|other,,https://fontsource.org/fonts/fusion-pixel-8px-monospaced-sc,https://fontsource.org/fonts/fusion-pixel-8px-monospaced-sc,
fontsource-fusion-pixel-8px-monospaced-tc,Fusion Pixel 8px Monospaced TC,fontsource,OFL,True,sans-serif,False,,False,1,latin,fontsource|other,,https://fontsource.org/fonts/fusion-pixel-8px-monospaced-tc,https://fontsource.org/fonts/fusion-pixel-8px-monospaced-tc,
fontsource-fusion-pixel-8px-proportional-jp,Fusion Pixel 8px Proportional JP,fontsource,OFL,True,sans-serif,False,,False,1,latin,fontsource|other,,https://fontsource.org/fonts/fusion-pixel-8px-proportional-jp,https://fontsource.org/fonts/fusion-pixel-8px-proportional-jp,
fontsource-fusion-pixel-8px-proportional-kr,Fusion Pixel 8px Proportional KR,fontsource,OFL,True,sans-serif,False,,False,1,latin,fontsource|other,,https://fontsource.org/fonts/fusion-pixel-8px-proportional-kr,https://fontsource.org/fonts/fusion-pixel-8px-proportional-kr,
fontsource-fusion-pixel-8px-proportional-sc,Fusion Pixel 8px Proportional SC,fontsource,OFL,True,sans-serif,False,,False,1,latin,fontsource|other,,https://fontsource.org/fonts/fusion-pixel-8px-proportional-sc,https://fontsource.org/fonts/fusion-pixel-8px-proportional-sc,
fontsource-fusion-pixel-8px-proportional-tc,Fusion Pixel 8px Proportional TC,fontsource,OFL,True,sans-serif,False,,False,1,latin,fontsource|other,,https://fontsource.org/fonts/fusion-pixel-8px-proportional-tc,https://fontsource.org/fonts/fusion-pixel-8px-proportional-tc,
fustat,Fustat,google-fonts,OFL,True,sans-serif,False,,True,7,arabic|latin|latin-ext,Sans Serif,Mohamed Gaber|Laura Garcia Mut|Khaled Hosny,https://fonts.google.com/specimen/Fustat,https://github.com/google/fonts/tree/main/ofl/fustat,https://github.com/google/fonts/tree/main/ofl/fustat
fuzzy-bubbles,Fuzzy Bubbles,google-fonts,OFL,True,handwriting,False,,False,2,latin|latin-ext|vietnamese,Sans Serif,Robert Leuschke,https://fonts.google.com/specimen/Fuzzy+Bubbles,https://github.com/google/fonts/tree/main/ofl/fuzzy-bubbles,https://github.com/google/fonts/tree/main/ofl/fuzzy-bubbles
ga-maamli,Ga Maamli,google-fonts,OFL,True,display,False,,False,1,latin|latin-ext|vietnamese,Sans Serif,Afotey Clement Nii Odai|Ama Diaka|David Abbey-Thompson,https://fonts.google.com/specimen/Ga+Maamli,https://github.com/google/fonts/tree/main/ofl/ga-maamli,https://github.com/google/fonts/tree/main/ofl/ga-maamli
gabarito,Gabarito,google-fonts,OFL,True,display,False,,True,6,latin|latin-ext,Sans Serif,Naipe Foundry|Leandro Assis|Álvaro Franca|Felipe Casaprima,https://fonts.google.com/specimen/Gabarito,https://github.com/google/fonts/tree/main/ofl/gabarito,https://github.com/google/fonts/tree/main/ofl/gabarito
gabriela,Gabriela,google-fonts,OFL,True,serif,False,,False,1,cyrillic|cyrillic-ext|latin|latin-ext,Serif,Eduardo Tunni,https://fonts.google.com/specimen/Gabriela,https://github.com/google/fonts/tree/main/ofl/gabriela,https://github.com/google/fonts/tree/main/ofl/gabriela
gaegu,Gaegu,google-fonts,OFL,True,handwriting,False,,False,3,korean|latin,Sans Serif,JIKJI SOFT,https://fonts.google.com/specimen/Gaegu,https://github.com/google/fonts/tree/main/ofl/gaegu,https://github.com/google/fonts/tree/main/ofl/gaegu
gafata,Gafata,google-fonts,OFL,True,sans-serif,False,,False,1,latin|latin-ext,Sans Serif,Lautaro Hourcade,https://fonts.google.com/specimen/Gafata,https://github.com/google/fonts/tree/main/ofl/gafata,https://github.com/google/fonts/tree/main/ofl/gafata
gajraj-one,Gajraj One,google-fonts,OFL,True,display,False,,False,1,devanagari|latin|latin-ext,Sans Serif,Saurabh Sharma,https://fonts.google.com/specimen/Gajraj+One,https://github.com/google/fonts/tree/main/ofl/gajraj-one,https://github.com/google/fonts/tree/main/ofl/gajraj-one
galada,Galada,google-fonts,OFL,True,display,False,,False,1,bengali|latin,,Black Foundry,https://fonts.google.com/specimen/Galada,https://github.com/google/fonts/tree/main/ofl/galada,https://github.com/google/fonts/tree/main/ofl/galada
galdeano,Galdeano,google-fonts,OFL,True,sans-serif,False,,False,1,latin,Sans Serif,Dario Manuel Muhafara,https://fonts.google.com/specimen/Galdeano,https://github.com/google/fonts/tree/main/ofl/galdeano,https://github.com/google/fonts/tree/main/ofl/galdeano
galindo,Galindo,google-fonts,OFL,True,display,False,,False,1,latin|latin-ext,Sans Serif,Astigmatic,https://fonts.google.com/specimen/Galindo,https://github.com/google/fonts/tree/main/ofl/galindo,https://github.com/google/fonts/tree/main/ofl/galindo
gamja-flower,Gamja Flower,google-fonts,OFL,True,handwriting,False,,False,1,korean|latin,Sans Serif,YoonDesign Inc,https://fonts.google.com/specimen/Gamja+Flower,https://github.com/google/fonts/tree/main/ofl/gamja-flower,https://github.com/google/fonts/tree/main/ofl/gamja-flower
gantari,Gantari,google-fonts,OFL,True,sans-serif,False,,True,18,latin|latin-ext,Sans Serif,Lafontype,https://fonts.google.com/specimen/Gantari,https://github.com/google/fonts/tree/main/ofl/gantari,https://github.com/google/fonts/tree/main/ofl/gantari
gasoek-one,Gasoek One,google-fonts,OFL,True,sans-serif,False,,False,1,korean|latin|latin-ext,Sans Serif,Jiashuo Zhang|JAMO,https://fonts.google.com/specimen/Gasoek+One,https://github.com/google/fonts/tree/main/ofl/gasoek-one,https://github.com/google/fonts/tree/main/ofl/gasoek-one
gayathri,Gayathri,google-fonts,OFL,True,sans-serif,False,,False,3,latin|malayalam,Sans Serif,SMC|Binoy Dominic,https://fonts.google.com/specimen/Gayathri,https://github.com/google/fonts/tree/main/ofl/gayathri,https://github.com/google/fonts/tree/main/ofl/gayathri
geist,Geist,google-fonts,OFL,True,sans-serif,False,,True,18,cyrillic|cyrillic-ext|latin|latin-ext|vietnamese,Sans Serif,Andrés Briganti|Mateo Zaragoza|Guillermo Rauch|Evil Rabbit|José Rago|Facundo Santana,https://fonts.google.com/specimen/Geist,https://github.com/google/fonts/tree/main/ofl/geist,https://github.com/google/fonts/tree/main/ofl/geist
geist-mono,Geist Mono,google-fonts,OFL,True,monospace,False,,True,18,cyrillic|cyrillic-ext|latin|latin-ext|symbols2|vietnamese,Sans Serif,Andrés Briganti|Mateo Zaragoza|Guillermo Rauch|Evil Rabbit|José Rago|Facundo Santana,https://fonts.google.com/specimen/Geist+Mono,https://github.com/google/fonts/tree/main/ofl/geist-mono,https://github.com/google/fonts/tree/main/ofl/geist-mono
geist-pixel,Geist Pixel,google-fonts,OFL,True,display,False,,True,1,latin|latin-ext,Sans Serif,Andrés Briganti|Evil Rabbit|Guillermo Rauch,https://fonts.google.com/specimen/Geist+Pixel,https://github.com/google/fonts/tree/main/ofl/geist-pixel,https://github.com/google/fonts/tree/main/ofl/geist-pixel
fontsource-geist-sans,Geist Sans,fontsource,OFL,True,sans-serif,False,,False,9,latin,fontsource|other,,https://fontsource.org/fonts/geist-sans,https://fontsource.org/fonts/geist-sans,
nerd-fonts-geistmono,Geistmono,nerd-fonts,Mixed,True,monospace,False,,False,1,latin,nerd-font|icons|developer,Ryan L McIntyre (Nerd Fonts Patcher),https://github.com/ryanoasis/nerd-fonts/releases/latest,https://github.com/ryanoasis/nerd-fonts,https://github.com/ryanoasis/nerd-fonts
gelasio,Gelasio,google-fonts,OFL,True,serif,False,,True,8,latin|latin-ext|vietnamese,Serif,Eben Sorkin,https://fonts.google.com/specimen/Gelasio,https://github.com/google/fonts/tree/main/ofl/gelasio,https://github.com/google/fonts/tree/main/ofl/gelasio
gemunu-libre,Gemunu Libre,google-fonts,OFL,True,sans-serif,False,,True,7,latin|latin-ext|sinhala,Sans Serif,Mooniak,https://fonts.google.com/specimen/Gemunu+Libre,https://github.com/google/fonts/tree/main/ofl/gemunu-libre,https://github.com/google/fonts/tree/main/ofl/gemunu-libre
fontsource-genjyuu-gothic,Genjyuu Gothic,fontsource,OFL,True,sans-serif,False,,False,7,latin,fontsource|other,,https://fontsource.org/fonts/genjyuu-gothic,https://fontsource.org/fonts/genjyuu-gothic,
genos,Genos,google-fonts,OFL,True,sans-serif,False,,True,18,cherokee|latin|latin-ext|vietnamese,Sans Serif,Robert Leuschke,https://fonts.google.com/specimen/Genos,https://github.com/google/fonts/tree/main/ofl/genos,https://github.com/google/fonts/tree/main/ofl/genos
gentium-book-plus,Gentium Book Plus,google-fonts,OFL,True,serif,False,,False,4,cyrillic|cyrillic-ext|greek|greek-ext|latin|latin-ext|vietnamese,Serif,SIL International,https://fonts.google.com/specimen/Gentium+Book+Plus,https://github.com/google/fonts/tree/main/ofl/gentium-book-plus,https://github.com/google/fonts/tree/main/ofl/gentium-book-plus
gentium-plus,Gentium Plus,google-fonts,OFL,True,serif,False,,False,4,cyrillic|cyrillic-ext|greek|greek-ext|latin|latin-ext|vietnamese,Serif,SIL International,https://fonts.google.com/specimen/Gentium+Plus,https://github.com/google/fonts/tree/main/ofl/gentium-plus,https://github.com/google/fonts/tree/main/ofl/gentium-plus
geo,Geo,google-fonts,OFL,True,sans-serif,False,,False,2,latin,Sans Serif,Ben Weiner,https://fonts.google.com/specimen/Geo,https://github.com/google/fonts/tree/main/ofl/geo,https://github.com/google/fonts/tree/main/ofl/geo
geologica,Geologica,google-fonts,OFL,True,sans-serif,False,,True,9,cyrillic|cyrillic-ext|greek|latin|latin-ext|vietnamese,Sans Serif,Monokrom|Sindre Bremnes|Frode Helland,https://fonts.google.com/specimen/Geologica,https://github.com/google/fonts/tree/main/ofl/geologica,https://github.com/google/fonts/tree/main/ofl/geologica
geom,Geom,google-fonts,OFL,True,sans-serif,False,,True,14,greek|latin|latin-ext,Sans Serif,Thanos Poulakidas,https://fonts.google.com/specimen/Geom,https://github.com/google/fonts/tree/main/ofl/geom,https://github.com/google/fonts/tree/main/ofl/geom
geomini,Geomini,google-fonts,OFL,True,sans-serif,False,,True,7,latin|latin-ext,Sans Serif,FontBob,https://fonts.google.com/specimen/Geomini,https://github.com/google/fonts/tree/main/ofl/geomini,https://github.com/google/fonts/tree/main/ofl/geomini
georama,Georama,google-fonts,OFL,True,sans-serif,False,,True,18,latin|latin-ext|vietnamese,Sans Serif,Production Type,https://fonts.google.com/specimen/Georama,https://github.com/google/fonts/tree/main/ofl/georama,https://github.com/google/fonts/tree/main/ofl/georama
geostar,Geostar,google-fonts,OFL,True,display,False,,False,1,latin,Serif,Joe Prince,https://fonts.google.com/specimen/Geostar,https://github.com/google/fonts/tree/main/ofl/geostar,https://github.com/google/fonts/tree/main/ofl/geostar
geostar-fill,Geostar Fill,google-fonts,OFL,True,display,False,,False,1,latin,Serif,Joe Prince,https://fonts.google.com/specimen/Geostar+Fill,https://github.com/google/fonts/tree/main/ofl/geostar-fill,https://github.com/google/fonts/tree/main/ofl/geostar-fill
germania-one,Germania One,google-fonts,OFL,True,display,False,,False,1,latin,,John Vargas Beltrán,https://fonts.google.com/specimen/Germania+One,https://github.com/google/fonts/tree/main/ofl/germania-one,https://github.com/google/fonts/tree/main/ofl/germania-one
gfs-didot,GFS Didot,google-fonts,OFL,True,serif,False,,False,1,greek|greek-ext|latin|vietnamese,Serif,Greek Font Society,https://fonts.google.com/specimen/GFS+Didot,https://github.com/google/fonts/tree/main/ofl/gfs-didot,https://github.com/google/fonts/tree/main/ofl/gfs-didot
gfs-neohellenic,GFS Neohellenic,google-fonts,OFL,True,sans-serif,False,,False,4,greek|greek-ext|latin|vietnamese,Sans Serif,Greek Font Society,https://fonts.google.com/specimen/GFS+Neohellenic,https://github.com/google/fonts/tree/main/ofl/gfs-neohellenic,https://github.com/google/fonts/tree/main/ofl/gfs-neohellenic
gideon-roman,Gideon Roman,google-fonts,OFL,True,display,False,,False,1,latin|latin-ext|vietnamese,Serif,Robert Leuschke,https://fonts.google.com/specimen/Gideon+Roman,https://github.com/google/fonts/tree/main/ofl/gideon-roman,https://github.com/google/fonts/tree/main/ofl/gideon-roman
gidole,Gidole,google-fonts,OFL,True,sans-serif,False,,False,1,cyrillic|greek|latin|latin-ext|vietnamese,Sans Serif,Andreas Larsen,https://fonts.google.com/specimen/Gidole,https://github.com/google/fonts/tree/main/ofl/gidole,https://github.com/google/fonts/tree/main/ofl/gidole
gidugu,Gidugu,google-fonts,OFL,True,sans-serif,False,,False,1,latin|latin-ext|telugu,Sans Serif,Purushoth Kumar Guttula,https://fonts.google.com/specimen/Gidugu,https://github.com/google/fonts/tree/main/ofl/gidugu,https://github.com/google/fonts/tree/main/ofl/gidugu
gilda-display,Gilda Display,google-fonts,OFL,True,serif,False,,False,1,latin|latin-ext,Serif,Eduardo Tunni,https://fonts.google.com/specimen/Gilda+Display,https://github.com/google/fonts/tree/main/ofl/gilda-display,https://github.com/google/fonts/tree/main/ofl/gilda-display
girassol,Girassol,google-fonts,OFL,True,display,False,,False,1,latin|latin-ext,Serif,Liam Spradlin,https://fonts.google.com/specimen/Girassol,https://github.com/google/fonts/tree/main/ofl/girassol,https://github.com/google/fonts/tree/main/ofl/girassol
give-you-glory,Give You Glory,google-fonts,OFL,True,handwriting,False,,False,1,latin|latin-ext,,Kimberly Geswein,https://fonts.google.com/specimen/Give+You+Glory,https://github.com/google/fonts/tree/main/ofl/give-you-glory,https://github.com/google/fonts/tree/main/ofl/give-you-glory
glass-antiqua,Glass Antiqua,google-fonts,OFL,True,display,False,,False,1,latin|latin-ext,Serif,Denis Masharov,https://fonts.google.com/specimen/Glass+Antiqua,https://github.com/google/fonts/tree/main/ofl/glass-antiqua,https://github.com/google/fonts/tree/main/ofl/glass-antiqua
glegoo,Glegoo,google-fonts,OFL,True,serif,False,,False,2,devanagari|latin|latin-ext,Slab Serif,Eduardo Tunni,https://fonts.google.com/specimen/Glegoo,https://github.com/google/fonts/tree/main/ofl/glegoo,https://github.com/google/fonts/tree/main/ofl/glegoo
gloock,Gloock,google-fonts,OFL,True,serif,False,,False,1,cyrillic-ext|latin|latin-ext,Serif,Duarte Pinto,https://fonts.google.com/specimen/Gloock,https://github.com/google/fonts/tree/main/ofl/gloock,https://github.com/google/fonts/tree/main/ofl/gloock
gloria-hallelujah,Gloria Hallelujah,google-fonts,OFL,True,handwriting,False,,False,1,latin|latin-ext,,Kimberly Geswein,https://fonts.google.com/specimen/Gloria+Hallelujah,https://github.com/google/fonts/tree/main/ofl/gloria-hallelujah,https://github.com/google/fonts/tree/main/ofl/gloria-hallelujah
glory,Glory,google-fonts,OFL,True,sans-serif,False,,True,16,latin|latin-ext|vietnamese,Sans Serif,Robert Leuschke,https://fonts.google.com/specimen/Glory,https://github.com/google/fonts/tree/main/ofl/glory,https://github.com/google/fonts/tree/main/ofl/glory
gluten,Gluten,google-fonts,OFL,True,display,False,,True,9,latin|latin-ext|vietnamese,,Tyler Finck|ETC,https://fonts.google.com/specimen/Gluten,https://github.com/google/fonts/tree/main/ofl/gluten,https://github.com/google/fonts/tree/main/ofl/gluten
nerd-fonts-go-mono,Go Mono,nerd-fonts,Mixed,True,monospace,False,,False,1,latin,nerd-font|icons|developer,Ryan L McIntyre (Nerd Fonts Patcher),https://github.com/ryanoasis/nerd-fonts/releases/latest,https://github.com/ryanoasis/nerd-fonts,https://github.com/ryanoasis/nerd-fonts
goblin-one,Goblin One,google-fonts,OFL,True,display,False,,False,1,latin,Serif,Riccardo De Franceschi,https://fonts.google.com/specimen/Goblin+One,https://github.com/google/fonts/tree/main/ofl/goblin-one,https://github.com/google/fonts/tree/main/ofl/goblin-one
gochi-hand,Gochi Hand,google-fonts,OFL,True,handwriting,False,,False,1,latin,,HT Fonts,https://fonts.google.com/specimen/Gochi+Hand,https://github.com/google/fonts/tree/main/ofl/gochi-hand,https://github.com/google/fonts/tree/main/ofl/gochi-hand
nerd-fonts-gohu,Gohu,nerd-fonts,Mixed,True,monospace,False,,False,1,latin,nerd-font|icons|developer,Ryan L McIntyre (Nerd Fonts Patcher),https://github.com/ryanoasis/nerd-fonts/releases/latest,https://github.com/ryanoasis/nerd-fonts,https://github.com/ryanoasis/nerd-fonts
goldman,Goldman,google-fonts,OFL,True,display,False,,False,2,latin|latin-ext|vietnamese,Sans Serif,Jaikishan Patel,https://fonts.google.com/specimen/Goldman,https://github.com/google/fonts/tree/main/ofl/goldman,https://github.com/google/fonts/tree/main/ofl/goldman
golos-text,Golos Text,google-fonts,OFL,True,sans-serif,False,,True,6,cyrillic|cyrillic-ext|latin|latin-ext,Sans Serif,Alexandra Korolkova|Vitaly Kuzmin,https://fonts.google.com/specimen/Golos+Text,https://github.com/google/fonts/tree/main/ofl/golos-text,https://github.com/google/fonts/tree/main/ofl/golos-text
google-sans,Google Sans,google-fonts,OFL,True,sans-serif,False,,True,8,armenian|bengali|canadian-aboriginal|cyrillic|cyrillic-ext|devanagari|ethiopic|georgian|greek|greek-ext|gujarati|gurmukhi|hebrew|khmer|lao|latin|latin-ext|malayalam|oriya|sinhala|symbols|tamil|telugu|thai|vietnamese,Sans Serif,Google,https://fonts.google.com/specimen/Google+Sans,https://github.com/google/fonts/tree/main/ofl/google-sans,https://github.com/google/fonts/tree/main/ofl/google-sans
google-sans-code,Google Sans Code,google-fonts,OFL,True,monospace,False,,True,12,adlam|canadian-aboriginal|cherokee|latin|latin-ext|math|old-permic|symbols|symbols2|syriac|vietnamese,,Google|Universal Thirst,https://fonts.google.com/specimen/Google+Sans+Code,https://github.com/google/fonts/tree/main/ofl/google-sans-code,https://github.com/google/fonts/tree/main/ofl/google-sans-code
google-sans-flex,Google Sans Flex,google-fonts,OFL,True,sans-serif,False,,True,11,canadian-aboriginal|cherokee|latin|latin-ext|math|nushu|symbols|syriac|tifinagh|vietnamese,Sans Serif,Google,https://fonts.google.com/specimen/Google+Sans+Flex,https://github.com/google/fonts/tree/main/ofl/google-sans-flex,https://github.com/google/fonts/tree/main/ofl/google-sans-flex
gorditas,Gorditas,google-fonts,OFL,True,display,False,,False,2,latin,Serif,Gustavo Dipre,https://fonts.google.com/specimen/Gorditas,https://github.com/google/fonts/tree/main/ofl/gorditas,https://github.com/google/fonts/tree/main/ofl/gorditas
gothic-a1,Gothic A1,google-fonts,OFL,True,sans-serif,False,,False,9,cyrillic|cyrillic-ext|greek|greek-ext|korean|latin|latin-ext|vietnamese,Sans Serif,HanYang I&C Co,https://fonts.google.com/specimen/Gothic+A1,https://github.com/google/fonts/tree/main/ofl/gothic-a1,https://github.com/google/fonts/tree/main/ofl/gothic-a1
gotu,Gotu,google-fonts,OFL,True,sans-serif,False,,False,1,devanagari|latin|latin-ext|vietnamese,Sans Serif,Ek Type,https://fonts.google.com/specimen/Gotu,https://github.com/google/fonts/tree/main/ofl/gotu,https://github.com/google/fonts/tree/main/ofl/gotu
gowun-batang,Gowun Batang,google-fonts,OFL,True,serif,False,,False,2,korean|latin|latin-ext|vietnamese,Serif,Yanghee Ryu,https://fonts.google.com/specimen/Gowun+Batang,https://github.com/google/fonts/tree/main/ofl/gowun-batang,https://github.com/google/fonts/tree/main/ofl/gowun-batang
gowun-dodum,Gowun Dodum,google-fonts,OFL,True,sans-serif,False,,False,1,korean|latin|latin-ext|vietnamese,Sans Serif,Yanghee Ryu,https://fonts.google.com/specimen/Gowun+Dodum,https://github.com/google/fonts/tree/main/ofl/gowun-dodum,https://github.com/google/fonts/tree/main/ofl/gowun-dodum
graduate,Graduate,google-fonts,OFL,True,serif,False,,False,1,latin,Slab Serif,Eduardo Tunni,https://fonts.google.com/specimen/Graduate,https://github.com/google/fonts/tree/main/ofl/graduate,https://github.com/google/fonts/tree/main/ofl/graduate
grand-hotel,Grand Hotel,google-fonts,OFL,True,handwriting,False,,False,1,latin|latin-ext,,Astigmatic,https://fonts.google.com/specimen/Grand+Hotel,https://github.com/google/fonts/tree/main/ofl/grand-hotel,https://github.com/google/fonts/tree/main/ofl/grand-hotel
grandiflora-one,Grandiflora One,google-fonts,OFL,True,serif,False,,False,1,korean|latin|latin-ext,Serif,Haesung Cho|JAMO,https://fonts.google.com/specimen/Grandiflora+One,https://github.com/google/fonts/tree/main/ofl/grandiflora-one,https://github.com/google/fonts/tree/main/ofl/grandiflora-one
grandstander,Grandstander,google-fonts,OFL,True,display,False,,True,18,latin|latin-ext|vietnamese,,Tyler Finck|ETC,https://fonts.google.com/specimen/Grandstander,https://github.com/google/fonts/tree/main/ofl/grandstander,https://github.com/google/fonts/tree/main/ofl/grandstander
grape-nuts,Grape Nuts,google-fonts,OFL,True,handwriting,False,,False,1,latin|latin-ext|vietnamese,,Robert Leuschke,https://fonts.google.com/specimen/Grape+Nuts,https://github.com/google/fonts/tree/main/ofl/grape-nuts,https://github.com/google/fonts/tree/main/ofl/grape-nuts
gravitas-one,Gravitas One,google-fonts,OFL,True,display,False,,False,1,latin,Serif,Riccardo De Franceschi,https://fonts.google.com/specimen/Gravitas+One,https://github.com/google/fonts/tree/main/ofl/gravitas-one,https://github.com/google/fonts/tree/main/ofl/gravitas-one
great-vibes,Great Vibes,google-fonts,OFL,True,handwriting,False,,False,1,cyrillic|cyrillic-ext|greek-ext|latin|latin-ext|vietnamese,,Robert Leuschke,https://fonts.google.com/specimen/Great+Vibes,https://github.com/google/fonts/tree/main/ofl/great-vibes,https://github.com/google/fonts/tree/main/ofl/great-vibes
grechen-fuemen,Grechen Fuemen,google-fonts,OFL,True,handwriting,False,,False,1,latin|latin-ext|vietnamese,,Robert Leuschke,https://fonts.google.com/specimen/Grechen+Fuemen,https://github.com/google/fonts/tree/main/ofl/grechen-fuemen,https://github.com/google/fonts/tree/main/ofl/grechen-fuemen
grey-qo,Grey Qo,google-fonts,OFL,True,handwriting,False,,False,1,latin|latin-ext|vietnamese,,Robert Leuschke,https://fonts.google.com/specimen/Grey+Qo,https://github.com/google/fonts/tree/main/ofl/grey-qo,https://github.com/google/fonts/tree/main/ofl/grey-qo
griffy,Griffy,google-fonts,OFL,True,display,False,,False,1,latin|latin-ext,,Neapolitan,https://fonts.google.com/specimen/Griffy,https://github.com/google/fonts/tree/main/ofl/griffy,https://github.com/google/fonts/tree/main/ofl/griffy
gruppo,Gruppo,google-fonts,OFL,True,sans-serif,False,,False,1,latin|latin-ext,Sans Serif,Vernon Adams,https://fonts.google.com/specimen/Gruppo,https://github.com/google/fonts/tree/main/ofl/gruppo,https://github.com/google/fonts/tree/main/ofl/gruppo
gudea,Gudea,google-fonts,OFL,True,sans-serif,False,,False,3,latin|latin-ext,Sans Serif,Agustina Mingote,https://fonts.google.com/specimen/Gudea,https://github.com/google/fonts/tree/main/ofl/gudea,https://github.com/google/fonts/tree/main/ofl/gudea
gugi,Gugi,google-fonts,OFL,True,display,False,,False,1,korean|latin,Sans Serif,TAE System & Typefaces Co.,https://fonts.google.com/specimen/Gugi,https://github.com/google/fonts/tree/main/ofl/gugi,https://github.com/google/fonts/tree/main/ofl/gugi
gulzar,Gulzar,google-fonts,OFL,True,serif,False,,False,1,arabic|latin|latin-ext,Serif,Borna Izadpanah|Fiona Ross|Alice Savoie|Simon Cozens,https://fonts.google.com/specimen/Gulzar,https://github.com/google/fonts/tree/main/ofl/gulzar,https://github.com/google/fonts/tree/main/ofl/gulzar
gupter,Gupter,google-fonts,OFL,True,serif,False,,False,3,latin,Serif,Octavio Pardo,https://fonts.google.com/specimen/Gupter,https://github.com/google/fonts/tree/main/ofl/gupter,https://github.com/google/fonts/tree/main/ofl/gupter
gurajada,Gurajada,google-fonts,OFL,True,sans-serif,False,,False,1,latin|telugu,Sans Serif,Purushoth Kumar Guttula,https://fonts.google.com/specimen/Gurajada,https://github.com/google/fonts/tree/main/ofl/gurajada,https://github.com/google/fonts/tree/main/ofl/gurajada
gveret-levin,Gveret Levin,google-fonts,OFL,True,handwriting,False,,False,1,hebrew|latin,,AlefAlefAlef,https://fonts.google.com/specimen/Gveret+Levin,https://github.com/google/fonts/tree/main/ofl/gveret-levin,https://github.com/google/fonts/tree/main/ofl/gveret-levin
gwendolyn,Gwendolyn,google-fonts,OFL,True,handwriting,False,,False,2,latin|latin-ext|vietnamese,,Robert Leuschke,https://fonts.google.com/specimen/Gwendolyn,https://github.com/google/fonts/tree/main/ofl/gwendolyn,https://github.com/google/fonts/tree/main/ofl/gwendolyn
habibi,Habibi,google-fonts,OFL,True,serif,False,,False,1,latin|latin-ext,Serif,Magnus Gaarde,https://fonts.google.com/specimen/Habibi,https://github.com/google/fonts/tree/main/ofl/habibi,https://github.com/google/fonts/tree/main/ofl/habibi
hachi-maru-pop,Hachi Maru Pop,google-fonts,OFL,True,handwriting,False,,False,1,cyrillic|japanese|latin|latin-ext,,Nonty,https://fonts.google.com/specimen/Hachi+Maru+Pop,https://github.com/google/fonts/tree/main/ofl/hachi-maru-pop,https://github.com/google/fonts/tree/main/ofl/hachi-maru-pop
hahmlet,Hahmlet,google-fonts,OFL,True,serif,False,,True,9,korean|latin|latin-ext|vietnamese,Serif,Hypertype,https://fonts.google.com/specimen/Hahmlet,https://github.com/google/fonts/tree/main/ofl/hahmlet,https://github.com/google/fonts/tree/main/ofl/hahmlet
halant,Halant,google-fonts,OFL,True,serif,False,,False,5,devanagari|latin|latin-ext,Serif,Indian Type Foundry,https://fonts.google.com/specimen/Halant,https://github.com/google/fonts/tree/main/ofl/halant,https://github.com/google/fonts/tree/main/ofl/halant
hammersmith-one,Hammersmith One,google-fonts,OFL,True,sans-serif,False,,False,1,latin|latin-ext,Sans Serif,Nicole Fally,https://fonts.google.com/specimen/Hammersmith+One,https://github.com/google/fonts/tree/main/ofl/hammersmith-one,https://github.com/google/fonts/tree/main/ofl/hammersmith-one
hanalei,Hanalei,google-fonts,OFL,True,display,False,,False,1,latin|latin-ext,,Astigmatic,https://fonts.google.com/specimen/Hanalei,https://github.com/google/fonts/tree/main/ofl/hanalei,https://github.com/google/fonts/tree/main/ofl/hanalei
hanalei-fill,Hanalei Fill,google-fonts,OFL,True,display,False,,False,1,latin|latin-ext,,Astigmatic,https://fonts.google.com/specimen/Hanalei+Fill,https://github.com/google/fonts/tree/main/ofl/hanalei-fill,https://github.com/google/fonts/tree/main/ofl/hanalei-fill
handjet,Handjet,google-fonts,OFL,True,display,False,,True,9,arabic|armenian|cyrillic|cyrillic-ext|greek|hebrew|latin|latin-ext|vietnamese,Sans Serif,Rosetta|David Březina,https://fonts.google.com/specimen/Handjet,https://github.com/google/fonts/tree/main/ofl/handjet,https://github.com/google/fonts/tree/main/ofl/handjet
handlee,Handlee,google-fonts,OFL,True,handwriting,False,,False,1,latin,Sans Serif,Joe Prince,https://fonts.google.com/specimen/Handlee,https://github.com/google/fonts/tree/main/ofl/handlee,https://github.com/google/fonts/tree/main/ofl/handlee
hanken-grotesk,Hanken Grotesk,google-fonts,OFL,True,sans-serif,False,,True,18,cyrillic-ext|latin|latin-ext|vietnamese,Sans Serif,Alfredo Marco Pradil|Hanken Design Co.,https://fonts.google.com/specimen/Hanken+Grotesk,https://github.com/google/fonts/tree/main/ofl/hanken-grotesk,https://github.com/google/fonts/tree/main/ofl/hanken-grotesk
hanuman,Hanuman,google-fonts,OFL,True,serif,False,,True,9,khmer|latin,Serif,Danh Hong,https://fonts.google.com/specimen/Hanuman,https://github.com/google/fonts/tree/main/ofl/hanuman,https://github.com/google/fonts/tree/main/ofl/hanuman
happy-monkey,Happy Monkey,google-fonts,OFL,True,display,False,,False,1,latin|latin-ext,,Brenda Gallo,https://fonts.google.com/specimen/Happy+Monkey,https://github.com/google/fonts/tree/main/ofl/happy-monkey,https://github.com/google/fonts/tree/main/ofl/happy-monkey
harmattan,Harmattan,google-fonts,OFL,True,sans-serif,False,,False,4,arabic|latin|latin-ext,Sans Serif,SIL International,https://fonts.google.com/specimen/Harmattan,https://github.com/google/fonts/tree/main/ofl/harmattan,https://github.com/google/fonts/tree/main/ofl/harmattan
nerd-fonts-hasklig,Hasklig,nerd-fonts,Mixed,True,monospace,False,,False,1,latin,nerd-font|icons|developer,Ryan L McIntyre (Nerd Fonts Patcher),https://github.com/ryanoasis/nerd-fonts/releases/latest,https://github.com/ryanoasis/nerd-fonts,https://github.com/ryanoasis/nerd-fonts
fontsource-hauora-sans,Hauora Sans,fontsource,OFL,True,sans-serif,False,,False,7,latin,fontsource|other,,https://fontsource.org/fonts/hauora-sans,https://fontsource.org/fonts/hauora-sans,
headland-one,Headland One,google-fonts,OFL,True,serif,False,,False,1,latin|latin-ext,Serif,Gary Lonergan,https://fonts.google.com/specimen/Headland+One,https://github.com/google/fonts/tree/main/ofl/headland-one,https://github.com/google/fonts/tree/main/ofl/headland-one
hedvig-letters-sans,Hedvig Letters Sans,google-fonts,OFL,True,sans-serif,False,,False,1,latin|latin-ext|math|symbols,Sans Serif,Kanon Foundry|Alexander Örn|Tor Weibull|Hedvig,https://fonts.google.com/specimen/Hedvig+Letters+Sans,https://github.com/google/fonts/tree/main/ofl/hedvig-letters-sans,https://github.com/google/fonts/tree/main/ofl/hedvig-letters-sans
hedvig-letters-serif,Hedvig Letters Serif,google-fonts,OFL,True,serif,False,,True,1,latin|latin-ext|math|symbols,Serif,Kanon Foundry|Alexander Örn|Tor Weibull|Hedvig,https://fonts.google.com/specimen/Hedvig+Letters+Serif,https://github.com/google/fonts/tree/main/ofl/hedvig-letters-serif,https://github.com/google/fonts/tree/main/ofl/hedvig-letters-serif
heebo,Heebo,google-fonts,OFL,True,sans-serif,False,,True,9,hebrew|latin|latin-ext|math|symbols,Sans Serif,Oded Ezer,https://fonts.google.com/specimen/Heebo,https://github.com/google/fonts/tree/main/ofl/heebo,https://github.com/google/fonts/tree/main/ofl/heebo
henny-penny,Henny Penny,google-fonts,OFL,True,display,False,,False,1,latin,,Brownfox,https://fonts.google.com/specimen/Henny+Penny,https://github.com/google/fonts/tree/main/ofl/henny-penny,https://github.com/google/fonts/tree/main/ofl/henny-penny
hepta-slab,Hepta Slab,google-fonts,OFL,True,serif,False,,True,10,latin|latin-ext|vietnamese,Slab Serif,Mike LaGattuta,https://fonts.google.com/specimen/Hepta+Slab,https://github.com/google/fonts/tree/main/ofl/hepta-slab,https://github.com/google/fonts/tree/main/ofl/hepta-slab
nerd-fonts-hermit,Hermit,nerd-fonts,Mixed,True,monospace,False,,False,1,latin,nerd-font|icons|developer,Ryan L McIntyre (Nerd Fonts Patcher),https://github.com/ryanoasis/nerd-fonts/releases/latest,https://github.com/ryanoasis/nerd-fonts,https://github.com/ryanoasis/nerd-fonts
herr-von-muellerhoff,Herr Von Muellerhoff,google-fonts,OFL,True,handwriting,False,,False,1,latin|latin-ext,,Sudtipos,https://fonts.google.com/specimen/Herr+Von+Muellerhoff,https://github.com/google/fonts/tree/main/ofl/herr-von-muellerhoff,https://github.com/google/fonts/tree/main/ofl/herr-von-muellerhoff
hi-melody,Hi Melody,google-fonts,OFL,True,handwriting,False,,False,1,korean|latin,Sans Serif,YoonDesign Inc,https://fonts.google.com/specimen/Hi+Melody,https://github.com/google/fonts/tree/main/ofl/hi-melody,https://github.com/google/fonts/tree/main/ofl/hi-melody
hibur-mono,Hibur Mono,google-fonts,OFL,True,monospace,False,,False,1,ethiopic|latin|latin-ext,Sans Serif,TypeHabesha|Behailu Berento,https://fonts.google.com/specimen/Hibur+Mono,https://github.com/google/fonts/tree/main/ofl/hibur-mono,https://github.com/google/fonts/tree/main/ofl/hibur-mono
hina-mincho,Hina Mincho,google-fonts,OFL,True,serif,False,,False,1,cyrillic|japanese|latin|latin-ext|vietnamese,Serif,Satsuyako,https://fonts.google.com/specimen/Hina+Mincho,https://github.com/google/fonts/tree/main/ofl/hina-mincho,https://github.com/google/fonts/tree/main/ofl/hina-mincho
hind-guntur,Hind Guntur,google-fonts,OFL,True,sans-serif,False,,False,5,latin|latin-ext|telugu,Sans Serif,Indian Type Foundry,https://fonts.google.com/specimen/Hind+Guntur,https://github.com/google/fonts/tree/main/ofl/hind-guntur,https://github.com/google/fonts/tree/main/ofl/hind-guntur
hind-madurai,Hind Madurai,google-fonts,OFL,True,sans-serif,False,,False,5,latin|latin-ext|tamil,Sans Serif,Indian Type Foundry,https://fonts.google.com/specimen/Hind+Madurai,https://github.com/google/fonts/tree/main/ofl/hind-madurai,https://github.com/google/fonts/tree/main/ofl/hind-madurai
hind-mysuru,Hind Mysuru,google-fonts,OFL,True,sans-serif,False,,False,5,kannada|latin|latin-ext,Sans Serif,Indian Type Foundry,https://fonts.google.com/specimen/Hind+Mysuru,https://github.com/google/fonts/tree/main/ofl/hind-mysuru,https://github.com/google/fonts/tree/main/ofl/hind-mysuru
hind-siliguri,Hind Siliguri,google-fonts,OFL,True,sans-serif,False,,False,5,bengali|latin|latin-ext,Sans Serif,Indian Type Foundry,https://fonts.google.com/specimen/Hind+Siliguri,https://github.com/google/fonts/tree/main/ofl/hind-siliguri,https://github.com/google/fonts/tree/main/ofl/hind-siliguri
hind-vadodara,Hind Vadodara,google-fonts,OFL,True,sans-serif,False,,False,5,gujarati|latin|latin-ext,Sans Serif,Indian Type Foundry,https://fonts.google.com/specimen/Hind+Vadodara,https://github.com/google/fonts/tree/main/ofl/hind-vadodara,https://github.com/google/fonts/tree/main/ofl/hind-vadodara
holtwood-one-sc,Holtwood One SC,google-fonts,OFL,True,serif,False,,False,1,latin|latin-ext,Slab Serif,Vernon Adams,https://fonts.google.com/specimen/Holtwood+One+SC,https://github.com/google/fonts/tree/main/ofl/holtwood-one-sc,https://github.com/google/fonts/tree/main/ofl/holtwood-one-sc
homemade-apple,Homemade Apple,google-fonts,OFL,True,handwriting,False,,False,1,latin,,Font Diner,https://fonts.google.com/specimen/Homemade+Apple,https://github.com/google/fonts/tree/main/ofl/homemade-apple,https://github.com/google/fonts/tree/main/ofl/homemade-apple
homenaje,Homenaje,google-fonts,OFL,True,sans-serif,False,,False,1,latin,Sans Serif,Constanza Artigas Preller|Agustina Mingote,https://fonts.google.com/specimen/Homenaje,https://github.com/google/fonts/tree/main/ofl/homenaje,https://github.com/google/fonts/tree/main/ofl/homenaje
honk,Honk,google-fonts,OFL,True,display,False,,True,1,latin|latin-ext|math|symbols|vietnamese,,Ek Type,https://fonts.google.com/specimen/Honk,https://github.com/google/fonts/tree/main/ofl/honk,https://github.com/google/fonts/tree/main/ofl/honk
host-grotesk,Host Grotesk,google-fonts,OFL,True,sans-serif,False,,True,12,latin|latin-ext,Sans Serif,Element Type|Doğukan Karapınar|İbrahim Kaçtıoğlu,https://fonts.google.com/specimen/Host+Grotesk,https://github.com/google/fonts/tree/main/ofl/host-grotesk,https://github.com/google/fonts/tree/main/ofl/host-grotesk
hubballi,Hubballi,google-fonts,OFL,True,sans-serif,False,,False,1,kannada|latin|latin-ext,Sans Serif,Erin McLaughlin,https://fonts.google.com/specimen/Hubballi,https://github.com/google/fonts/tree/main/ofl/hubballi,https://github.com/google/fonts/tree/main/ofl/hubballi
hubot-sans,Hubot Sans,google-fonts,OFL,True,sans-serif,False,,True,16,latin|latin-ext|vietnamese,Sans Serif,Tobias Bjerrome Ahlin|Github|Degarism Studio|Sebastian Carewe,https://fonts.google.com/specimen/Hubot+Sans,https://github.com/google/fonts/tree/main/ofl/hubot-sans,https://github.com/google/fonts/tree/main/ofl/hubot-sans
huninn,Huninn,google-fonts,OFL,True,sans-serif,False,,False,1,chinese-traditional|cyrillic|latin|latin-ext|vietnamese,Sans Serif,justfont,https://fonts.google.com/specimen/Huninn,https://github.com/google/fonts/tree/main/ofl/huninn,https://github.com/google/fonts/tree/main/ofl/huninn
hurricane,Hurricane,google-fonts,OFL,True,handwriting,False,,False,1,latin|latin-ext|vietnamese,,Robert Leuschke,https://fonts.google.com/specimen/Hurricane,https://github.com/google/fonts/tree/main/ofl/hurricane,https://github.com/google/fonts/tree/main/ofl/hurricane
fontsource-ia-writer-duo,iA Writer Duo,fontsource,OFL,True,monospace,False,,False,4,latin,fontsource|other,,https://fontsource.org/fonts/ia-writer-duo,https://fontsource.org/fonts/ia-writer-duo,
fontsource-ia-writer-mono,iA Writer Mono,fontsource,OFL,True,monospace,False,,False,4,latin,developer|fontsource|icons|nerd-font|other,,https://fontsource.org/fonts/ia-writer-mono,https://fontsource.org/fonts/ia-writer-mono,
fontsource-ia-writer-quattro,iA Writer Quattro,fontsource,OFL,True,sans-serif,False,,False,4,latin,fontsource|other,,https://fontsource.org/fonts/ia-writer-quattro,https://fontsource.org/fonts/ia-writer-quattro,
iansui,Iansui,google-fonts,OFL,True,handwriting,False,,False,1,chinese-traditional|latin|latin-ext|symbols2,,But Ko,https://fonts.google.com/specimen/Iansui,https://github.com/google/fonts/tree/main/ofl/iansui,https://github.com/google/fonts/tree/main/ofl/iansui
ibarra-real-nova,Ibarra Real Nova,google-fonts,OFL,True,serif,False,,True,8,latin|latin-ext,Serif,José María Ribagorda|Octavio Pardo,https://fonts.google.com/specimen/Ibarra+Real+Nova,https://github.com/google/fonts/tree/main/ofl/ibarra-real-nova,https://github.com/google/fonts/tree/main/ofl/ibarra-real-nova
ibm-plex-mono,IBM Plex Mono,google-fonts,OFL,True,monospace,False,,False,14,cyrillic|cyrillic-ext|latin|latin-ext|vietnamese,developer|icons|nerd-font,Mike Abbink|Bold Monday,https://fonts.google.com/specimen/IBM+Plex+Mono,https://github.com/google/fonts/tree/main/ofl/ibm-plex-mono,https://github.com/google/fonts/tree/main/ofl/ibm-plex-mono
ibm-plex-sans-arabic,IBM Plex Sans Arabic,google-fonts,OFL,True,sans-serif,False,,False,7,arabic|cyrillic-ext|latin|latin-ext,Sans Serif,Mike Abbink|Bold Monday|Khajag Apelian|Wael Morcos,https://fonts.google.com/specimen/IBM+Plex+Sans+Arabic,https://github.com/google/fonts/tree/main/ofl/ibm-plex-sans-arabic,https://github.com/google/fonts/tree/main/ofl/ibm-plex-sans-arabic
ibm-plex-sans-condensed,IBM Plex Sans Condensed,google-fonts,OFL,True,sans-serif,False,,False,14,cyrillic-ext|latin|latin-ext|vietnamese,Sans Serif,Mike Abbink|Bold Monday,https://fonts.google.com/specimen/IBM+Plex+Sans+Condensed,https://github.com/google/fonts/tree/main/ofl/ibm-plex-sans-condensed,https://github.com/google/fonts/tree/main/ofl/ibm-plex-sans-condensed
ibm-plex-sans-devanagari,IBM Plex Sans Devanagari,google-fonts,OFL,True,sans-serif,False,,False,7,cyrillic-ext|devanagari|latin|latin-ext,Sans Serif,Mike Abbink|Bold Monday,https://fonts.google.com/specimen/IBM+Plex+Sans+Devanagari,https://github.com/google/fonts/tree/main/ofl/ibm-plex-sans-devanagari,https://github.com/google/fonts/tree/main/ofl/ibm-plex-sans-devanagari
ibm-plex-sans-hebrew,IBM Plex Sans Hebrew,google-fonts,OFL,True,sans-serif,False,,False,7,cyrillic-ext|hebrew|latin|latin-ext,Sans Serif,Mike Abbink|Bold Monday,https://fonts.google.com/specimen/IBM+Plex+Sans+Hebrew,https://github.com/google/fonts/tree/main/ofl/ibm-plex-sans-hebrew,https://github.com/google/fonts/tree/main/ofl/ibm-plex-sans-hebrew
ibm-plex-sans-jp,IBM Plex Sans JP,google-fonts,OFL,True,sans-serif,False,,False,7,cyrillic|japanese|latin|latin-ext,Sans Serif,Mike Abbink|Bold Monday,https://fonts.google.com/specimen/IBM+Plex+Sans+JP,https://github.com/google/fonts/tree/main/ofl/ibm-plex-sans-jp,https://github.com/google/fonts/tree/main/ofl/ibm-plex-sans-jp
ibm-plex-sans-kr,IBM Plex Sans KR,google-fonts,OFL,True,sans-serif,False,,False,7,korean|latin|latin-ext,Sans Serif,Mike Abbink|Bold Monday,https://fonts.google.com/specimen/IBM+Plex+Sans+KR,https://github.com/google/fonts/tree/main/ofl/ibm-plex-sans-kr,https://github.com/google/fonts/tree/main/ofl/ibm-plex-sans-kr
ibm-plex-sans-thai,IBM Plex Sans Thai,google-fonts,OFL,True,sans-serif,False,,False,7,cyrillic-ext|latin|latin-ext|thai,Sans Serif,Mike Abbink|Bold Monday,https://fonts.google.com/specimen/IBM+Plex+Sans+Thai,https://github.com/google/fonts/tree/main/ofl/ibm-plex-sans-thai,https://github.com/google/fonts/tree/main/ofl/ibm-plex-sans-thai
ibm-plex-sans-thai-looped,IBM Plex Sans Thai Looped,google-fonts,OFL,True,sans-serif,False,,False,7,cyrillic-ext|latin|latin-ext|thai,Sans Serif,Mike Abbink|Bold Monday,https://fonts.google.com/specimen/IBM+Plex+Sans+Thai+Looped,https://github.com/google/fonts/tree/main/ofl/ibm-plex-sans-thai-looped,https://github.com/google/fonts/tree/main/ofl/ibm-plex-sans-thai-looped
ibm-plex-serif,IBM Plex Serif,google-fonts,OFL,True,serif,False,,False,14,cyrillic|cyrillic-ext|latin|latin-ext|vietnamese,Serif,Mike Abbink|Bold Monday,https://fonts.google.com/specimen/IBM+Plex+Serif,https://github.com/google/fonts/tree/main/ofl/ibm-plex-serif,https://github.com/google/fonts/tree/main/ofl/ibm-plex-serif
iceberg,Iceberg,google-fonts,OFL,True,display,False,,False,1,latin,Sans Serif,Cyreal,https://fonts.google.com/specimen/Iceberg,https://github.com/google/fonts/tree/main/ofl/iceberg,https://github.com/google/fonts/tree/main/ofl/iceberg
iceland,Iceland,google-fonts,OFL,True,display,False,,False,1,latin,Sans Serif,Cyreal,https://fonts.google.com/specimen/Iceland,https://github.com/google/fonts/tree/main/ofl/iceland,https://github.com/google/fonts/tree/main/ofl/iceland
idiqlat,Idiqlat,google-fonts,OFL,True,serif,False,,False,3,latin|syriac,Serif,SIL International,https://fonts.google.com/specimen/Idiqlat,https://github.com/google/fonts/tree/main/ofl/idiqlat,https://github.com/google/fonts/tree/main/ofl/idiqlat
im-fell-double-pica,IM Fell Double Pica,google-fonts,OFL,True,serif,False,,False,2,latin,Serif,Igino Marini,https://fonts.google.com/specimen/IM+Fell+Double+Pica,https://github.com/google/fonts/tree/main/ofl/im-fell-double-pica,https://github.com/google/fonts/tree/main/ofl/im-fell-double-pica
im-fell-double-pica-sc,IM Fell Double Pica SC,google-fonts,OFL,True,serif,False,,False,1,latin,Serif,Igino Marini,https://fonts.google.com/specimen/IM+Fell+Double+Pica+SC,https://github.com/google/fonts/tree/main/ofl/im-fell-double-pica-sc,https://github.com/google/fonts/tree/main/ofl/im-fell-double-pica-sc
im-fell-dw-pica,IM Fell DW Pica,google-fonts,OFL,True,serif,False,,False,2,latin,Serif,Igino Marini,https://fonts.google.com/specimen/IM+Fell+DW+Pica,https://github.com/google/fonts/tree/main/ofl/im-fell-dw-pica,https://github.com/google/fonts/tree/main/ofl/im-fell-dw-pica
im-fell-dw-pica-sc,IM Fell DW Pica SC,google-fonts,OFL,True,serif,False,,False,1,latin,Serif,Igino Marini,https://fonts.google.com/specimen/IM+Fell+DW+Pica+SC,https://github.com/google/fonts/tree/main/ofl/im-fell-dw-pica-sc,https://github.com/google/fonts/tree/main/ofl/im-fell-dw-pica-sc
im-fell-english,IM Fell English,google-fonts,OFL,True,serif,False,,False,2,latin,Serif,Igino Marini,https://fonts.google.com/specimen/IM+Fell+English,https://github.com/google/fonts/tree/main/ofl/im-fell-english,https://github.com/google/fonts/tree/main/ofl/im-fell-english
im-fell-english-sc,IM Fell English SC,google-fonts,OFL,True,serif,False,,False,1,latin,Serif,Igino Marini,https://fonts.google.com/specimen/IM+Fell+English+SC,https://github.com/google/fonts/tree/main/ofl/im-fell-english-sc,https://github.com/google/fonts/tree/main/ofl/im-fell-english-sc
im-fell-french-canon,IM Fell French Canon,google-fonts,OFL,True,serif,False,,False,2,latin,Serif,Igino Marini,https://fonts.google.com/specimen/IM+Fell+French+Canon,https://github.com/google/fonts/tree/main/ofl/im-fell-french-canon,https://github.com/google/fonts/tree/main/ofl/im-fell-french-canon
im-fell-french-canon-sc,IM Fell French Canon SC,google-fonts,OFL,True,serif,False,,False,1,latin,Serif,Igino Marini,https://fonts.google.com/specimen/IM+Fell+French+Canon+SC,https://github.com/google/fonts/tree/main/ofl/im-fell-french-canon-sc,https://github.com/google/fonts/tree/main/ofl/im-fell-french-canon-sc
im-fell-great-primer,IM Fell Great Primer,google-fonts,OFL,True,serif,False,,False,2,latin,Serif,Igino Marini,https://fonts.google.com/specimen/IM+Fell+Great+Primer,https://github.com/google/fonts/tree/main/ofl/im-fell-great-primer,https://github.com/google/fonts/tree/main/ofl/im-fell-great-primer
im-fell-great-primer-sc,IM Fell Great Primer SC,google-fonts,OFL,True,serif,False,,False,1,latin,Serif,Igino Marini,https://fonts.google.com/specimen/IM+Fell+Great+Primer+SC,https://github.com/google/fonts/tree/main/ofl/im-fell-great-primer-sc,https://github.com/google/fonts/tree/main/ofl/im-fell-great-primer-sc
imbue,Imbue,google-fonts,OFL,True,serif,False,,True,9,latin|latin-ext|vietnamese,Serif,Tyler Finck|ETC,https://fonts.google.com/specimen/Imbue,https://github.com/google/fonts/tree/main/ofl/imbue,https://github.com/google/fonts/tree/main/ofl/imbue
imperial-script,Imperial Script,google-fonts,OFL,True,handwriting,False,,False,1,latin|latin-ext|vietnamese,,Robert Leuschke,https://fonts.google.com/specimen/Imperial+Script,https://github.com/google/fonts/tree/main/ofl/imperial-script,https://github.com/google/fonts/tree/main/ofl/imperial-script
imprima,Imprima,google-fonts,OFL,True,sans-serif,False,,False,1,latin|latin-ext,Sans Serif,Eduardo Tunni,https://fonts.google.com/specimen/Imprima,https://github.com/google/fonts/tree/main/ofl/imprima,https://github.com/google/fonts/tree/main/ofl/imprima
inclusive-sans,Inclusive Sans,google-fonts,OFL,True,sans-serif,False,,True,10,latin|latin-ext|vietnamese,Sans Serif,Olivia King,https://fonts.google.com/specimen/Inclusive+Sans,https://github.com/google/fonts/tree/main/ofl/inclusive-sans,https://github.com/google/fonts/tree/main/ofl/inclusive-sans
inder,Inder,google-fonts,OFL,True,sans-serif,False,,False,1,latin|latin-ext,Sans Serif,Sorkin Type,https://fonts.google.com/specimen/Inder,https://github.com/google/fonts/tree/main/ofl/inder,https://github.com/google/fonts/tree/main/ofl/inder
indie-flower,Indie Flower,google-fonts,OFL,True,handwriting,False,,False,1,latin|latin-ext,,Kimberly Geswein,https://fonts.google.com/specimen/Indie+Flower,https://github.com/google/fonts/tree/main/ofl/indie-flower,https://github.com/google/fonts/tree/main/ofl/indie-flower
ingrid-darling,Ingrid Darling,google-fonts,OFL,True,handwriting,False,,False,1,latin|latin-ext|vietnamese,,Robert Leuschke,https://fonts.google.com/specimen/Ingrid+Darling,https://github.com/google/fonts/tree/main/ofl/ingrid-darling,https://github.com/google/fonts/tree/main/ofl/ingrid-darling
inika,Inika,google-fonts,OFL,True,serif,False,,False,2,latin|latin-ext,Serif,Constanza Artigas,https://fonts.google.com/specimen/Inika,https://github.com/google/fonts/tree/main/ofl/inika,https://github.com/google/fonts/tree/main/ofl/inika
inknut-antiqua,Inknut Antiqua,google-fonts,OFL,True,serif,False,,False,7,devanagari|latin|latin-ext,Serif,Claus Eggers Sørensen,https://fonts.google.com/specimen/Inknut+Antiqua,https://github.com/google/fonts/tree/main/ofl/inknut-antiqua,https://github.com/google/fonts/tree/main/ofl/inknut-antiqua
inria-sans,Inria Sans,google-fonts,OFL,True,sans-serif,False,,False,6,latin|latin-ext,Sans Serif,Grégori Vincens|Jérémie Hornus,https://fonts.google.com/specimen/Inria+Sans,https://github.com/google/fonts/tree/main/ofl/inria-sans,https://github.com/google/fonts/tree/main/ofl/inria-sans
inria-serif,Inria Serif,google-fonts,OFL,True,serif,False,,False,6,latin|latin-ext,Serif,Grégori Vincens|Jérémie Hornus,https://fonts.google.com/specimen/Inria+Serif,https://github.com/google/fonts/tree/main/ofl/inria-serif,https://github.com/google/fonts/tree/main/ofl/inria-serif
inspiration,Inspiration,google-fonts,OFL,True,handwriting,False,,False,1,latin|latin-ext|vietnamese,,Robert Leuschke,https://fonts.google.com/specimen/Inspiration,https://github.com/google/fonts/tree/main/ofl/inspiration,https://github.com/google/fonts/tree/main/ofl/inspiration
instrument-sans,Instrument Sans,google-fonts,OFL,True,sans-serif,False,,True,8,latin|latin-ext,Sans Serif,Rodrigo Fuenzalida|Jordan Egstad,https://fonts.google.com/specimen/Instrument+Sans,https://github.com/google/fonts/tree/main/ofl/instrument-sans,https://github.com/google/fonts/tree/main/ofl/instrument-sans
instrument-serif,Instrument Serif,google-fonts,OFL,True,serif,False,,False,2,latin|latin-ext,Serif,Rodrigo Fuenzalida|Jordan Egstad,https://fonts.google.com/specimen/Instrument+Serif,https://github.com/google/fonts/tree/main/ofl/instrument-serif,https://github.com/google/fonts/tree/main/ofl/instrument-serif
intel-one-mono,Intel One Mono,google-fonts,OFL,True,monospace,False,,True,10,latin|latin-ext|symbols2|vietnamese,developer|icons|nerd-font,Intel Corporation|Frere-Jones Type,https://fonts.google.com/specimen/Intel+One+Mono,https://github.com/google/fonts/tree/main/ofl/intel-one-mono,https://github.com/google/fonts/tree/main/ofl/intel-one-mono
inter-tight,Inter Tight,google-fonts,OFL,True,sans-serif,False,,True,18,cyrillic|cyrillic-ext|greek|greek-ext|latin|latin-ext|vietnamese,Sans Serif,Rasmus Andersson,https://fonts.google.com/specimen/Inter+Tight,https://github.com/google/fonts/tree/main/ofl/inter-tight,https://github.com/google/fonts/tree/main/ofl/inter-tight
fontsource-iosevka,Iosevka,fontsource,OFL,True,monospace,False,,False,18,latin,developer|fontsource|icons|nerd-font|other,,https://fontsource.org/fonts/iosevka,https://fontsource.org/fonts/iosevka,
fontsource-iosevka-aile,Iosevka Aile,fontsource,OFL,True,monospace,False,,False,18,latin,fontsource|other,,https://fontsource.org/fonts/iosevka-aile,https://fontsource.org/fonts/iosevka-aile,
iosevka-charon,Iosevka Charon,google-fonts,OFL,True,monospace,False,,False,8,armenian|braille|cyrillic|cyrillic-ext|greek|greek-ext|latin|latin-ext|math|symbols|symbols2|vietnamese,Sans Serif,Juliette Pluto,https://fonts.google.com/specimen/Iosevka+Charon,https://github.com/google/fonts/tree/main/ofl/iosevka-charon,https://github.com/google/fonts/tree/main/ofl/iosevka-charon
iosevka-charon-mono,Iosevka Charon Mono,google-fonts,OFL,True,monospace,False,,False,8,armenian|braille|cyrillic|cyrillic-ext|greek|greek-ext|latin|latin-ext|math|symbols|symbols2|vietnamese,Sans Serif,Juliette Pluto,https://fonts.google.com/specimen/Iosevka+Charon+Mono,https://github.com/google/fonts/tree/main/ofl/iosevka-charon-mono,https://github.com/google/fonts/tree/main/ofl/iosevka-charon-mono
fontsource-iosevka-curly,Iosevka Curly,fontsource,OFL,True,monospace,False,,False,18,latin,fontsource|other,,https://fontsource.org/fonts/iosevka-curly,https://fontsource.org/fonts/iosevka-curly,
fontsource-iosevka-curly-slab,Iosevka Curly Slab,fontsource,OFL,True,monospace,False,,False,18,latin,fontsource|other,,https://fontsource.org/fonts/iosevka-curly-slab,https://fontsource.org/fonts/iosevka-curly-slab,
fontsource-iosevka-etoile,Iosevka Etoile,fontsource,OFL,True,monospace,False,,False,18,latin,fontsource|other,,https://fontsource.org/fonts/iosevka-etoile,https://fontsource.org/fonts/iosevka-etoile,
irish-grover,Irish Grover,google-fonts,OFL,True,display,False,,False,1,latin,,Sideshow,https://fonts.google.com/specimen/Irish+Grover,https://github.com/google/fonts/tree/main/ofl/irish-grover,https://github.com/google/fonts/tree/main/ofl/irish-grover
island-moments,Island Moments,google-fonts,OFL,True,handwriting,False,,False,1,latin|latin-ext|vietnamese,,Robert Leuschke,https://fonts.google.com/specimen/Island+Moments,https://github.com/google/fonts/tree/main/ofl/island-moments,https://github.com/google/fonts/tree/main/ofl/island-moments
istok-web,Istok Web,google-fonts,OFL,True,sans-serif,False,,False,4,cyrillic|cyrillic-ext|latin|latin-ext,Sans Serif,Andrey V. Panov,https://fonts.google.com/specimen/Istok+Web,https://github.com/google/fonts/tree/main/ofl/istok-web,https://github.com/google/fonts/tree/main/ofl/istok-web
italiana,Italiana,google-fonts,OFL,True,sans-serif,False,,False,1,latin,Sans Serif,Santiago Orozco,https://fonts.google.com/specimen/Italiana,https://github.com/google/fonts/tree/main/ofl/italiana,https://github.com/google/fonts/tree/main/ofl/italiana
italianno,Italianno,google-fonts,OFL,True,handwriting,False,,False,1,latin|latin-ext|vietnamese,,Robert Leuschke,https://fonts.google.com/specimen/Italianno,https://github.com/google/fonts/tree/main/ofl/italianno,https://github.com/google/fonts/tree/main/ofl/italianno
itim,Itim,google-fonts,OFL,True,handwriting,False,,False,1,latin|latin-ext|thai|vietnamese,,Cadson Demak,https://fonts.google.com/specimen/Itim,https://github.com/google/fonts/tree/main/ofl/itim,https://github.com/google/fonts/tree/main/ofl/itim
jacquard-12,Jacquard 12,google-fonts,OFL,True,display,False,,False,1,latin|latin-ext|math|symbols,,Sarah Cadigan-Fried,https://fonts.google.com/specimen/Jacquard+12,https://github.com/google/fonts/tree/main/ofl/jacquard-12,https://github.com/google/fonts/tree/main/ofl/jacquard-12
jacquard-12-charted,Jacquard 12 Charted,google-fonts,OFL,True,display,False,,False,1,latin|latin-ext|math|symbols,,Sarah Cadigan-Fried,https://fonts.google.com/specimen/Jacquard+12+Charted,https://github.com/google/fonts/tree/main/ofl/jacquard-12-charted,https://github.com/google/fonts/tree/main/ofl/jacquard-12-charted
jacquard-24,Jacquard 24,google-fonts,OFL,True,display,False,,False,1,latin|latin-ext,,Sarah Cadigan-Fried,https://fonts.google.com/specimen/Jacquard+24,https://github.com/google/fonts/tree/main/ofl/jacquard-24,https://github.com/google/fonts/tree/main/ofl/jacquard-24
jacquard-24-charted,Jacquard 24 Charted,google-fonts,OFL,True,display,False,,False,1,latin|latin-ext,,Sarah Cadigan-Fried,https://fonts.google.com/specimen/Jacquard+24+Charted,https://github.com/google/fonts/tree/main/ofl/jacquard-24-charted,https://github.com/google/fonts/tree/main/ofl/jacquard-24-charted
jacquarda-bastarda-9,Jacquarda Bastarda 9,google-fonts,OFL,True,display,False,,False,1,latin|latin-ext|math|symbols,Serif,Sarah Cadigan-Fried,https://fonts.google.com/specimen/Jacquarda+Bastarda+9,https://github.com/google/fonts/tree/main/ofl/jacquarda-bastarda-9,https://github.com/google/fonts/tree/main/ofl/jacquarda-bastarda-9
jacquarda-bastarda-9-charted,Jacquarda Bastarda 9 Charted,google-fonts,OFL,True,display,False,,False,1,latin|latin-ext|math|symbols,Serif,Sarah Cadigan-Fried,https://fonts.google.com/specimen/Jacquarda+Bastarda+9+Charted,https://github.com/google/fonts/tree/main/ofl/jacquarda-bastarda-9-charted,https://github.com/google/fonts/tree/main/ofl/jacquarda-bastarda-9-charted
jacques-francois,Jacques Francois,google-fonts,OFL,True,serif,False,,False,1,latin,Serif,Cyreal,https://fonts.google.com/specimen/Jacques+Francois,https://github.com/google/fonts/tree/main/ofl/jacques-francois,https://github.com/google/fonts/tree/main/ofl/jacques-francois
jacques-francois-shadow,Jacques Francois Shadow,google-fonts,OFL,True,display,False,,False,1,latin,Serif,Cyreal,https://fonts.google.com/specimen/Jacques+Francois+Shadow,https://github.com/google/fonts/tree/main/ofl/jacques-francois-shadow,https://github.com/google/fonts/tree/main/ofl/jacques-francois-shadow
jaini,Jaini,google-fonts,OFL,True,display,False,,False,1,devanagari|latin|latin-ext,,Ek Type,https://fonts.google.com/specimen/Jaini,https://github.com/google/fonts/tree/main/ofl/jaini,https://github.com/google/fonts/tree/main/ofl/jaini
jaini-purva,Jaini Purva,google-fonts,OFL,True,display,False,,False,1,devanagari|latin|latin-ext,,Ek Type,https://fonts.google.com/specimen/Jaini+Purva,https://github.com/google/fonts/tree/main/ofl/jaini-purva,https://github.com/google/fonts/tree/main/ofl/jaini-purva
jaro,Jaro,google-fonts,OFL,True,sans-serif,False,,True,1,latin|latin-ext|vietnamese,Sans Serif,Agyei Archer|Céline Hurka|Mirko Velimirović,https://fonts.google.com/specimen/Jaro,https://github.com/google/fonts/tree/main/ofl/jaro,https://github.com/google/fonts/tree/main/ofl/jaro
jersey-10,Jersey 10,google-fonts,OFL,True,display,False,,False,1,latin|latin-ext,Sans Serif,Sarah Cadigan-Fried,https://fonts.google.com/specimen/Jersey+10,https://github.com/google/fonts/tree/main/ofl/jersey-10,https://github.com/google/fonts/tree/main/ofl/jersey-10
jersey-10-charted,Jersey 10 Charted,google-fonts,OFL,True,display,False,,False,1,latin|latin-ext,Sans Serif,Sarah Cadigan-Fried,https://fonts.google.com/specimen/Jersey+10+Charted,https://github.com/google/fonts/tree/main/ofl/jersey-10-charted,https://github.com/google/fonts/tree/main/ofl/jersey-10-charted
jersey-15,Jersey 15,google-fonts,OFL,True,display,False,,False,1,latin|latin-ext,Sans Serif,Sarah Cadigan-Fried,https://fonts.google.com/specimen/Jersey+15,https://github.com/google/fonts/tree/main/ofl/jersey-15,https://github.com/google/fonts/tree/main/ofl/jersey-15
jersey-15-charted,Jersey 15 Charted,google-fonts,OFL,True,display,False,,False,1,latin|latin-ext,Sans Serif,Sarah Cadigan-Fried,https://fonts.google.com/specimen/Jersey+15+Charted,https://github.com/google/fonts/tree/main/ofl/jersey-15-charted,https://github.com/google/fonts/tree/main/ofl/jersey-15-charted
jersey-20,Jersey 20,google-fonts,OFL,True,display,False,,False,1,latin|latin-ext,Sans Serif,Sarah Cadigan-Fried,https://fonts.google.com/specimen/Jersey+20,https://github.com/google/fonts/tree/main/ofl/jersey-20,https://github.com/google/fonts/tree/main/ofl/jersey-20
jersey-20-charted,Jersey 20 Charted,google-fonts,OFL,True,display,False,,False,1,latin|latin-ext,Sans Serif,Sarah Cadigan-Fried,https://fonts.google.com/specimen/Jersey+20+Charted,https://github.com/google/fonts/tree/main/ofl/jersey-20-charted,https://github.com/google/fonts/tree/main/ofl/jersey-20-charted
jersey-25,Jersey 25,google-fonts,OFL,True,display,False,,False,1,latin|latin-ext,Sans Serif,Sarah Cadigan-Fried,https://fonts.google.com/specimen/Jersey+25,https://github.com/google/fonts/tree/main/ofl/jersey-25,https://github.com/google/fonts/tree/main/ofl/jersey-25
jersey-25-charted,Jersey 25 Charted,google-fonts,OFL,True,display,False,,False,1,latin|latin-ext,Sans Serif,Sarah Cadigan-Fried,https://fonts.google.com/specimen/Jersey+25+Charted,https://github.com/google/fonts/tree/main/ofl/jersey-25-charted,https://github.com/google/fonts/tree/main/ofl/jersey-25-charted
jim-nightshade,Jim Nightshade,google-fonts,OFL,True,handwriting,False,,False,1,latin|latin-ext,,Astigmatic,https://fonts.google.com/specimen/Jim+Nightshade,https://github.com/google/fonts/tree/main/ofl/jim-nightshade,https://github.com/google/fonts/tree/main/ofl/jim-nightshade
joan,Joan,google-fonts,OFL,True,serif,False,,False,1,latin|latin-ext,Serif,Paolo Biagini,https://fonts.google.com/specimen/Joan,https://github.com/google/fonts/tree/main/ofl/joan,https://github.com/google/fonts/tree/main/ofl/joan
jockey-one,Jockey One,google-fonts,OFL,True,sans-serif,False,,False,1,latin|latin-ext,Sans Serif,TypeTogether,https://fonts.google.com/specimen/Jockey+One,https://github.com/google/fonts/tree/main/ofl/jockey-one,https://github.com/google/fonts/tree/main/ofl/jockey-one
jolly-lodger,Jolly Lodger,google-fonts,OFL,True,display,False,,False,1,latin|latin-ext,,Font Diner,https://fonts.google.com/specimen/Jolly+Lodger,https://github.com/google/fonts/tree/main/ofl/jolly-lodger,https://github.com/google/fonts/tree/main/ofl/jolly-lodger
jomhuria,Jomhuria,google-fonts,OFL,True,display,False,,False,1,arabic|latin|latin-ext,Serif,KB Studio,https://fonts.google.com/specimen/Jomhuria,https://github.com/google/fonts/tree/main/ofl/jomhuria,https://github.com/google/fonts/tree/main/ofl/jomhuria
jomolhari,Jomolhari,google-fonts,OFL,True,serif,False,,False,1,latin|tibetan,Serif,Christopher J. Fynn,https://fonts.google.com/specimen/Jomolhari,https://github.com/google/fonts/tree/main/ofl/jomolhari,https://github.com/google/fonts/tree/main/ofl/jomolhari
josefin-slab,Josefin Slab,google-fonts,OFL,True,serif,False,,True,14,latin,Slab Serif,Santiago Orozco,https://fonts.google.com/specimen/Josefin+Slab,https://github.com/google/fonts/tree/main/ofl/josefin-slab,https://github.com/google/fonts/tree/main/ofl/josefin-slab
jost,Jost,google-fonts,OFL,True,sans-serif,False,,True,18,cyrillic|latin|latin-ext,Sans Serif,Owen Earl,https://fonts.google.com/specimen/Jost,https://github.com/google/fonts/tree/main/ofl/jost,https://github.com/google/fonts/tree/main/ofl/jost
joti-one,Joti One,google-fonts,OFL,True,display,False,,False,1,latin|latin-ext,Serif,Eduardo Tunni,https://fonts.google.com/specimen/Joti+One,https://github.com/google/fonts/tree/main/ofl/joti-one,https://github.com/google/fonts/tree/main/ofl/joti-one
jua,Jua,google-fonts,OFL,True,sans-serif,False,,False,1,korean|latin,Sans Serif,Woowahan Brothers,https://fonts.google.com/specimen/Jua,https://github.com/google/fonts/tree/main/ofl/jua,https://github.com/google/fonts/tree/main/ofl/jua
judson,Judson,google-fonts,OFL,True,serif,False,,False,3,latin|latin-ext|vietnamese,Serif,Daniel Johnson,https://fonts.google.com/specimen/Judson,https://github.com/google/fonts/tree/main/ofl/judson,https://github.com/google/fonts/tree/main/ofl/judson
julee,Julee,google-fonts,OFL,True,handwriting,False,,False,1,latin|latin-ext,,Julián Tunni,https://fonts.google.com/specimen/Julee,https://github.com/google/fonts/tree/main/ofl/julee,https://github.com/google/fonts/tree/main/ofl/julee
julius-sans-one,Julius Sans One,google-fonts,OFL,True,sans-serif,False,,False,1,latin|latin-ext,Sans Serif,Luciano Vergara,https://fonts.google.com/specimen/Julius+Sans+One,https://github.com/google/fonts/tree/main/ofl/julius-sans-one,https://github.com/google/fonts/tree/main/ofl/julius-sans-one
junge,Junge,google-fonts,OFL,True,serif,False,,False,1,latin,Serif,Cyreal,https://fonts.google.com/specimen/Junge,https://github.com/google/fonts/tree/main/ofl/junge,https://github.com/google/fonts/tree/main/ofl/junge
jura,Jura,google-fonts,OFL,True,sans-serif,False,,True,5,cyrillic|cyrillic-ext|greek|greek-ext|kayah-li|latin|latin-ext|vietnamese,Sans Serif,Daniel Johnson|Cyreal,https://fonts.google.com/specimen/Jura,https://github.com/google/fonts/tree/main/ofl/jura,https://github.com/google/fonts/tree/main/ofl/jura
just-another-hand,Just Another Hand,google-fonts,OFL,True,handwriting,False,,False,1,latin|latin-ext,,Astigmatic,https://fonts.google.com/specimen/Just+Another+Hand,https://github.com/google/fonts/tree/main/ofl/just-another-hand,https://github.com/google/fonts/tree/main/ofl/just-another-hand
just-me-again-down-here,Just Me Again Down Here,google-fonts,OFL,True,handwriting,False,,False,1,latin|latin-ext,,Kimberly Geswein,https://fonts.google.com/specimen/Just+Me+Again+Down+Here,https://github.com/google/fonts/tree/main/ofl/just-me-again-down-here,https://github.com/google/fonts/tree/main/ofl/just-me-again-down-here
k2d,K2D,google-fonts,OFL,True,sans-serif,False,,False,16,latin|latin-ext|thai|vietnamese,Sans Serif,Cadson Demak,https://fonts.google.com/specimen/K2D,https://github.com/google/fonts/tree/main/ofl/k2d,https://github.com/google/fonts/tree/main/ofl/k2d
kablammo,Kablammo,google-fonts,OFL,True,display,False,,True,1,cyrillic|cyrillic-ext|emoji|latin|latin-ext|vietnamese,,Vectro Type Foundry|Travis Kochel|Lizy Gershenzon|Daria Cohen|Ethan Cohen,https://fonts.google.com/specimen/Kablammo,https://github.com/google/fonts/tree/main/ofl/kablammo,https://github.com/google/fonts/tree/main/ofl/kablammo
kadwa,Kadwa,google-fonts,OFL,True,serif,False,,False,2,devanagari|latin,Serif,Sol Matas,https://fonts.google.com/specimen/Kadwa,https://github.com/google/fonts/tree/main/ofl/kadwa,https://github.com/google/fonts/tree/main/ofl/kadwa
kaisei-decol,Kaisei Decol,google-fonts,OFL,True,serif,False,,False,3,cyrillic|japanese|latin|latin-ext,Serif,Font-Kai,https://fonts.google.com/specimen/Kaisei+Decol,https://github.com/google/fonts/tree/main/ofl/kaisei-decol,https://github.com/google/fonts/tree/main/ofl/kaisei-decol
kaisei-harunoumi,Kaisei HarunoUmi,google-fonts,OFL,True,serif,False,,False,3,cyrillic|japanese|latin|latin-ext,Serif,Font-Kai,https://fonts.google.com/specimen/Kaisei+HarunoUmi,https://github.com/google/fonts/tree/main/ofl/kaisei-harunoumi,https://github.com/google/fonts/tree/main/ofl/kaisei-harunoumi
kaisei-opti,Kaisei Opti,google-fonts,OFL,True,serif,False,,False,3,cyrillic|japanese|latin|latin-ext,Serif,Font-Kai,https://fonts.google.com/specimen/Kaisei+Opti,https://github.com/google/fonts/tree/main/ofl/kaisei-opti,https://github.com/google/fonts/tree/main/ofl/kaisei-opti
kaisei-tokumin,Kaisei Tokumin,google-fonts,OFL,True,serif,False,,False,4,cyrillic|japanese|latin|latin-ext,Serif,Font-Kai,https://fonts.google.com/specimen/Kaisei+Tokumin,https://github.com/google/fonts/tree/main/ofl/kaisei-tokumin,https://github.com/google/fonts/tree/main/ofl/kaisei-tokumin
kalnia,Kalnia,google-fonts,OFL,True,serif,False,,True,7,latin|latin-ext|math,Serif,Frida Medrano,https://fonts.google.com/specimen/Kalnia,https://github.com/google/fonts/tree/main/ofl/kalnia,https://github.com/google/fonts/tree/main/ofl/kalnia
kalnia-glaze,Kalnia Glaze,google-fonts,OFL,True,display,False,,True,7,latin|latin-ext,Serif,Frida Medrano,https://fonts.google.com/specimen/Kalnia+Glaze,https://github.com/google/fonts/tree/main/ofl/kalnia-glaze,https://github.com/google/fonts/tree/main/ofl/kalnia-glaze
kameron,Kameron,google-fonts,OFL,True,serif,False,,True,4,latin|latin-ext,Slab Serif,Vernon Adams,https://fonts.google.com/specimen/Kameron,https://github.com/google/fonts/tree/main/ofl/kameron,https://github.com/google/fonts/tree/main/ofl/kameron
kanchenjunga,Kanchenjunga,google-fonts,OFL,True,sans-serif,False,,False,4,kirat-rai|latin,Sans Serif,Becca Hirsbrunner Spalinger,https://fonts.google.com/specimen/Kanchenjunga,https://github.com/google/fonts/tree/main/ofl/kanchenjunga,https://github.com/google/fonts/tree/main/ofl/kanchenjunga
kanit,Kanit,google-fonts,OFL,True,sans-serif,False,,False,18,latin|latin-ext|thai|vietnamese,Sans Serif,Cadson Demak,https://fonts.google.com/specimen/Kanit,https://github.com/google/fonts/tree/main/ofl/kanit,https://github.com/google/fonts/tree/main/ofl/kanit
kantumruy-pro,Kantumruy Pro,google-fonts,OFL,True,sans-serif,False,,True,14,khmer|latin|latin-ext,Sans Serif,Tep Sovichet|Wei Huang,https://fonts.google.com/specimen/Kantumruy+Pro,https://github.com/google/fonts/tree/main/ofl/kantumruy-pro,https://github.com/google/fonts/tree/main/ofl/kantumruy-pro
kapakana,Kapakana,google-fonts,OFL,True,handwriting,False,,True,2,japanese|latin|latin-ext,,Kousuke Nagai,https://fonts.google.com/specimen/Kapakana,https://github.com/google/fonts/tree/main/ofl/kapakana,https://github.com/google/fonts/tree/main/ofl/kapakana
karantina,Karantina,google-fonts,OFL,True,display,False,,False,3,hebrew|latin|latin-ext,,Rony Koch,https://fonts.google.com/specimen/Karantina,https://github.com/google/fonts/tree/main/ofl/karantina,https://github.com/google/fonts/tree/main/ofl/karantina
karla-tamil-inclined,Karla Tamil Inclined,google-fonts,OFL,True,sans-serif,False,,False,2,tamil,Sans Serif,Jonathan Pinhorn,https://fonts.google.com/specimen/Karla+Tamil+Inclined,https://github.com/google/fonts/tree/main/ofl/karla-tamil-inclined,https://github.com/google/fonts/tree/main/ofl/karla-tamil-inclined
karla-tamil-upright,Karla Tamil Upright,google-fonts,OFL,True,sans-serif,False,,False,2,tamil,Sans Serif,Jonathan Pinhorn,https://fonts.google.com/specimen/Karla+Tamil+Upright,https://github.com/google/fonts/tree/main/ofl/karla-tamil-upright,https://github.com/google/fonts/tree/main/ofl/karla-tamil-upright
fontsource-karmilla,Karmilla,fontsource,OFL,True,sans-serif,False,,False,2,latin,fontsource|other|sans-serif,,https://fontsource.org/fonts/karmilla,https://fontsource.org/fonts/karmilla,
katibeh,Katibeh,google-fonts,OFL,True,display,False,,False,1,arabic|latin|latin-ext,Serif,KB Studio,https://fonts.google.com/specimen/Katibeh,https://github.com/google/fonts/tree/main/ofl/katibeh,https://github.com/google/fonts/tree/main/ofl/katibeh
kaushan-script,Kaushan Script,google-fonts,OFL,True,handwriting,False,,False,1,latin|latin-ext,,Impallari Type,https://fonts.google.com/specimen/Kaushan+Script,https://github.com/google/fonts/tree/main/ofl/kaushan-script,https://github.com/google/fonts/tree/main/ofl/kaushan-script
kavivanar,Kavivanar,google-fonts,OFL,True,handwriting,False,,False,1,latin|latin-ext|tamil,,Tharique Azeez,https://fonts.google.com/specimen/Kavivanar,https://github.com/google/fonts/tree/main/ofl/kavivanar,https://github.com/google/fonts/tree/main/ofl/kavivanar
kavoon,Kavoon,google-fonts,OFL,True,display,False,,False,1,latin|latin-ext,Serif,Viktoriya Grabowska,https://fonts.google.com/specimen/Kavoon,https://github.com/google/fonts/tree/main/ofl/kavoon,https://github.com/google/fonts/tree/main/ofl/kavoon
kay-pho-du,Kay Pho Du,google-fonts,OFL,True,serif,False,,False,4,kayah-li|latin|latin-ext,Slab Serif,SIL International,https://fonts.google.com/specimen/Kay+Pho+Du,https://github.com/google/fonts/tree/main/ofl/kay-pho-du,https://github.com/google/fonts/tree/main/ofl/kay-pho-du
kdam-thmor-pro,Kdam Thmor Pro,google-fonts,OFL,True,sans-serif,False,,False,1,khmer|latin|latin-ext,Sans Serif,Tep Sovichet|Hak Longdey,https://fonts.google.com/specimen/Kdam+Thmor+Pro,https://github.com/google/fonts/tree/main/ofl/kdam-thmor-pro,https://github.com/google/fonts/tree/main/ofl/kdam-thmor-pro
keania-one,Keania One,google-fonts,OFL,True,display,False,,False,1,latin|latin-ext,Sans Serif,Julia Petretta,https://fonts.google.com/specimen/Keania+One,https://github.com/google/fonts/tree/main/ofl/keania-one,https://github.com/google/fonts/tree/main/ofl/keania-one
kedebideri,Kedebideri,google-fonts,OFL,True,sans-serif,False,,False,6,beria-erfe|latin,Sans Serif,SIL International,https://fonts.google.com/specimen/Kedebideri,https://github.com/google/fonts/tree/main/ofl/kedebideri,https://github.com/google/fonts/tree/main/ofl/kedebideri
kelly-slab,Kelly Slab,google-fonts,OFL,True,display,False,,False,1,cyrillic|latin|latin-ext,Sans Serif,Denis Masharov,https://fonts.google.com/specimen/Kelly+Slab,https://github.com/google/fonts/tree/main/ofl/kelly-slab,https://github.com/google/fonts/tree/main/ofl/kelly-slab
kenia,Kenia,google-fonts,OFL,True,display,False,,False,1,latin,Sans Serif,Julia Petretta,https://fonts.google.com/specimen/Kenia,https://github.com/google/fonts/tree/main/ofl/kenia,https://github.com/google/fonts/tree/main/ofl/kenia
khmer,Khmer,google-fonts,OFL,True,sans-serif,False,,False,1,khmer,Sans Serif,Danh Hong,https://fonts.google.com/specimen/Khmer,https://github.com/google/fonts/tree/main/ofl/khmer,https://github.com/google/fonts/tree/main/ofl/khmer
khula,Khula,google-fonts,OFL,True,sans-serif,False,,False,5,devanagari|latin|latin-ext,Sans Serif,Erin McLaughlin,https://fonts.google.com/specimen/Khula,https://github.com/google/fonts/tree/main/ofl/khula,https://github.com/google/fonts/tree/main/ofl/khula
kings,Kings,google-fonts,OFL,True,handwriting,False,,False,1,latin|latin-ext|vietnamese,,Robert Leuschke,https://fonts.google.com/specimen/Kings,https://github.com/google/fonts/tree/main/ofl/kings,https://github.com/google/fonts/tree/main/ofl/kings
kirang-haerang,Kirang Haerang,google-fonts,OFL,True,display,False,,False,1,korean|latin,,Woowahan Brothers,https://fonts.google.com/specimen/Kirang+Haerang,https://github.com/google/fonts/tree/main/ofl/kirang-haerang,https://github.com/google/fonts/tree/main/ofl/kirang-haerang
kite-one,Kite One,google-fonts,OFL,True,sans-serif,False,,False,1,latin|latin-ext,Sans Serif,Eduardo Tunni,https://fonts.google.com/specimen/Kite+One,https://github.com/google/fonts/tree/main/ofl/kite-one,https://github.com/google/fonts/tree/main/ofl/kite-one
kiwi-maru,Kiwi Maru,google-fonts,OFL,True,serif,False,,False,3,cyrillic|japanese|latin|latin-ext,Serif,Hiroki-Chan,https://fonts.google.com/specimen/Kiwi+Maru,https://github.com/google/fonts/tree/main/ofl/kiwi-maru,https://github.com/google/fonts/tree/main/ofl/kiwi-maru
klee-one,Klee One,google-fonts,OFL,True,handwriting,False,,False,2,cyrillic|greek-ext|japanese|latin|latin-ext,,Fontworks Inc.,https://fonts.google.com/specimen/Klee+One,https://github.com/google/fonts/tree/main/ofl/klee-one,https://github.com/google/fonts/tree/main/ofl/klee-one
kodchasan,Kodchasan,google-fonts,OFL,True,sans-serif,False,,False,12,latin|latin-ext|thai|vietnamese,Sans Serif,Cadson Demak,https://fonts.google.com/specimen/Kodchasan,https://github.com/google/fonts/tree/main/ofl/kodchasan,https://github.com/google/fonts/tree/main/ofl/kodchasan
kode-mono,Kode Mono,google-fonts,OFL,True,monospace,False,,True,4,latin|latin-ext,Sans Serif,Isa Ozler,https://fonts.google.com/specimen/Kode+Mono,https://github.com/google/fonts/tree/main/ofl/kode-mono,https://github.com/google/fonts/tree/main/ofl/kode-mono
koh-santepheap,Koh Santepheap,google-fonts,OFL,True,serif,False,,False,5,khmer|latin,Serif,Danh Hong,https://fonts.google.com/specimen/Koh+Santepheap,https://github.com/google/fonts/tree/main/ofl/koh-santepheap,https://github.com/google/fonts/tree/main/ofl/koh-santepheap
koho,KoHo,google-fonts,OFL,True,sans-serif,False,,False,12,latin|latin-ext|thai|vietnamese,Sans Serif,Cadson Demak,https://fonts.google.com/specimen/KoHo,https://github.com/google/fonts/tree/main/ofl/koho,https://github.com/google/fonts/tree/main/ofl/koho
kolker-brush,Kolker Brush,google-fonts,OFL,True,handwriting,False,,False,1,latin|latin-ext|vietnamese,,Robert Leuschke,https://fonts.google.com/specimen/Kolker+Brush,https://github.com/google/fonts/tree/main/ofl/kolker-brush,https://github.com/google/fonts/tree/main/ofl/kolker-brush
konkhmer-sleokchher,Konkhmer Sleokchher,google-fonts,OFL,True,display,False,,False,1,khmer|latin|latin-ext,,Suon May Sophanith,https://fonts.google.com/specimen/Konkhmer+Sleokchher,https://github.com/google/fonts/tree/main/ofl/konkhmer-sleokchher,https://github.com/google/fonts/tree/main/ofl/konkhmer-sleokchher
kosugi,Kosugi,google-fonts,OFL,True,sans-serif,False,,False,1,cyrillic|japanese|latin|latin-ext,Sans Serif,MOTOYA,https://fonts.google.com/specimen/Kosugi,https://github.com/google/fonts/tree/main/ofl/kosugi,https://github.com/google/fonts/tree/main/ofl/kosugi
kosugi-maru,Kosugi Maru,google-fonts,OFL,True,sans-serif,False,,False,1,cyrillic|japanese|latin|latin-ext,Sans Serif,MOTOYA,https://fonts.google.com/specimen/Kosugi+Maru,https://github.com/google/fonts/tree/main/ofl/kosugi-maru,https://github.com/google/fonts/tree/main/ofl/kosugi-maru
kotta-one,Kotta One,google-fonts,OFL,True,serif,False,,False,1,latin|latin-ext,Serif,Ania Kruk,https://fonts.google.com/specimen/Kotta+One,https://github.com/google/fonts/tree/main/ofl/kotta-one,https://github.com/google/fonts/tree/main/ofl/kotta-one
koulen,Koulen,google-fonts,OFL,True,display,False,,False,1,khmer|latin,Sans Serif,Danh Hong,https://fonts.google.com/specimen/Koulen,https://github.com/google/fonts/tree/main/ofl/koulen,https://github.com/google/fonts/tree/main/ofl/koulen
kranky,Kranky,google-fonts,OFL,True,display,False,,False,1,latin,Serif,Sideshow,https://fonts.google.com/specimen/Kranky,https://github.com/google/fonts/tree/main/ofl/kranky,https://github.com/google/fonts/tree/main/ofl/kranky
kreon,Kreon,google-fonts,OFL,True,serif,False,,True,5,latin|latin-ext,Serif,Julia Petretta,https://fonts.google.com/specimen/Kreon,https://github.com/google/fonts/tree/main/ofl/kreon,https://github.com/google/fonts/tree/main/ofl/kreon
kristi,Kristi,google-fonts,OFL,True,handwriting,False,,False,1,latin,,Birgit Pulk,https://fonts.google.com/specimen/Kristi,https://github.com/google/fonts/tree/main/ofl/kristi,https://github.com/google/fonts/tree/main/ofl/kristi
krona-one,Krona One,google-fonts,OFL,True,sans-serif,False,,False,1,latin|latin-ext,Sans Serif,Yvonne Schüttler,https://fonts.google.com/specimen/Krona+One,https://github.com/google/fonts/tree/main/ofl/krona-one,https://github.com/google/fonts/tree/main/ofl/krona-one
krub,Krub,google-fonts,OFL,True,sans-serif,False,,False,12,latin|latin-ext|thai|vietnamese,Sans Serif,Cadson Demak,https://fonts.google.com/specimen/Krub,https://github.com/google/fonts/tree/main/ofl/krub,https://github.com/google/fonts/tree/main/ofl/krub
kufam,Kufam,google-fonts,OFL,True,sans-serif,False,,True,12,arabic|latin|latin-ext|vietnamese,Sans Serif,Original Type|Wael Morcos|Artur Schmal,https://fonts.google.com/specimen/Kufam,https://github.com/google/fonts/tree/main/ofl/kufam,https://github.com/google/fonts/tree/main/ofl/kufam
kulim-park,Kulim Park,google-fonts,OFL,True,sans-serif,False,,False,10,latin|latin-ext,Sans Serif,Dale Sattler,https://fonts.google.com/specimen/Kulim+Park,https://github.com/google/fonts/tree/main/ofl/kulim-park,https://github.com/google/fonts/tree/main/ofl/kulim-park
kumar-one,Kumar One,google-fonts,OFL,True,display,False,,False,1,gujarati|latin|latin-ext,Serif,Indian Type Foundry,https://fonts.google.com/specimen/Kumar+One,https://github.com/google/fonts/tree/main/ofl/kumar-one,https://github.com/google/fonts/tree/main/ofl/kumar-one
kumar-one-outline,Kumar One Outline,google-fonts,OFL,True,display,False,,False,1,gujarati|latin|latin-ext,,Indian Type Foundry,https://fonts.google.com/specimen/Kumar+One+Outline,https://github.com/google/fonts/tree/main/ofl/kumar-one-outline,https://github.com/google/fonts/tree/main/ofl/kumar-one-outline
kumbh-sans,Kumbh Sans,google-fonts,OFL,True,sans-serif,False,,True,9,latin|latin-ext|math|symbols,Sans Serif,Saurabh Sharma,https://fonts.google.com/specimen/Kumbh+Sans,https://github.com/google/fonts/tree/main/ofl/kumbh-sans,https://github.com/google/fonts/tree/main/ofl/kumbh-sans
kurale,Kurale,google-fonts,OFL,True,serif,False,,False,1,cyrillic|cyrillic-ext|devanagari|latin|latin-ext,Serif,Eduardo Tunni,https://fonts.google.com/specimen/Kurale,https://github.com/google/fonts/tree/main/ofl/kurale,https://github.com/google/fonts/tree/main/ofl/kurale
la-belle-aurore,La Belle Aurore,google-fonts,OFL,True,handwriting,False,,False,1,latin|latin-ext,,Kimberly Geswein,https://fonts.google.com/specimen/La+Belle+Aurore,https://github.com/google/fonts/tree/main/ofl/la-belle-aurore,https://github.com/google/fonts/tree/main/ofl/la-belle-aurore
lacquer,Lacquer,google-fonts,OFL,True,display,False,,False,1,latin,,Niki Polyocan|Eli Block,https://fonts.google.com/specimen/Lacquer,https://github.com/google/fonts/tree/main/ofl/lacquer,https://github.com/google/fonts/tree/main/ofl/lacquer
laila,Laila,google-fonts,OFL,True,serif,False,,False,5,devanagari|latin|latin-ext,Serif,Indian Type Foundry,https://fonts.google.com/specimen/Laila,https://github.com/google/fonts/tree/main/ofl/laila,https://github.com/google/fonts/tree/main/ofl/laila
lakki-reddy,Lakki Reddy,google-fonts,OFL,True,handwriting,False,,False,1,latin|telugu,Serif,Appaji Ambarisha Darbha,https://fonts.google.com/specimen/Lakki+Reddy,https://github.com/google/fonts/tree/main/ofl/lakki-reddy,https://github.com/google/fonts/tree/main/ofl/lakki-reddy
lalezar,Lalezar,google-fonts,OFL,True,sans-serif,False,,False,1,arabic|latin|latin-ext|vietnamese,Sans Serif,Borna Izadpanah,https://fonts.google.com/specimen/Lalezar,https://github.com/google/fonts/tree/main/ofl/lalezar,https://github.com/google/fonts/tree/main/ofl/lalezar
lancelot,Lancelot,google-fonts,OFL,True,display,False,,False,1,latin|latin-ext,Serif,Marion Kadi,https://fonts.google.com/specimen/Lancelot,https://github.com/google/fonts/tree/main/ofl/lancelot,https://github.com/google/fonts/tree/main/ofl/lancelot
langar,Langar,google-fonts,OFL,True,display,False,,False,1,gurmukhi|latin|latin-ext,,Typeland|Alessia Mazzarella,https://fonts.google.com/specimen/Langar,https://github.com/google/fonts/tree/main/ofl/langar,https://github.com/google/fonts/tree/main/ofl/langar
lateef,Lateef,google-fonts,OFL,True,serif,False,,False,7,arabic|latin|latin-ext,Serif,SIL International,https://fonts.google.com/specimen/Lateef,https://github.com/google/fonts/tree/main/ofl/lateef,https://github.com/google/fonts/tree/main/ofl/lateef
lavishly-yours,Lavishly Yours,google-fonts,OFL,True,handwriting,False,,False,1,latin|latin-ext|vietnamese,,Robert Leuschke,https://fonts.google.com/specimen/Lavishly+Yours,https://github.com/google/fonts/tree/main/ofl/lavishly-yours,https://github.com/google/fonts/tree/main/ofl/lavishly-yours
league-script,League Script,google-fonts,OFL,True,handwriting,False,,False,1,latin,,Haley Fiege,https://fonts.google.com/specimen/League+Script,https://github.com/google/fonts/tree/main/ofl/league-script,https://github.com/google/fonts/tree/main/ofl/league-script
leckerli-one,Leckerli One,google-fonts,OFL,True,handwriting,False,,False,1,latin,,Gesine Todt,https://fonts.google.com/specimen/Leckerli+One,https://github.com/google/fonts/tree/main/ofl/leckerli-one,https://github.com/google/fonts/tree/main/ofl/leckerli-one
ledger,Ledger,google-fonts,OFL,True,serif,False,,False,1,cyrillic|latin|latin-ext,Serif,Denis Masharov,https://fonts.google.com/specimen/Ledger,https://github.com/google/fonts/tree/main/ofl/ledger,https://github.com/google/fonts/tree/main/ofl/ledger
lekton,Lekton,google-fonts,OFL,True,monospace,False,,False,3,latin|latin-ext,developer|icons|nerd-font,ISIA Urbino,https://fonts.google.com/specimen/Lekton,https://github.com/google/fonts/tree/main/ofl/lekton,https://github.com/google/fonts/tree/main/ofl/lekton
lemon,Lemon,google-fonts,OFL,True,display,False,,False,1,latin|latin-ext,Serif,Eduardo Tunni,https://fonts.google.com/specimen/Lemon,https://github.com/google/fonts/tree/main/ofl/lemon,https://github.com/google/fonts/tree/main/ofl/lemon
lemonada,Lemonada,google-fonts,OFL,True,display,False,,True,5,arabic|latin|latin-ext|vietnamese,Sans Serif,Mohamed Gaber|Eduardo Tunni,https://fonts.google.com/specimen/Lemonada,https://github.com/google/fonts/tree/main/ofl/lemonada,https://github.com/google/fonts/tree/main/ofl/lemonada
lexend-deca,Lexend Deca,google-fonts,OFL,True,sans-serif,False,,True,9,latin|latin-ext|vietnamese,Sans Serif,Bonnie Shaver-Troup|Thomas Jockin|Santiago Orozco|Héctor Gómez|Superunion,https://fonts.google.com/specimen/Lexend+Deca,https://github.com/google/fonts/tree/main/ofl/lexend-deca,https://github.com/google/fonts/tree/main/ofl/lexend-deca
lexend-exa,Lexend Exa,google-fonts,OFL,True,sans-serif,False,,True,9,latin|latin-ext|vietnamese,Sans Serif,Bonnie Shaver-Troup|Thomas Jockin|Santiago Orozco|Héctor Gómez|Superunion,https://fonts.google.com/specimen/Lexend+Exa,https://github.com/google/fonts/tree/main/ofl/lexend-exa,https://github.com/google/fonts/tree/main/ofl/lexend-exa
lexend-giga,Lexend Giga,google-fonts,OFL,True,sans-serif,False,,True,9,latin|latin-ext|vietnamese,Sans Serif,Bonnie Shaver-Troup|Thomas Jockin|Santiago Orozco|Héctor Gómez|Superunion,https://fonts.google.com/specimen/Lexend+Giga,https://github.com/google/fonts/tree/main/ofl/lexend-giga,https://github.com/google/fonts/tree/main/ofl/lexend-giga
lexend-mega,Lexend Mega,google-fonts,OFL,True,sans-serif,False,,True,9,latin|latin-ext|vietnamese,Sans Serif,Bonnie Shaver-Troup|Thomas Jockin|Santiago Orozco|Héctor Gómez|Superunion,https://fonts.google.com/specimen/Lexend+Mega,https://github.com/google/fonts/tree/main/ofl/lexend-mega,https://github.com/google/fonts/tree/main/ofl/lexend-mega
lexend-peta,Lexend Peta,google-fonts,OFL,True,sans-serif,False,,True,9,latin|latin-ext|vietnamese,Sans Serif,Bonnie Shaver-Troup|Thomas Jockin|Santiago Orozco|Héctor Gómez|Superunion,https://fonts.google.com/specimen/Lexend+Peta,https://github.com/google/fonts/tree/main/ofl/lexend-peta,https://github.com/google/fonts/tree/main/ofl/lexend-peta
lexend-tera,Lexend Tera,google-fonts,OFL,True,sans-serif,False,,True,9,latin|latin-ext|vietnamese,Sans Serif,Bonnie Shaver-Troup|Thomas Jockin|Santiago Orozco|Héctor Gómez|Superunion,https://fonts.google.com/specimen/Lexend+Tera,https://github.com/google/fonts/tree/main/ofl/lexend-tera,https://github.com/google/fonts/tree/main/ofl/lexend-tera
lexend-zetta,Lexend Zetta,google-fonts,OFL,True,sans-serif,False,,True,9,latin|latin-ext|vietnamese,Sans Serif,Bonnie Shaver-Troup|Thomas Jockin|Santiago Orozco|Héctor Gómez|Superunion,https://fonts.google.com/specimen/Lexend+Zetta,https://github.com/google/fonts/tree/main/ofl/lexend-zetta,https://github.com/google/fonts/tree/main/ofl/lexend-zetta
fontsource-lextrall,Lextrall,fontsource,OFL,True,sans-serif,False,,False,9,latin,fontsource|other,,https://fontsource.org/fonts/lextrall,https://fontsource.org/fonts/lextrall,
libertinus-keyboard,Libertinus Keyboard,google-fonts,OFL,True,display,False,,False,1,latin|latin-ext,,Philipp H. Poll,https://fonts.google.com/specimen/Libertinus+Keyboard,https://github.com/google/fonts/tree/main/ofl/libertinus-keyboard,https://github.com/google/fonts/tree/main/ofl/libertinus-keyboard
libertinus-math,Libertinus Math,google-fonts,OFL,True,display,False,,False,1,,,Philipp H. Poll,https://fonts.google.com/specimen/Libertinus+Math,https://github.com/google/fonts/tree/main/ofl/libertinus-math,https://github.com/google/fonts/tree/main/ofl/libertinus-math
libertinus-mono,Libertinus Mono,google-fonts,OFL,True,monospace,False,,False,1,latin|latin-ext,,Philipp H. Poll,https://fonts.google.com/specimen/Libertinus+Mono,https://github.com/google/fonts/tree/main/ofl/libertinus-mono,https://github.com/google/fonts/tree/main/ofl/libertinus-mono
libertinus-sans,Libertinus Sans,google-fonts,OFL,True,sans-serif,False,,False,3,cyrillic|cyrillic-ext|greek|greek-ext|latin|latin-ext|vietnamese,Sans Serif,Philipp H. Poll,https://fonts.google.com/specimen/Libertinus+Sans,https://github.com/google/fonts/tree/main/ofl/libertinus-sans,https://github.com/google/fonts/tree/main/ofl/libertinus-sans
libertinus-serif,Libertinus Serif,google-fonts,OFL,True,serif,False,,False,6,cyrillic|cyrillic-ext|greek|greek-ext|hebrew|latin|latin-ext|vietnamese,Serif,Philipp H. Poll,https://fonts.google.com/specimen/Libertinus+Serif,https://github.com/google/fonts/tree/main/ofl/libertinus-serif,https://github.com/google/fonts/tree/main/ofl/libertinus-serif
libertinus-serif-display,Libertinus Serif Display,google-fonts,OFL,True,display,False,,False,1,cyrillic|cyrillic-ext|greek|greek-ext|latin|latin-ext|vietnamese,,Philipp H. Poll,https://fonts.google.com/specimen/Libertinus+Serif+Display,https://github.com/google/fonts/tree/main/ofl/libertinus-serif-display,https://github.com/google/fonts/tree/main/ofl/libertinus-serif-display
libre-barcode-128,Libre Barcode 128,google-fonts,OFL,True,display,False,,False,1,latin,,Lasse Fister,https://fonts.google.com/specimen/Libre+Barcode+128,https://github.com/google/fonts/tree/main/ofl/libre-barcode-128,https://github.com/google/fonts/tree/main/ofl/libre-barcode-128
libre-barcode-128-text,Libre Barcode 128 Text,google-fonts,OFL,True,display,False,,False,1,latin,,Lasse Fister,https://fonts.google.com/specimen/Libre+Barcode+128+Text,https://github.com/google/fonts/tree/main/ofl/libre-barcode-128-text,https://github.com/google/fonts/tree/main/ofl/libre-barcode-128-text
libre-barcode-39,Libre Barcode 39,google-fonts,OFL,True,display,False,,False,1,latin,,Lasse Fister,https://fonts.google.com/specimen/Libre+Barcode+39,https://github.com/google/fonts/tree/main/ofl/libre-barcode-39,https://github.com/google/fonts/tree/main/ofl/libre-barcode-39
libre-barcode-39-extended,Libre Barcode 39 Extended,google-fonts,OFL,True,display,False,,False,1,latin,,Lasse Fister,https://fonts.google.com/specimen/Libre+Barcode+39+Extended,https://github.com/google/fonts/tree/main/ofl/libre-barcode-39-extended,https://github.com/google/fonts/tree/main/ofl/libre-barcode-39-extended
libre-barcode-39-extended-text,Libre Barcode 39 Extended Text,google-fonts,OFL,True,display,False,,False,1,latin,,Lasse Fister,https://fonts.google.com/specimen/Libre+Barcode+39+Extended+Text,https://github.com/google/fonts/tree/main/ofl/libre-barcode-39-extended-text,https://github.com/google/fonts/tree/main/ofl/libre-barcode-39-extended-text
libre-barcode-39-text,Libre Barcode 39 Text,google-fonts,OFL,True,display,False,,False,1,latin,,Lasse Fister,https://fonts.google.com/specimen/Libre+Barcode+39+Text,https://github.com/google/fonts/tree/main/ofl/libre-barcode-39-text,https://github.com/google/fonts/tree/main/ofl/libre-barcode-39-text
libre-barcode-ean13-text,Libre Barcode EAN13 Text,google-fonts,OFL,True,display,False,,False,1,latin,,Lasse Fister,https://fonts.google.com/specimen/Libre+Barcode+EAN13+Text,https://github.com/google/fonts/tree/main/ofl/libre-barcode-ean13-text,https://github.com/google/fonts/tree/main/ofl/libre-barcode-ean13-text
libre-bodoni,Libre Bodoni,google-fonts,OFL,True,serif,False,,True,8,latin|latin-ext|vietnamese,Serif,Pablo Impallari|Rodrigo Fuenzalida,https://fonts.google.com/specimen/Libre+Bodoni,https://github.com/google/fonts/tree/main/ofl/libre-bodoni,https://github.com/google/fonts/tree/main/ofl/libre-bodoni
fontsource-libre-caslon-condensed,Libre Caslon Condensed,fontsource,OFL,True,serif,False,,False,8,latin,fontsource|other,,https://fontsource.org/fonts/libre-caslon-condensed,https://fontsource.org/fonts/libre-caslon-condensed,
libre-caslon-display,Libre Caslon Display,google-fonts,OFL,True,serif,False,,False,1,latin|latin-ext,Serif,Impallari Type,https://fonts.google.com/specimen/Libre+Caslon+Display,https://github.com/google/fonts/tree/main/ofl/libre-caslon-display,https://github.com/google/fonts/tree/main/ofl/libre-caslon-display
libre-caslon-text,Libre Caslon Text,google-fonts,OFL,True,serif,False,,False,3,latin|latin-ext,Serif,Impallari Type,https://fonts.google.com/specimen/Libre+Caslon+Text,https://github.com/google/fonts/tree/main/ofl/libre-caslon-text,https://github.com/google/fonts/tree/main/ofl/libre-caslon-text
libre-franklin,Libre Franklin,google-fonts,OFL,True,sans-serif,False,,True,18,cyrillic|cyrillic-ext|latin|latin-ext|vietnamese,Sans Serif,Impallari Type,https://fonts.google.com/specimen/Libre+Franklin,https://github.com/google/fonts/tree/main/ofl/libre-franklin,https://github.com/google/fonts/tree/main/ofl/libre-franklin
licorice,Licorice,google-fonts,OFL,True,handwriting,False,,False,1,latin|latin-ext|vietnamese,,Robert Leuschke,https://fonts.google.com/specimen/Licorice,https://github.com/google/fonts/tree/main/ofl/licorice,https://github.com/google/fonts/tree/main/ofl/licorice
life-savers,Life Savers,google-fonts,OFL,True,display,False,,False,3,latin|latin-ext,Serif,Impallari Type,https://fonts.google.com/specimen/Life+Savers,https://github.com/google/fonts/tree/main/ofl/life-savers,https://github.com/google/fonts/tree/main/ofl/life-savers
lilex,Lilex,google-fonts,OFL,True,monospace,False,,True,14,cyrillic|cyrillic-ext|greek|latin|latin-ext|symbols2|vietnamese,Sans Serif|developer|icons|nerd-font,Mike Abbink|Paul van der Laan|Pieter van Rosmalen|Mikhael Khrustik,https://fonts.google.com/specimen/Lilex,https://github.com/google/fonts/tree/main/ofl/lilex,https://github.com/google/fonts/tree/main/ofl/lilex
lilita-one,Lilita One,google-fonts,OFL,True,display,False,,False,1,latin|latin-ext,Sans Serif,Juan Montoreano,https://fonts.google.com/specimen/Lilita+One,https://github.com/google/fonts/tree/main/ofl/lilita-one,https://github.com/google/fonts/tree/main/ofl/lilita-one
lily-script-one,Lily Script One,google-fonts,OFL,True,display,False,,False,1,latin|latin-ext,,Julia Petretta,https://fonts.google.com/specimen/Lily+Script+One,https://github.com/google/fonts/tree/main/ofl/lily-script-one,https://github.com/google/fonts/tree/main/ofl/lily-script-one
limelight,Limelight,google-fonts,OFL,True,display,False,,False,1,latin|latin-ext,Sans Serif,Nicole Fally|Sorkin Type,https://fonts.google.com/specimen/Limelight,https://github.com/google/fonts/tree/main/ofl/limelight,https://github.com/google/fonts/tree/main/ofl/limelight
line-seed-jp,LINE Seed JP,google-fonts,OFL,True,sans-serif,False,,False,4,cyrillic|greek-ext|japanese|latin|latin-ext,Sans Serif,LY Corporation|Fontrix|Fontworks,https://fonts.google.com/specimen/LINE+Seed+JP,https://github.com/google/fonts/tree/main/ofl/line-seed-jp,https://github.com/google/fonts/tree/main/ofl/line-seed-jp
linefont,Linefont,google-fonts,OFL,True,display,False,,True,10,,,Dmitry Ivanov,https://fonts.google.com/specimen/Linefont,https://github.com/google/fonts/tree/main/ofl/linefont,https://github.com/google/fonts/tree/main/ofl/linefont
lisu-bosa,Lisu Bosa,google-fonts,OFL,True,serif,False,,False,16,latin|latin-ext|lisu,Serif,SIL International,https://fonts.google.com/specimen/Lisu+Bosa,https://github.com/google/fonts/tree/main/ofl/lisu-bosa,https://github.com/google/fonts/tree/main/ofl/lisu-bosa
liter,Liter,google-fonts,OFL,True,sans-serif,False,,False,1,cyrillic|latin|latin-ext,Sans Serif,Anton Skugarov|Alexandr Ivanin,https://fonts.google.com/specimen/Liter,https://github.com/google/fonts/tree/main/ofl/liter,https://github.com/google/fonts/tree/main/ofl/liter
liu-jian-mao-cao,Liu Jian Mao Cao,google-fonts,OFL,True,handwriting,False,,False,1,chinese-simplified|latin,,Liu Zhengjiang|Kimberly Geswein|ZhongQi,https://fonts.google.com/specimen/Liu+Jian+Mao+Cao,https://github.com/google/fonts/tree/main/ofl/liu-jian-mao-cao,https://github.com/google/fonts/tree/main/ofl/liu-jian-mao-cao
livvic,Livvic,google-fonts,OFL,True,sans-serif,False,,False,16,latin|latin-ext|vietnamese,Sans Serif,LV=|Jacques Le Bailly,https://fonts.google.com/specimen/Livvic,https://github.com/google/fonts/tree/main/ofl/livvic,https://github.com/google/fonts/tree/main/ofl/livvic
lobster,Lobster,google-fonts,OFL,True,display,False,,False,1,cyrillic|cyrillic-ext|latin|latin-ext|vietnamese,Sans Serif,Impallari Type,https://fonts.google.com/specimen/Lobster,https://github.com/google/fonts/tree/main/ofl/lobster,https://github.com/google/fonts/tree/main/ofl/lobster
lobster-two,Lobster Two,google-fonts,OFL,True,display,False,,False,4,latin,Sans Serif,Impallari Type,https://fonts.google.com/specimen/Lobster+Two,https://github.com/google/fonts/tree/main/ofl/lobster-two,https://github.com/google/fonts/tree/main/ofl/lobster-two
londrina-outline,Londrina Outline,google-fonts,OFL,True,display,False,,False,1,latin,Sans Serif,Marcelo Magalhães,https://fonts.google.com/specimen/Londrina+Outline,https://github.com/google/fonts/tree/main/ofl/londrina-outline,https://github.com/google/fonts/tree/main/ofl/londrina-outline
londrina-shadow,Londrina Shadow,google-fonts,OFL,True,display,False,,False,1,latin,Sans Serif,Marcelo Magalhães,https://fonts.google.com/specimen/Londrina+Shadow,https://github.com/google/fonts/tree/main/ofl/londrina-shadow,https://github.com/google/fonts/tree/main/ofl/londrina-shadow
londrina-sketch,Londrina Sketch,google-fonts,OFL,True,display,False,,False,1,latin,Sans Serif,Marcelo Magalhães,https://fonts.google.com/specimen/Londrina+Sketch,https://github.com/google/fonts/tree/main/ofl/londrina-sketch,https://github.com/google/fonts/tree/main/ofl/londrina-sketch
londrina-solid,Londrina Solid,google-fonts,OFL,True,display,False,,False,4,latin,Sans Serif,Marcelo Magalhães,https://fonts.google.com/specimen/Londrina+Solid,https://github.com/google/fonts/tree/main/ofl/londrina-solid,https://github.com/google/fonts/tree/main/ofl/londrina-solid
long-cang,Long Cang,google-fonts,OFL,True,handwriting,False,,False,1,chinese-simplified|latin,,Chen Xiaomin,https://fonts.google.com/specimen/Long+Cang,https://github.com/google/fonts/tree/main/ofl/long-cang,https://github.com/google/fonts/tree/main/ofl/long-cang
love-light,Love Light,google-fonts,OFL,True,handwriting,False,,False,1,latin|latin-ext|vietnamese,,Robert Leuschke,https://fonts.google.com/specimen/Love+Light,https://github.com/google/fonts/tree/main/ofl/love-light,https://github.com/google/fonts/tree/main/ofl/love-light
love-ya-like-a-sister,Love Ya Like A Sister,google-fonts,OFL,True,display,False,,False,1,latin|latin-ext,,Kimberly Geswein,https://fonts.google.com/specimen/Love+Ya+Like+A+Sister,https://github.com/google/fonts/tree/main/ofl/love-ya-like-a-sister,https://github.com/google/fonts/tree/main/ofl/love-ya-like-a-sister
loved-by-the-king,Loved by the King,google-fonts,OFL,True,handwriting,False,,False,1,latin|latin-ext,,Kimberly Geswein,https://fonts.google.com/specimen/Loved+by+the+King,https://github.com/google/fonts/tree/main/ofl/loved-by-the-king,https://github.com/google/fonts/tree/main/ofl/loved-by-the-king
lovers-quarrel,Lovers Quarrel,google-fonts,OFL,True,handwriting,False,,False,1,latin|latin-ext|vietnamese,,Robert Leuschke,https://fonts.google.com/specimen/Lovers+Quarrel,https://github.com/google/fonts/tree/main/ofl/lovers-quarrel,https://github.com/google/fonts/tree/main/ofl/lovers-quarrel
luckiest-guy,Luckiest Guy,google-fonts,OFL,True,display,False,,False,1,latin|latin-ext,,Astigmatic,https://fonts.google.com/specimen/Luckiest+Guy,https://github.com/google/fonts/tree/main/ofl/luckiest-guy,https://github.com/google/fonts/tree/main/ofl/luckiest-guy
lugrasimo,Lugrasimo,google-fonts,OFL,True,handwriting,False,,False,1,latin|latin-ext,Serif,The DocRepair Project|Astigmatic,https://fonts.google.com/specimen/Lugrasimo,https://github.com/google/fonts/tree/main/ofl/lugrasimo,https://github.com/google/fonts/tree/main/ofl/lugrasimo
lumanosimo,Lumanosimo,google-fonts,OFL,True,handwriting,False,,False,1,latin|latin-ext,Serif,The DocRepair Project|Eduardo Tunni,https://fonts.google.com/specimen/Lumanosimo,https://github.com/google/fonts/tree/main/ofl/lumanosimo,https://github.com/google/fonts/tree/main/ofl/lumanosimo
lunasima,Lunasima,google-fonts,OFL,True,sans-serif,False,,False,2,cyrillic|cyrillic-ext|greek|greek-ext|hebrew|latin|latin-ext|vietnamese,Sans Serif,The DocRepair Project|Google,https://fonts.google.com/specimen/Lunasima,https://github.com/google/fonts/tree/main/ofl/lunasima,https://github.com/google/fonts/tree/main/ofl/lunasima
lusitana,Lusitana,google-fonts,OFL,True,serif,False,,False,2,latin,Serif,Ana Paula Megda,https://fonts.google.com/specimen/Lusitana,https://github.com/google/fonts/tree/main/ofl/lusitana,https://github.com/google/fonts/tree/main/ofl/lusitana
lustria,Lustria,google-fonts,OFL,True,serif,False,,False,1,latin,Serif,MADType,https://fonts.google.com/specimen/Lustria,https://github.com/google/fonts/tree/main/ofl/lustria,https://github.com/google/fonts/tree/main/ofl/lustria
luxurious-roman,Luxurious Roman,google-fonts,OFL,True,display,False,,False,1,latin|latin-ext|vietnamese,Serif,Robert Leuschke,https://fonts.google.com/specimen/Luxurious+Roman,https://github.com/google/fonts/tree/main/ofl/luxurious-roman,https://github.com/google/fonts/tree/main/ofl/luxurious-roman
luxurious-script,Luxurious Script,google-fonts,OFL,True,handwriting,False,,False,1,latin|latin-ext|vietnamese,,Robert Leuschke,https://fonts.google.com/specimen/Luxurious+Script,https://github.com/google/fonts/tree/main/ofl/luxurious-script,https://github.com/google/fonts/tree/main/ofl/luxurious-script
lxgw-marker-gothic,LXGW Marker Gothic,google-fonts,OFL,True,sans-serif,False,,False,1,chinese-traditional|cyrillic|cyrillic-ext|greek|latin|latin-ext|symbols2|vietnamese,Sans Serif,LXGW,https://fonts.google.com/specimen/LXGW+Marker+Gothic,https://github.com/google/fonts/tree/main/ofl/lxgw-marker-gothic,https://github.com/google/fonts/tree/main/ofl/lxgw-marker-gothic
fontsource-lxgw-wenkai,LXGW WenKai,fontsource,OFL,True,sans-serif,False,,False,3,latin,fontsource|other,,https://fontsource.org/fonts/lxgw-wenkai,https://fontsource.org/fonts/lxgw-wenkai,
lxgw-wenkai-mono-tc,LXGW WenKai Mono TC,google-fonts,OFL,True,monospace,False,,False,3,chinese-traditional|cyrillic|cyrillic-ext|greek|greek-ext|latin|latin-ext|lisu|vietnamese,,LXGW,https://fonts.google.com/specimen/LXGW+WenKai+Mono+TC,https://github.com/google/fonts/tree/main/ofl/lxgw-wenkai-mono-tc,https://github.com/google/fonts/tree/main/ofl/lxgw-wenkai-mono-tc
lxgw-wenkai-tc,LXGW WenKai TC,google-fonts,OFL,True,handwriting,False,,False,3,chinese-traditional|cyrillic|cyrillic-ext|greek|greek-ext|latin|latin-ext|lisu|vietnamese,,LXGW,https://fonts.google.com/specimen/LXGW+WenKai+TC,https://github.com/google/fonts/tree/main/ofl/lxgw-wenkai-tc,https://github.com/google/fonts/tree/main/ofl/lxgw-wenkai-tc
m-plus-1,M PLUS 1,google-fonts,OFL,True,sans-serif,False,,True,9,japanese|latin|latin-ext|vietnamese,Sans Serif,Coji Morishita,https://fonts.google.com/specimen/M+PLUS+1,https://github.com/google/fonts/tree/main/ofl/m-plus-1,https://github.com/google/fonts/tree/main/ofl/m-plus-1
m-plus-1-code,M PLUS 1 Code,google-fonts,OFL,True,monospace,False,,True,7,japanese|latin|latin-ext|vietnamese,,Coji Morishita,https://fonts.google.com/specimen/M+PLUS+1+Code,https://github.com/google/fonts/tree/main/ofl/m-plus-1-code,https://github.com/google/fonts/tree/main/ofl/m-plus-1-code
m-plus-1p,M PLUS 1p,google-fonts,OFL,True,sans-serif,False,,False,7,cyrillic|cyrillic-ext|greek|greek-ext|hebrew|japanese|latin|latin-ext|vietnamese,Sans Serif,Coji Morishita|M+ Fonts Project,https://fonts.google.com/specimen/M+PLUS+1p,https://github.com/google/fonts/tree/main/ofl/m-plus-1p,https://github.com/google/fonts/tree/main/ofl/m-plus-1p
m-plus-2,M PLUS 2,google-fonts,OFL,True,sans-serif,False,,True,9,japanese|latin|latin-ext|vietnamese,Sans Serif,Coji Morishita,https://fonts.google.com/specimen/M+PLUS+2,https://github.com/google/fonts/tree/main/ofl/m-plus-2,https://github.com/google/fonts/tree/main/ofl/m-plus-2
m-plus-code-latin,M PLUS Code Latin,google-fonts,OFL,True,sans-serif,False,,True,7,latin|latin-ext|vietnamese,Sans Serif,Coji Morishita,https://fonts.google.com/specimen/M+PLUS+Code+Latin,https://github.com/google/fonts/tree/main/ofl/m-plus-code-latin,https://github.com/google/fonts/tree/main/ofl/m-plus-code-latin
m-plus-rounded-1c,M PLUS Rounded 1c,google-fonts,OFL,True,sans-serif,False,,False,7,cyrillic|cyrillic-ext|greek|greek-ext|hebrew|japanese|latin|latin-ext|vietnamese,Sans Serif,Coji Morishita|M+ Fonts Project,https://fonts.google.com/specimen/M+PLUS+Rounded+1c,https://github.com/google/fonts/tree/main/ofl/m-plus-rounded-1c,https://github.com/google/fonts/tree/main/ofl/m-plus-rounded-1c
m-plus-u,M PLUS U,google-fonts,OFL,True,sans-serif,False,,True,9,japanese|latin|latin-ext|symbols2|vietnamese,Sans Serif,Coji Morishita,https://fonts.google.com/specimen/M+PLUS+U,https://github.com/google/fonts/tree/main/ofl/m-plus-u,https://github.com/google/fonts/tree/main/ofl/m-plus-u
nerd-fonts-m,M+,nerd-fonts,Mixed,True,monospace,False,,False,1,latin,nerd-font|icons|developer,Ryan L McIntyre (Nerd Fonts Patcher),https://github.com/ryanoasis/nerd-fonts/releases/latest,https://github.com/ryanoasis/nerd-fonts,https://github.com/ryanoasis/nerd-fonts
ma-shan-zheng,Ma Shan Zheng,google-fonts,OFL,True,handwriting,False,,False,1,chinese-simplified|latin,,Ma ShanZheng,https://fonts.google.com/specimen/Ma+Shan+Zheng,https://github.com/google/fonts/tree/main/ofl/ma-shan-zheng,https://github.com/google/fonts/tree/main/ofl/ma-shan-zheng
macondo,Macondo,google-fonts,OFL,True,display,False,,False,1,latin,,John Vargas Beltrán,https://fonts.google.com/specimen/Macondo,https://github.com/google/fonts/tree/main/ofl/macondo,https://github.com/google/fonts/tree/main/ofl/macondo
macondo-swash-caps,Macondo Swash Caps,google-fonts,OFL,True,display,False,,False,1,latin,,John Vargas Beltrán,https://fonts.google.com/specimen/Macondo+Swash+Caps,https://github.com/google/fonts/tree/main/ofl/macondo-swash-caps,https://github.com/google/fonts/tree/main/ofl/macondo-swash-caps
mada,Mada,google-fonts,OFL,True,sans-serif,False,,True,8,arabic|latin|latin-ext,Sans Serif,Khaled Hosny|Paul D. Hunt,https://fonts.google.com/specimen/Mada,https://github.com/google/fonts/tree/main/ofl/mada,https://github.com/google/fonts/tree/main/ofl/mada
madimi-one,Madimi One,google-fonts,OFL,True,sans-serif,False,,False,1,latin|latin-ext|math|symbols,Sans Serif,Taurai Valerie Mtake|Mirko Velimirović,https://fonts.google.com/specimen/Madimi+One,https://github.com/google/fonts/tree/main/ofl/madimi-one,https://github.com/google/fonts/tree/main/ofl/madimi-one
magra,Magra,google-fonts,OFL,True,sans-serif,False,,False,2,latin|latin-ext,Sans Serif,FontFuror,https://fonts.google.com/specimen/Magra,https://github.com/google/fonts/tree/main/ofl/magra,https://github.com/google/fonts/tree/main/ofl/magra
maiden-orange,Maiden Orange,google-fonts,OFL,True,serif,False,,False,1,latin|latin-ext,Slab Serif,Astigmatic,https://fonts.google.com/specimen/Maiden+Orange,https://github.com/google/fonts/tree/main/ofl/maiden-orange,https://github.com/google/fonts/tree/main/ofl/maiden-orange
maitree,Maitree,google-fonts,OFL,True,serif,False,,False,6,latin|latin-ext|thai|vietnamese,Serif,Cadson Demak,https://fonts.google.com/specimen/Maitree,https://github.com/google/fonts/tree/main/ofl/maitree,https://github.com/google/fonts/tree/main/ofl/maitree
major-mono-display,Major Mono Display,google-fonts,OFL,True,monospace,False,,False,1,latin|latin-ext|vietnamese,Sans Serif,Emre Parlak,https://fonts.google.com/specimen/Major+Mono+Display,https://github.com/google/fonts/tree/main/ofl/major-mono-display,https://github.com/google/fonts/tree/main/ofl/major-mono-display
mako,Mako,google-fonts,OFL,True,sans-serif,False,,False,1,latin|latin-ext,Sans Serif,Vernon Adams,https://fonts.google.com/specimen/Mako,https://github.com/google/fonts/tree/main/ofl/mako,https://github.com/google/fonts/tree/main/ofl/mako
mali,Mali,google-fonts,OFL,True,handwriting,False,,False,12,latin|latin-ext|thai|vietnamese,,Cadson Demak,https://fonts.google.com/specimen/Mali,https://github.com/google/fonts/tree/main/ofl/mali,https://github.com/google/fonts/tree/main/ofl/mali
mallanna,Mallanna,google-fonts,OFL,True,sans-serif,False,,False,1,latin|telugu,Sans Serif,Purushoth Kumar Guttula,https://fonts.google.com/specimen/Mallanna,https://github.com/google/fonts/tree/main/ofl/mallanna,https://github.com/google/fonts/tree/main/ofl/mallanna
maname,Maname,google-fonts,OFL,True,serif,False,,False,1,latin|latin-ext|sinhala|vietnamese,Serif,Pathum Egodawatta|Mooniak,https://fonts.google.com/specimen/Maname,https://github.com/google/fonts/tree/main/ofl/maname,https://github.com/google/fonts/tree/main/ofl/maname
mandali,Mandali,google-fonts,OFL,True,sans-serif,False,,False,1,latin|telugu,Sans Serif,Purushoth Kumar Guttula,https://fonts.google.com/specimen/Mandali,https://github.com/google/fonts/tree/main/ofl/mandali,https://github.com/google/fonts/tree/main/ofl/mandali
manjari,Manjari,google-fonts,OFL,True,sans-serif,False,,False,3,latin|latin-ext|malayalam,Sans Serif,Santhosh Thottingal,https://fonts.google.com/specimen/Manjari,https://github.com/google/fonts/tree/main/ofl/manjari,https://github.com/google/fonts/tree/main/ofl/manjari
mansalva,Mansalva,google-fonts,OFL,True,handwriting,False,,False,1,greek|latin|latin-ext|vietnamese,Sans Serif,Carolina Short,https://fonts.google.com/specimen/Mansalva,https://github.com/google/fonts/tree/main/ofl/mansalva,https://github.com/google/fonts/tree/main/ofl/mansalva
manufacturing-consent,Manufacturing Consent,google-fonts,OFL,True,display,False,,False,1,latin|latin-ext,,Fredrick Brennan,https://fonts.google.com/specimen/Manufacturing+Consent,https://github.com/google/fonts/tree/main/ofl/manufacturing-consent,https://github.com/google/fonts/tree/main/ofl/manufacturing-consent
fontsource-maple-mono,Maple Mono,fontsource,OFL,True,monospace,False,,False,16,latin,fontsource|other,,https://fontsource.org/fonts/maple-mono,https://fontsource.org/fonts/maple-mono,
marcellus,Marcellus,google-fonts,OFL,True,serif,False,,False,1,latin|latin-ext,Serif,Astigmatic,https://fonts.google.com/specimen/Marcellus,https://github.com/google/fonts/tree/main/ofl/marcellus,https://github.com/google/fonts/tree/main/ofl/marcellus
marcellus-sc,Marcellus SC,google-fonts,OFL,True,serif,False,,False,1,latin|latin-ext,Serif,Astigmatic,https://fonts.google.com/specimen/Marcellus+SC,https://github.com/google/fonts/tree/main/ofl/marcellus-sc,https://github.com/google/fonts/tree/main/ofl/marcellus-sc
marck-script,Marck Script,google-fonts,OFL,True,handwriting,False,,False,1,cyrillic|latin|latin-ext,,Denis Masharov,https://fonts.google.com/specimen/Marck+Script,https://github.com/google/fonts/tree/main/ofl/marck-script,https://github.com/google/fonts/tree/main/ofl/marck-script
margarine,Margarine,google-fonts,OFL,True,display,False,,False,1,latin|latin-ext,Sans Serif,Astigmatic,https://fonts.google.com/specimen/Margarine,https://github.com/google/fonts/tree/main/ofl/margarine,https://github.com/google/fonts/tree/main/ofl/margarine
marhey,Marhey,google-fonts,OFL,True,display,False,,True,5,arabic|latin|latin-ext,Sans Serif,Nur Syamsi|Bustanul Arifin,https://fonts.google.com/specimen/Marhey,https://github.com/google/fonts/tree/main/ofl/marhey,https://github.com/google/fonts/tree/main/ofl/marhey
markazi-text,Markazi Text,google-fonts,OFL,True,serif,False,,True,4,arabic|latin|latin-ext|vietnamese,Serif,Borna Izadpanah|Florian Runge|Fiona Ross,https://fonts.google.com/specimen/Markazi+Text,https://github.com/google/fonts/tree/main/ofl/markazi-text,https://github.com/google/fonts/tree/main/ofl/markazi-text
marko-one,Marko One,google-fonts,OFL,True,serif,False,,False,1,latin,Serif,Cyreal,https://fonts.google.com/specimen/Marko+One,https://github.com/google/fonts/tree/main/ofl/marko-one,https://github.com/google/fonts/tree/main/ofl/marko-one
marmelad,Marmelad,google-fonts,OFL,True,sans-serif,False,,False,1,cyrillic|cyrillic-ext|latin|latin-ext|vietnamese,Sans Serif,Cyreal|Manvel Shmavonyan,https://fonts.google.com/specimen/Marmelad,https://github.com/google/fonts/tree/main/ofl/marmelad,https://github.com/google/fonts/tree/main/ofl/marmelad
martel,Martel,google-fonts,OFL,True,serif,False,,False,7,devanagari|latin|latin-ext,Serif,Dan Reynolds,https://fonts.google.com/specimen/Martel,https://github.com/google/fonts/tree/main/ofl/martel,https://github.com/google/fonts/tree/main/ofl/martel
martel-sans,Martel Sans,google-fonts,OFL,True,sans-serif,False,,False,7,devanagari|latin|latin-ext,Sans Serif,Dan Reynolds|Mathieu Réguer,https://fonts.google.com/specimen/Martel+Sans,https://github.com/google/fonts/tree/main/ofl/martel-sans,https://github.com/google/fonts/tree/main/ofl/martel-sans
martian-mono,Martian Mono,google-fonts,OFL,True,monospace,False,,True,8,cyrillic|cyrillic-ext|latin|latin-ext,,Roman Shamin|Evil Martians,https://fonts.google.com/specimen/Martian+Mono,https://github.com/google/fonts/tree/main/ofl/martian-mono,https://github.com/google/fonts/tree/main/ofl/martian-mono
nerd-fonts-martianmono,Martianmono,nerd-fonts,Mixed,True,monospace,False,,False,1,latin,nerd-font|icons|developer,Ryan L McIntyre (Nerd Fonts Patcher),https://github.com/ryanoasis/nerd-fonts/releases/latest,https://github.com/ryanoasis/nerd-fonts,https://github.com/ryanoasis/nerd-fonts
marvel,Marvel,google-fonts,OFL,True,sans-serif,False,,False,4,latin,Sans Serif,Carolina Trebol,https://fonts.google.com/specimen/Marvel,https://github.com/google/fonts/tree/main/ofl/marvel,https://github.com/google/fonts/tree/main/ofl/marvel
matangi,Matangi,google-fonts,OFL,True,sans-serif,False,,True,7,devanagari|latin|latin-ext,Sans Serif,The Graphic Ant,https://fonts.google.com/specimen/Matangi,https://github.com/google/fonts/tree/main/ofl/matangi,https://github.com/google/fonts/tree/main/ofl/matangi
mate,Mate,google-fonts,OFL,True,serif,False,,False,2,latin|latin-ext,Serif,Eduardo Tunni,https://fonts.google.com/specimen/Mate,https://github.com/google/fonts/tree/main/ofl/mate,https://github.com/google/fonts/tree/main/ofl/mate
mate-sc,Mate SC,google-fonts,OFL,True,serif,False,,False,1,latin|latin-ext,Serif,Eduardo Tunni,https://fonts.google.com/specimen/Mate+SC,https://github.com/google/fonts/tree/main/ofl/mate-sc,https://github.com/google/fonts/tree/main/ofl/mate-sc
matemasie,Matemasie,google-fonts,OFL,True,sans-serif,False,,False,1,latin|latin-ext,Sans Serif,Adam Yeo,https://fonts.google.com/specimen/Matemasie,https://github.com/google/fonts/tree/main/ofl/matemasie,https://github.com/google/fonts/tree/main/ofl/matemasie
maven-pro,Maven Pro,google-fonts,OFL,True,sans-serif,False,,True,6,latin|latin-ext|vietnamese,Sans Serif,Joe Prince,https://fonts.google.com/specimen/Maven+Pro,https://github.com/google/fonts/tree/main/ofl/maven-pro,https://github.com/google/fonts/tree/main/ofl/maven-pro
mclaren,McLaren,google-fonts,OFL,True,display,False,,False,1,latin|latin-ext,Sans Serif,Astigmatic,https://fonts.google.com/specimen/McLaren,https://github.com/google/fonts/tree/main/ofl/mclaren,https://github.com/google/fonts/tree/main/ofl/mclaren
mea-culpa,Mea Culpa,google-fonts,OFL,True,handwriting,False,,False,1,latin|latin-ext|vietnamese,,Robert Leuschke,https://fonts.google.com/specimen/Mea+Culpa,https://github.com/google/fonts/tree/main/ofl/mea-culpa,https://github.com/google/fonts/tree/main/ofl/mea-culpa
meddon,Meddon,google-fonts,OFL,True,handwriting,False,,False,1,latin|latin-ext,,Vernon Adams,https://fonts.google.com/specimen/Meddon,https://github.com/google/fonts/tree/main/ofl/meddon,https://github.com/google/fonts/tree/main/ofl/meddon
medievalsharp,MedievalSharp,google-fonts,OFL,True,display,False,,False,1,latin|latin-ext,,Wojciech Kalinowski,https://fonts.google.com/specimen/MedievalSharp,https://github.com/google/fonts/tree/main/ofl/medievalsharp,https://github.com/google/fonts/tree/main/ofl/medievalsharp
medula-one,Medula One,google-fonts,OFL,True,display,False,,False,1,latin,,LatinoType,https://fonts.google.com/specimen/Medula+One,https://github.com/google/fonts/tree/main/ofl/medula-one,https://github.com/google/fonts/tree/main/ofl/medula-one
meera-inimai,Meera Inimai,google-fonts,OFL,True,sans-serif,False,,False,1,latin|tamil,Sans Serif,SMC,https://fonts.google.com/specimen/Meera+Inimai,https://github.com/google/fonts/tree/main/ofl/meera-inimai,https://github.com/google/fonts/tree/main/ofl/meera-inimai
megrim,Megrim,google-fonts,OFL,True,display,False,,False,1,latin|latin-ext,,Daniel Johnson,https://fonts.google.com/specimen/Megrim,https://github.com/google/fonts/tree/main/ofl/megrim,https://github.com/google/fonts/tree/main/ofl/megrim
meie-script,Meie Script,google-fonts,OFL,True,handwriting,False,,False,1,latin|latin-ext,,Johan Kallas|Mihkel Virkus,https://fonts.google.com/specimen/Meie+Script,https://github.com/google/fonts/tree/main/ofl/meie-script,https://github.com/google/fonts/tree/main/ofl/meie-script
menbere,Menbere,google-fonts,OFL,True,sans-serif,False,,True,7,ethiopic|latin|latin-ext|vietnamese,Sans Serif,Aleme Tadesse|Sorkin Type|Eben Sorkin,https://fonts.google.com/specimen/Menbere,https://github.com/google/fonts/tree/main/ofl/menbere,https://github.com/google/fonts/tree/main/ofl/menbere
meow-script,Meow Script,google-fonts,OFL,True,handwriting,False,,False,1,latin|latin-ext|vietnamese,,Robert Leuschke,https://fonts.google.com/specimen/Meow+Script,https://github.com/google/fonts/tree/main/ofl/meow-script,https://github.com/google/fonts/tree/main/ofl/meow-script
merienda,Merienda,google-fonts,OFL,True,handwriting,False,,True,7,latin|latin-ext|vietnamese,,Eduardo Tunni,https://fonts.google.com/specimen/Merienda,https://github.com/google/fonts/tree/main/ofl/merienda,https://github.com/google/fonts/tree/main/ofl/merienda
nerd-fonts-meslo,Meslo,nerd-fonts,Mixed,True,monospace,False,,False,1,latin,nerd-font|icons|developer,Ryan L McIntyre (Nerd Fonts Patcher),https://github.com/ryanoasis/nerd-fonts/releases/latest,https://github.com/ryanoasis/nerd-fonts,https://github.com/ryanoasis/nerd-fonts
metal,Metal,google-fonts,OFL,True,display,False,,False,1,khmer|latin,Serif,Danh Hong,https://fonts.google.com/specimen/Metal,https://github.com/google/fonts/tree/main/ofl/metal,https://github.com/google/fonts/tree/main/ofl/metal
metal-mania,Metal Mania,google-fonts,OFL,True,display,False,,False,1,latin|latin-ext,,Open Window,https://fonts.google.com/specimen/Metal+Mania,https://github.com/google/fonts/tree/main/ofl/metal-mania,https://github.com/google/fonts/tree/main/ofl/metal-mania
metamorphous,Metamorphous,google-fonts,OFL,True,display,False,,False,1,latin|latin-ext,Serif,James Grieshaber,https://fonts.google.com/specimen/Metamorphous,https://github.com/google/fonts/tree/main/ofl/metamorphous,https://github.com/google/fonts/tree/main/ofl/metamorphous
metrophobic,Metrophobic,google-fonts,OFL,True,sans-serif,False,,False,1,latin|latin-ext|vietnamese,Sans Serif,Vernon Adams,https://fonts.google.com/specimen/Metrophobic,https://github.com/google/fonts/tree/main/ofl/metrophobic,https://github.com/google/fonts/tree/main/ofl/metrophobic
fontsource-metropolis,Metropolis,fontsource,Unlicense,True,sans-serif,False,,False,18,latin,fontsource|other,,https://fontsource.org/fonts/metropolis,https://fontsource.org/fonts/metropolis,
michroma,Michroma,google-fonts,OFL,True,sans-serif,False,,False,1,latin|latin-ext,Sans Serif,Vernon Adams,https://fonts.google.com/specimen/Michroma,https://github.com/google/fonts/tree/main/ofl/michroma,https://github.com/google/fonts/tree/main/ofl/michroma
micro-5,Micro 5,google-fonts,OFL,True,display,False,,False,1,latin|latin-ext|math|symbols,Sans Serif,Sarah Cadigan-Fried,https://fonts.google.com/specimen/Micro+5,https://github.com/google/fonts/tree/main/ofl/micro-5,https://github.com/google/fonts/tree/main/ofl/micro-5
micro-5-charted,Micro 5 Charted,google-fonts,OFL,True,display,False,,False,1,latin|latin-ext|math|symbols,Sans Serif,Sarah Cadigan-Fried,https://fonts.google.com/specimen/Micro+5+Charted,https://github.com/google/fonts/tree/main/ofl/micro-5-charted,https://github.com/google/fonts/tree/main/ofl/micro-5-charted
milonga,Milonga,google-fonts,OFL,True,display,False,,False,1,latin|latin-ext,Serif,Impallari Type,https://fonts.google.com/specimen/Milonga,https://github.com/google/fonts/tree/main/ofl/milonga,https://github.com/google/fonts/tree/main/ofl/milonga
miltonian,Miltonian,google-fonts,OFL,True,display,False,,False,1,latin,Serif,Impallari Type,https://fonts.google.com/specimen/Miltonian,https://github.com/google/fonts/tree/main/ofl/miltonian,https://github.com/google/fonts/tree/main/ofl/miltonian
miltonian-tattoo,Miltonian Tattoo,google-fonts,OFL,True,display,False,,False,1,latin,Serif,Impallari Type,https://fonts.google.com/specimen/Miltonian+Tattoo,https://github.com/google/fonts/tree/main/ofl/miltonian-tattoo,https://github.com/google/fonts/tree/main/ofl/miltonian-tattoo
mina,Mina,google-fonts,OFL,True,sans-serif,False,,False,2,bengali|latin|latin-ext,Sans Serif,Suman Bhandary|Natanael Gama|Mooniak,https://fonts.google.com/specimen/Mina,https://github.com/google/fonts/tree/main/ofl/mina,https://github.com/google/fonts/tree/main/ofl/mina
mingzat,Mingzat,google-fonts,OFL,True,sans-serif,False,,False,1,latin|latin-ext|lepcha,Sans Serif,SIL International,https://fonts.google.com/specimen/Mingzat,https://github.com/google/fonts/tree/main/ofl/mingzat,https://github.com/google/fonts/tree/main/ofl/mingzat
miniver,Miniver,google-fonts,OFL,True,display,False,,False,1,latin,,Open Window,https://fonts.google.com/specimen/Miniver,https://github.com/google/fonts/tree/main/ofl/miniver,https://github.com/google/fonts/tree/main/ofl/miniver
miranda-sans,Miranda Sans,google-fonts,OFL,True,sans-serif,False,,True,8,latin|latin-ext,Sans Serif,Max Thunberg,https://fonts.google.com/specimen/Miranda+Sans,https://github.com/google/fonts/tree/main/ofl/miranda-sans,https://github.com/google/fonts/tree/main/ofl/miranda-sans
miriam-libre,Miriam Libre,google-fonts,OFL,True,sans-serif,False,,True,4,hebrew|latin|latin-ext,Sans Serif,Michal Sahar,https://fonts.google.com/specimen/Miriam+Libre,https://github.com/google/fonts/tree/main/ofl/miriam-libre,https://github.com/google/fonts/tree/main/ofl/miriam-libre
mirza,Mirza,google-fonts,OFL,True,serif,False,,False,4,arabic|latin|latin-ext,Serif,KB Studio,https://fonts.google.com/specimen/Mirza,https://github.com/google/fonts/tree/main/ofl/mirza,https://github.com/google/fonts/tree/main/ofl/mirza
miss-fajardose,Miss Fajardose,google-fonts,OFL,True,handwriting,False,,False,1,latin|latin-ext,,Sudtipos,https://fonts.google.com/specimen/Miss+Fajardose,https://github.com/google/fonts/tree/main/ofl/miss-fajardose,https://github.com/google/fonts/tree/main/ofl/miss-fajardose
mitr,Mitr,google-fonts,OFL,True,sans-serif,False,,False,6,latin|latin-ext|thai|vietnamese,Sans Serif,Cadson Demak,https://fonts.google.com/specimen/Mitr,https://github.com/google/fonts/tree/main/ofl/mitr,https://github.com/google/fonts/tree/main/ofl/mitr
mochiy-pop-one,Mochiy Pop One,google-fonts,OFL,True,sans-serif,False,,False,1,japanese|latin,Sans Serif,FONTDASU,https://fonts.google.com/specimen/Mochiy+Pop+One,https://github.com/google/fonts/tree/main/ofl/mochiy-pop-one,https://github.com/google/fonts/tree/main/ofl/mochiy-pop-one
mochiy-pop-p-one,Mochiy Pop P One,google-fonts,OFL,True,sans-serif,False,,False,1,japanese|latin,Sans Serif,FONTDASU,https://fonts.google.com/specimen/Mochiy+Pop+P+One,https://github.com/google/fonts/tree/main/ofl/mochiy-pop-p-one,https://github.com/google/fonts/tree/main/ofl/mochiy-pop-p-one
modak,Modak,google-fonts,OFL,True,display,False,,False,1,devanagari|latin|latin-ext,,Ek Type,https://fonts.google.com/specimen/Modak,https://github.com/google/fonts/tree/main/ofl/modak,https://github.com/google/fonts/tree/main/ofl/modak
modern-antiqua,Modern Antiqua,google-fonts,OFL,True,display,False,,False,1,latin|latin-ext,Serif,Wojciech Kalinowski,https://fonts.google.com/specimen/Modern+Antiqua,https://github.com/google/fonts/tree/main/ofl/modern-antiqua,https://github.com/google/fonts/tree/main/ofl/modern-antiqua
moderustic,Moderustic,google-fonts,OFL,True,sans-serif,False,,True,6,cyrillic|cyrillic-ext|greek|latin|latin-ext,Sans Serif,Tural Alisoy,https://fonts.google.com/specimen/Moderustic,https://github.com/google/fonts/tree/main/ofl/moderustic,https://github.com/google/fonts/tree/main/ofl/moderustic
mogra,Mogra,google-fonts,OFL,True,display,False,,False,1,gujarati|latin|latin-ext,,Lipi Raval,https://fonts.google.com/specimen/Mogra,https://github.com/google/fonts/tree/main/ofl/mogra,https://github.com/google/fonts/tree/main/ofl/mogra
mohave,Mohave,google-fonts,OFL,True,sans-serif,False,,True,10,latin|latin-ext,Sans Serif,Gumpita Rahayu,https://fonts.google.com/specimen/Mohave,https://github.com/google/fonts/tree/main/ofl/mohave,https://github.com/google/fonts/tree/main/ofl/mohave
moirai-one,Moirai One,google-fonts,OFL,True,display,False,,False,1,korean|latin|latin-ext,,Jiyeon Park|JAMO,https://fonts.google.com/specimen/Moirai+One,https://github.com/google/fonts/tree/main/ofl/moirai-one,https://github.com/google/fonts/tree/main/ofl/moirai-one
molengo,Molengo,google-fonts,OFL,True,sans-serif,False,,False,1,latin|latin-ext,Sans Serif,Denis Jacquerye,https://fonts.google.com/specimen/Molengo,https://github.com/google/fonts/tree/main/ofl/molengo,https://github.com/google/fonts/tree/main/ofl/molengo
molle,Molle,google-fonts,OFL,True,handwriting,False,,False,1,latin|latin-ext,,Elena Albertoni,https://fonts.google.com/specimen/Molle,https://github.com/google/fonts/tree/main/ofl/molle,https://github.com/google/fonts/tree/main/ofl/molle
momo-signature,Momo Signature,google-fonts,OFL,True,sans-serif,False,,False,1,latin|latin-ext|vietnamese,Sans Serif,Type Associates,https://fonts.google.com/specimen/Momo+Signature,https://github.com/google/fonts/tree/main/ofl/momo-signature,https://github.com/google/fonts/tree/main/ofl/momo-signature
momo-trust-display,Momo Trust Display,google-fonts,OFL,True,sans-serif,False,,False,1,latin|latin-ext|vietnamese,Sans Serif,Type Associates,https://fonts.google.com/specimen/Momo+Trust+Display,https://github.com/google/fonts/tree/main/ofl/momo-trust-display,https://github.com/google/fonts/tree/main/ofl/momo-trust-display
momo-trust-sans,Momo Trust Sans,google-fonts,OFL,True,sans-serif,False,,True,7,latin|latin-ext|vietnamese,Sans Serif,Type Associates,https://fonts.google.com/specimen/Momo+Trust+Sans,https://github.com/google/fonts/tree/main/ofl/momo-trust-sans,https://github.com/google/fonts/tree/main/ofl/momo-trust-sans
mona-sans,Mona Sans,google-fonts,OFL,True,sans-serif,False,,True,16,latin|latin-ext|vietnamese,Sans Serif,Tobias Bjerrome Ahlin|Github|Degarism Studio|Sebastian Carewe,https://fonts.google.com/specimen/Mona+Sans,https://github.com/google/fonts/tree/main/ofl/mona-sans,https://github.com/google/fonts/tree/main/ofl/mona-sans
nerd-fonts-monaspace,Monaspace,nerd-fonts,Mixed,True,monospace,False,,False,1,latin,nerd-font|icons|developer,Ryan L McIntyre (Nerd Fonts Patcher),https://github.com/ryanoasis/nerd-fonts/releases/latest,https://github.com/ryanoasis/nerd-fonts,https://github.com/ryanoasis/nerd-fonts
fontsource-monaspace-argon,Monaspace Argon,fontsource,OFL,True,monospace,False,,False,14,latin,fontsource|other,,https://fontsource.org/fonts/monaspace-argon,https://fontsource.org/fonts/monaspace-argon,
fontsource-monaspace-krypton,Monaspace Krypton,fontsource,OFL,True,monospace,False,,False,14,latin,fontsource|other,,https://fontsource.org/fonts/monaspace-krypton,https://fontsource.org/fonts/monaspace-krypton,
fontsource-monaspace-neon,Monaspace Neon,fontsource,OFL,True,monospace,False,,False,14,latin,fontsource|other,,https://fontsource.org/fonts/monaspace-neon,https://fontsource.org/fonts/monaspace-neon,
fontsource-monaspace-radon,Monaspace Radon,fontsource,OFL,True,handwriting,False,,False,14,latin,fontsource|other,,https://fontsource.org/fonts/monaspace-radon,https://fontsource.org/fonts/monaspace-radon,
fontsource-monaspace-xenon,Monaspace Xenon,fontsource,OFL,True,serif,False,,False,14,latin,fontsource|other,,https://fontsource.org/fonts/monaspace-xenon,https://fontsource.org/fonts/monaspace-xenon,
monda,Monda,google-fonts,OFL,True,sans-serif,False,,True,4,latin|latin-ext|vietnamese,Sans Serif,Vernon Adams,https://fonts.google.com/specimen/Monda,https://github.com/google/fonts/tree/main/ofl/monda,https://github.com/google/fonts/tree/main/ofl/monda
monofett,Monofett,google-fonts,OFL,True,monospace,False,,False,1,latin|latin-ext,,Vernon Adams,https://fonts.google.com/specimen/Monofett,https://github.com/google/fonts/tree/main/ofl/monofett,https://github.com/google/fonts/tree/main/ofl/monofett
nerd-fonts-monofur,Monofur,nerd-fonts,Mixed,True,monospace,False,,False,1,latin,nerd-font|icons|developer,Ryan L McIntyre (Nerd Fonts Patcher),https://github.com/ryanoasis/nerd-fonts/releases/latest,https://github.com/ryanoasis/nerd-fonts,https://github.com/ryanoasis/nerd-fonts
nerd-fonts-monoid,Monoid,nerd-fonts,Mixed,True,monospace,False,,False,1,latin,nerd-font|icons|developer,Ryan L McIntyre (Nerd Fonts Patcher),https://github.com/ryanoasis/nerd-fonts/releases/latest,https://github.com/ryanoasis/nerd-fonts,https://github.com/ryanoasis/nerd-fonts
monomakh,Monomakh,google-fonts,OFL,True,display,False,,False,1,cyrillic|cyrillic-ext|latin|latin-ext,,Aleksandr Andreev|Nikita Simmons,https://fonts.google.com/specimen/Monomakh,https://github.com/google/fonts/tree/main/ofl/monomakh,https://github.com/google/fonts/tree/main/ofl/monomakh
monomaniac-one,Monomaniac One,google-fonts,OFL,True,sans-serif,False,,False,1,japanese|latin|latin-ext,Sans Serif,Maniackers Design,https://fonts.google.com/specimen/Monomaniac+One,https://github.com/google/fonts/tree/main/ofl/monomaniac-one,https://github.com/google/fonts/tree/main/ofl/monomaniac-one
fontsource-mononoki,Mononoki,fontsource,OFL,True,monospace,False,,False,4,latin,developer|fontsource|icons|nerd-font|other,,https://fontsource.org/fonts/mononoki,https://fontsource.org/fonts/mononoki,
monoton,Monoton,google-fonts,OFL,True,display,False,,False,1,latin|latin-ext,Sans Serif,Vernon Adams,https://fonts.google.com/specimen/Monoton,https://github.com/google/fonts/tree/main/ofl/monoton,https://github.com/google/fonts/tree/main/ofl/monoton
monsieur-la-doulaise,Monsieur La Doulaise,google-fonts,OFL,True,handwriting,False,,False,1,latin|latin-ext,,Sudtipos,https://fonts.google.com/specimen/Monsieur+La+Doulaise,https://github.com/google/fonts/tree/main/ofl/monsieur-la-doulaise,https://github.com/google/fonts/tree/main/ofl/monsieur-la-doulaise
montaga,Montaga,google-fonts,OFL,True,serif,False,,False,1,latin,Serif,Alejandra Rodriguez,https://fonts.google.com/specimen/Montaga,https://github.com/google/fonts/tree/main/ofl/montaga,https://github.com/google/fonts/tree/main/ofl/montaga
montagu-slab,Montagu Slab,google-fonts,OFL,True,serif,False,,True,7,latin|latin-ext|vietnamese,Slab Serif,Florian Karsten,https://fonts.google.com/specimen/Montagu+Slab,https://github.com/google/fonts/tree/main/ofl/montagu-slab,https://github.com/google/fonts/tree/main/ofl/montagu-slab
montecarlo,MonteCarlo,google-fonts,OFL,True,handwriting,False,,False,1,latin|latin-ext|vietnamese,,Robert Leuschke,https://fonts.google.com/specimen/MonteCarlo,https://github.com/google/fonts/tree/main/ofl/montecarlo,https://github.com/google/fonts/tree/main/ofl/montecarlo
montenegrin-gothic-one,Montenegrin Gothic One,google-fonts,OFL,True,serif,False,,False,1,latin|latin-ext,Serif,Žarko Banović,https://fonts.google.com/specimen/Montenegrin+Gothic+One,https://github.com/google/fonts/tree/main/ofl/montenegrin-gothic-one,https://github.com/google/fonts/tree/main/ofl/montenegrin-gothic-one
montez,Montez,google-fonts,OFL,True,handwriting,False,,False,1,latin|latin-ext,,Astigmatic,https://fonts.google.com/specimen/Montez,https://github.com/google/fonts/tree/main/ofl/montez,https://github.com/google/fonts/tree/main/ofl/montez
montserrat-alternates,Montserrat Alternates,google-fonts,OFL,True,sans-serif,False,,False,18,cyrillic|cyrillic-ext|latin|latin-ext|vietnamese,Sans Serif,Julieta Ulanovsky|Sol Matas|Juan Pablo del Peral|Jacques Le Bailly,https://fonts.google.com/specimen/Montserrat+Alternates,https://github.com/google/fonts/tree/main/ofl/montserrat-alternates,https://github.com/google/fonts/tree/main/ofl/montserrat-alternates
montserrat-underline,Montserrat Underline,google-fonts,OFL,True,sans-serif,False,,True,18,cyrillic|cyrillic-ext|latin|latin-ext|vietnamese,Sans Serif,Julieta Ulanovsky|Sol Matas|Juan Pablo del Peral|Jacques Le Bailly,https://fonts.google.com/specimen/Montserrat+Underline,https://github.com/google/fonts/tree/main/ofl/montserrat-underline,https://github.com/google/fonts/tree/main/ofl/montserrat-underline
moo-lah-lah,Moo Lah Lah,google-fonts,OFL,True,display,False,,False,1,latin|latin-ext|vietnamese,Sans Serif,Robert Leuschke,https://fonts.google.com/specimen/Moo+Lah+Lah,https://github.com/google/fonts/tree/main/ofl/moo-lah-lah,https://github.com/google/fonts/tree/main/ofl/moo-lah-lah
mooli,Mooli,google-fonts,OFL,True,sans-serif,False,,False,1,latin|latin-ext,Sans Serif,Vernon Adams,https://fonts.google.com/specimen/Mooli,https://github.com/google/fonts/tree/main/ofl/mooli,https://github.com/google/fonts/tree/main/ofl/mooli
moon-dance,Moon Dance,google-fonts,OFL,True,handwriting,False,,False,1,latin|latin-ext|vietnamese,,Robert Leuschke,https://fonts.google.com/specimen/Moon+Dance,https://github.com/google/fonts/tree/main/ofl/moon-dance,https://github.com/google/fonts/tree/main/ofl/moon-dance
moul,Moul,google-fonts,OFL,True,display,False,,False,1,khmer|latin,Serif,Danh Hong,https://fonts.google.com/specimen/Moul,https://github.com/google/fonts/tree/main/ofl/moul,https://github.com/google/fonts/tree/main/ofl/moul
moulpali,Moulpali,google-fonts,OFL,True,sans-serif,False,,False,1,khmer|latin,Sans Serif,Danh Hong,https://fonts.google.com/specimen/Moulpali,https://github.com/google/fonts/tree/main/ofl/moulpali,https://github.com/google/fonts/tree/main/ofl/moulpali
mountains-of-christmas,Mountains of Christmas,google-fonts,OFL,True,display,False,,False,2,latin,Serif,Tart Workshop,https://fonts.google.com/specimen/Mountains+of+Christmas,https://github.com/google/fonts/tree/main/ofl/mountains-of-christmas,https://github.com/google/fonts/tree/main/ofl/mountains-of-christmas
mouse-memoirs,Mouse Memoirs,google-fonts,OFL,True,sans-serif,False,,False,1,latin|latin-ext,Sans Serif,Astigmatic,https://fonts.google.com/specimen/Mouse+Memoirs,https://github.com/google/fonts/tree/main/ofl/mouse-memoirs,https://github.com/google/fonts/tree/main/ofl/mouse-memoirs
mozilla-headline,Mozilla Headline,google-fonts,OFL,True,sans-serif,False,,True,6,latin|latin-ext,Sans Serif,Studio DRAMA,https://fonts.google.com/specimen/Mozilla+Headline,https://github.com/google/fonts/tree/main/ofl/mozilla-headline,https://github.com/google/fonts/tree/main/ofl/mozilla-headline
mozilla-text,Mozilla Text,google-fonts,OFL,True,sans-serif,False,,True,6,latin|latin-ext,Sans Serif,Studio DRAMA,https://fonts.google.com/specimen/Mozilla+Text,https://github.com/google/fonts/tree/main/ofl/mozilla-text,https://github.com/google/fonts/tree/main/ofl/mozilla-text
mr-bedfort,Mr Bedfort,google-fonts,OFL,True,handwriting,False,,False,1,latin|latin-ext,,Sudtipos,https://fonts.google.com/specimen/Mr+Bedfort,https://github.com/google/fonts/tree/main/ofl/mr-bedfort,https://github.com/google/fonts/tree/main/ofl/mr-bedfort
mr-dafoe,Mr Dafoe,google-fonts,OFL,True,handwriting,False,,False,1,latin|latin-ext,,Sudtipos,https://fonts.google.com/specimen/Mr+Dafoe,https://github.com/google/fonts/tree/main/ofl/mr-dafoe,https://github.com/google/fonts/tree/main/ofl/mr-dafoe
mr-de-haviland,Mr De Haviland,google-fonts,OFL,True,handwriting,False,,False,1,latin|latin-ext,,Sudtipos,https://fonts.google.com/specimen/Mr+De+Haviland,https://github.com/google/fonts/tree/main/ofl/mr-de-haviland,https://github.com/google/fonts/tree/main/ofl/mr-de-haviland
mrs-saint-delafield,Mrs Saint Delafield,google-fonts,OFL,True,handwriting,False,,False,1,latin|latin-ext,,Sudtipos,https://fonts.google.com/specimen/Mrs+Saint+Delafield,https://github.com/google/fonts/tree/main/ofl/mrs-saint-delafield,https://github.com/google/fonts/tree/main/ofl/mrs-saint-delafield
mrs-sheppards,Mrs Sheppards,google-fonts,OFL,True,handwriting,False,,False,1,latin|latin-ext,,Sudtipos,https://fonts.google.com/specimen/Mrs+Sheppards,https://github.com/google/fonts/tree/main/ofl/mrs-sheppards,https://github.com/google/fonts/tree/main/ofl/mrs-sheppards
ms-madi,Ms Madi,google-fonts,OFL,True,handwriting,False,,False,1,latin|latin-ext|vietnamese,,Robert Leuschke,https://fonts.google.com/specimen/Ms+Madi,https://github.com/google/fonts/tree/main/ofl/ms-madi,https://github.com/google/fonts/tree/main/ofl/ms-madi
mukta,Mukta,google-fonts,OFL,True,sans-serif,False,,False,7,devanagari|latin|latin-ext,Sans Serif,Ek Type,https://fonts.google.com/specimen/Mukta,https://github.com/google/fonts/tree/main/ofl/mukta,https://github.com/google/fonts/tree/main/ofl/mukta
mukta-mahee,Mukta Mahee,google-fonts,OFL,True,sans-serif,False,,False,7,gurmukhi|latin|latin-ext,Sans Serif,Ek Type,https://fonts.google.com/specimen/Mukta+Mahee,https://github.com/google/fonts/tree/main/ofl/mukta-mahee,https://github.com/google/fonts/tree/main/ofl/mukta-mahee
mukta-malar,Mukta Malar,google-fonts,OFL,True,sans-serif,False,,False,7,latin|latin-ext|tamil,Sans Serif,Ek Type,https://fonts.google.com/specimen/Mukta+Malar,https://github.com/google/fonts/tree/main/ofl/mukta-malar,https://github.com/google/fonts/tree/main/ofl/mukta-malar
mukta-vaani,Mukta Vaani,google-fonts,OFL,True,sans-serif,False,,False,7,gujarati|latin|latin-ext,Sans Serif,Ek Type,https://fonts.google.com/specimen/Mukta+Vaani,https://github.com/google/fonts/tree/main/ofl/mukta-vaani,https://github.com/google/fonts/tree/main/ofl/mukta-vaani
murecho,Murecho,google-fonts,OFL,True,sans-serif,False,,True,9,cyrillic|cyrillic-ext|greek|japanese|latin|latin-ext,Sans Serif,Neil Summerour,https://fonts.google.com/specimen/Murecho,https://github.com/google/fonts/tree/main/ofl/murecho,https://github.com/google/fonts/tree/main/ofl/murecho
my-soul,My Soul,google-fonts,OFL,True,handwriting,False,,False,1,latin|latin-ext|vietnamese,,Robert Leuschke,https://fonts.google.com/specimen/My+Soul,https://github.com/google/fonts/tree/main/ofl/my-soul,https://github.com/google/fonts/tree/main/ofl/my-soul
mynerve,Mynerve,google-fonts,OFL,True,handwriting,False,,False,1,greek|latin|latin-ext|vietnamese,,Carolina Short,https://fonts.google.com/specimen/Mynerve,https://github.com/google/fonts/tree/main/ofl/mynerve,https://github.com/google/fonts/tree/main/ofl/mynerve
mystery-quest,Mystery Quest,google-fonts,OFL,True,display,False,,False,1,latin|latin-ext,,Sideshow,https://fonts.google.com/specimen/Mystery+Quest,https://github.com/google/fonts/tree/main/ofl/mystery-quest,https://github.com/google/fonts/tree/main/ofl/mystery-quest
nabla,Nabla,google-fonts,OFL,True,display,False,,True,1,cyrillic-ext|latin|latin-ext|math|vietnamese,,Arthur Reinders Folmer|Just van Rossum,https://fonts.google.com/specimen/Nabla,https://github.com/google/fonts/tree/main/ofl/nabla,https://github.com/google/fonts/tree/main/ofl/nabla
namdhinggo,Namdhinggo,google-fonts,OFL,True,serif,False,,False,5,latin|latin-ext|limbu,Serif,SIL International,https://fonts.google.com/specimen/Namdhinggo,https://github.com/google/fonts/tree/main/ofl/namdhinggo,https://github.com/google/fonts/tree/main/ofl/namdhinggo
nanum-brush-script,Nanum Brush Script,google-fonts,OFL,True,handwriting,False,,False,1,korean|latin,,Sandoll Communication,https://fonts.google.com/specimen/Nanum+Brush+Script,https://github.com/google/fonts/tree/main/ofl/nanum-brush-script,https://github.com/google/fonts/tree/main/ofl/nanum-brush-script
nanum-gothic,Nanum Gothic,google-fonts,OFL,True,sans-serif,False,,False,3,korean|latin,Sans Serif,Sandoll Communication,https://fonts.google.com/specimen/Nanum+Gothic,https://github.com/google/fonts/tree/main/ofl/nanum-gothic,https://github.com/google/fonts/tree/main/ofl/nanum-gothic
nanum-gothic-coding,Nanum Gothic Coding,google-fonts,OFL,True,handwriting,False,,False,2,korean|latin,Sans Serif,Sandoll Communication,https://fonts.google.com/specimen/Nanum+Gothic+Coding,https://github.com/google/fonts/tree/main/ofl/nanum-gothic-coding,https://github.com/google/fonts/tree/main/ofl/nanum-gothic-coding
nanum-myeongjo,Nanum Myeongjo,google-fonts,OFL,True,serif,False,,False,3,korean|latin,Serif,Sandoll Communication,https://fonts.google.com/specimen/Nanum+Myeongjo,https://github.com/google/fonts/tree/main/ofl/nanum-myeongjo,https://github.com/google/fonts/tree/main/ofl/nanum-myeongjo
nanum-pen-script,Nanum Pen Script,google-fonts,OFL,True,handwriting,False,,False,1,korean|latin,,Sandoll Communication,https://fonts.google.com/specimen/Nanum+Pen+Script,https://github.com/google/fonts/tree/main/ofl/nanum-pen-script,https://github.com/google/fonts/tree/main/ofl/nanum-pen-script
narnoor,Narnoor,google-fonts,OFL,True,sans-serif,False,,False,5,gunjala-gondi|latin|latin-ext|math|symbols,Sans Serif,SIL International,https://fonts.google.com/specimen/Narnoor,https://github.com/google/fonts/tree/main/ofl/narnoor,https://github.com/google/fonts/tree/main/ofl/narnoor
nata-sans,Nata Sans,google-fonts,OFL,True,sans-serif,False,,True,9,cyrillic|cyrillic-ext|latin|latin-ext|vietnamese,Sans Serif,Daniel Uzquiano,https://fonts.google.com/specimen/Nata+Sans,https://github.com/google/fonts/tree/main/ofl/nata-sans,https://github.com/google/fonts/tree/main/ofl/nata-sans
national-park,National Park,google-fonts,OFL,True,sans-serif,False,,True,7,latin|latin-ext|vietnamese,Sans Serif,Andrea Herstowski|Ben Hoepner|Jeremy Shellhorn,https://fonts.google.com/specimen/National+Park,https://github.com/google/fonts/tree/main/ofl/national-park,https://github.com/google/fonts/tree/main/ofl/national-park
fontsource-nebula-sans,Nebula Sans,fontsource,OFL,True,sans-serif,False,,False,12,latin,fontsource|other,,https://fontsource.org/fonts/nebula-sans,https://fontsource.org/fonts/nebula-sans,
neonderthaw,Neonderthaw,google-fonts,OFL,True,handwriting,False,,False,1,latin|latin-ext|vietnamese,,Robert Leuschke,https://fonts.google.com/specimen/Neonderthaw,https://github.com/google/fonts/tree/main/ofl/neonderthaw,https://github.com/google/fonts/tree/main/ofl/neonderthaw
nerko-one,Nerko One,google-fonts,OFL,True,handwriting,False,,False,1,latin|latin-ext,,Nermin Kahrimanovic,https://fonts.google.com/specimen/Nerko+One,https://github.com/google/fonts/tree/main/ofl/nerko-one,https://github.com/google/fonts/tree/main/ofl/nerko-one
neucha,Neucha,google-fonts,OFL,True,handwriting,False,,False,1,cyrillic|latin,,Jovanny Lemonad,https://fonts.google.com/specimen/Neucha,https://github.com/google/fonts/tree/main/ofl/neucha,https://github.com/google/fonts/tree/main/ofl/neucha
neuton,Neuton,google-fonts,OFL,True,serif,False,,False,6,latin|latin-ext,Serif,Brian Zick,https://fonts.google.com/specimen/Neuton,https://github.com/google/fonts/tree/main/ofl/neuton,https://github.com/google/fonts/tree/main/ofl/neuton
new-amsterdam,New Amsterdam,google-fonts,OFL,True,sans-serif,False,,False,1,latin|latin-ext,Sans Serif,Vladimir Nikolic,https://fonts.google.com/specimen/New+Amsterdam,https://github.com/google/fonts/tree/main/ofl/new-amsterdam,https://github.com/google/fonts/tree/main/ofl/new-amsterdam
new-rocker,New Rocker,google-fonts,OFL,True,display,False,,False,1,latin|latin-ext,,Impallari Type,https://fonts.google.com/specimen/New+Rocker,https://github.com/google/fonts/tree/main/ofl/new-rocker,https://github.com/google/fonts/tree/main/ofl/new-rocker
new-tegomin,New Tegomin,google-fonts,OFL,True,serif,False,,False,1,japanese|latin|latin-ext,Serif,Kousuke Nagai,https://fonts.google.com/specimen/New+Tegomin,https://github.com/google/fonts/tree/main/ofl/new-tegomin,https://github.com/google/fonts/tree/main/ofl/new-tegomin
news-cycle,News Cycle,google-fonts,OFL,True,sans-serif,False,,False,2,cyrillic|cyrillic-ext|greek|greek-ext|latin|latin-ext|vietnamese,Sans Serif,Nathan Willis,https://fonts.google.com/specimen/News+Cycle,https://github.com/google/fonts/tree/main/ofl/news-cycle,https://github.com/google/fonts/tree/main/ofl/news-cycle
newsreader,Newsreader,google-fonts,OFL,True,serif,False,,True,14,latin|latin-ext|vietnamese,Serif,Production Type,https://fonts.google.com/specimen/Newsreader,https://github.com/google/fonts/tree/main/ofl/newsreader,https://github.com/google/fonts/tree/main/ofl/newsreader
niconne,Niconne,google-fonts,OFL,True,handwriting,False,,False,1,latin|latin-ext,,Vernon Adams,https://fonts.google.com/specimen/Niconne,https://github.com/google/fonts/tree/main/ofl/niconne,https://github.com/google/fonts/tree/main/ofl/niconne
niramit,Niramit,google-fonts,OFL,True,sans-serif,False,,False,12,latin|latin-ext|thai|vietnamese,Sans Serif,Cadson Demak,https://fonts.google.com/specimen/Niramit,https://github.com/google/fonts/tree/main/ofl/niramit,https://github.com/google/fonts/tree/main/ofl/niramit
nixie-one,Nixie One,google-fonts,OFL,True,display,False,,False,1,latin,,Jovanny Lemonad,https://fonts.google.com/specimen/Nixie+One,https://github.com/google/fonts/tree/main/ofl/nixie-one,https://github.com/google/fonts/tree/main/ofl/nixie-one
nobile,Nobile,google-fonts,OFL,True,sans-serif,False,,False,6,cyrillic|latin|latin-ext,Sans Serif,Vernon Adams,https://fonts.google.com/specimen/Nobile,https://github.com/google/fonts/tree/main/ofl/nobile,https://github.com/google/fonts/tree/main/ofl/nobile
nokora,Nokora,google-fonts,OFL,True,sans-serif,False,,True,9,khmer|latin,Sans Serif,Danh Hong,https://fonts.google.com/specimen/Nokora,https://github.com/google/fonts/tree/main/ofl/nokora,https://github.com/google/fonts/tree/main/ofl/nokora
norican,Norican,google-fonts,OFL,True,handwriting,False,,False,1,latin|latin-ext,,Vernon Adams,https://fonts.google.com/specimen/Norican,https://github.com/google/fonts/tree/main/ofl/norican,https://github.com/google/fonts/tree/main/ofl/norican
fontsource-norwester,Norwester,fontsource,OFL,True,sans-serif,False,,False,1,latin,display|fontsource|other,,https://fontsource.org/fonts/norwester,https://fontsource.org/fonts/norwester,
nosifer,Nosifer,google-fonts,OFL,True,display,False,,False,1,latin|latin-ext,Sans Serif,Typomondo,https://fonts.google.com/specimen/Nosifer,https://github.com/google/fonts/tree/main/ofl/nosifer,https://github.com/google/fonts/tree/main/ofl/nosifer
notable,Notable,google-fonts,OFL,True,sans-serif,False,,False,1,latin,Sans Serif,Eli Block|Hana Tanimura|Noemie Le Coz,https://fonts.google.com/specimen/Notable,https://github.com/google/fonts/tree/main/ofl/notable,https://github.com/google/fonts/tree/main/ofl/notable
nothing-you-could-do,Nothing You Could Do,google-fonts,OFL,True,handwriting,False,,False,1,latin,,Kimberly Geswein,https://fonts.google.com/specimen/Nothing+You+Could+Do,https://github.com/google/fonts/tree/main/ofl/nothing-you-could-do,https://github.com/google/fonts/tree/main/ofl/nothing-you-could-do
noticia-text,Noticia Text,google-fonts,OFL,True,serif,False,,False,4,latin|latin-ext|vietnamese,Serif,JM Solé,https://fonts.google.com/specimen/Noticia+Text,https://github.com/google/fonts/tree/main/ofl/noticia-text,https://github.com/google/fonts/tree/main/ofl/noticia-text
noto-color-emoji,Noto Color Emoji,google-fonts,OFL,True,sans-serif,False,,False,1,emoji,Sans Serif,Google,https://fonts.google.com/specimen/Noto+Color+Emoji,https://github.com/google/fonts/tree/main/ofl/noto-color-emoji,https://github.com/google/fonts/tree/main/ofl/noto-color-emoji
noto-emoji,Noto Emoji,google-fonts,OFL,True,sans-serif,False,,True,5,emoji,Sans Serif,Google,https://fonts.google.com/specimen/Noto+Emoji,https://github.com/google/fonts/tree/main/ofl/noto-emoji,https://github.com/google/fonts/tree/main/ofl/noto-emoji
noto-kufi-arabic,Noto Kufi Arabic,google-fonts,OFL,True,sans-serif,False,,True,9,arabic|latin|latin-ext|math|symbols,Sans Serif,Google,https://fonts.google.com/specimen/Noto+Kufi+Arabic,https://github.com/google/fonts/tree/main/ofl/noto-kufi-arabic,https://github.com/google/fonts/tree/main/ofl/noto-kufi-arabic
fontsource-noto-mono,Noto Mono,fontsource,OFL,True,monospace,False,,False,1,latin,fontsource|other|programming,,https://fontsource.org/fonts/noto-mono,https://fontsource.org/fonts/noto-mono,
noto-music,Noto Music,google-fonts,OFL,True,sans-serif,False,,False,1,latin|latin-ext|music,Sans Serif,Google,https://fonts.google.com/specimen/Noto+Music,https://github.com/google/fonts/tree/main/ofl/noto-music,https://github.com/google/fonts/tree/main/ofl/noto-music
noto-naskh-arabic,Noto Naskh Arabic,google-fonts,OFL,True,serif,False,,True,4,arabic|latin|latin-ext|math|symbols,Serif,Google,https://fonts.google.com/specimen/Noto+Naskh+Arabic,https://github.com/google/fonts/tree/main/ofl/noto-naskh-arabic,https://github.com/google/fonts/tree/main/ofl/noto-naskh-arabic
noto-nastaliq-urdu,Noto Nastaliq Urdu,google-fonts,OFL,True,serif,False,,True,4,arabic|latin|latin-ext,Serif,Google,https://fonts.google.com/specimen/Noto+Nastaliq+Urdu,https://github.com/google/fonts/tree/main/ofl/noto-nastaliq-urdu,https://github.com/google/fonts/tree/main/ofl/noto-nastaliq-urdu
noto-rashi-hebrew,Noto Rashi Hebrew,google-fonts,OFL,True,serif,False,,True,9,greek-ext|hebrew|latin|latin-ext,Serif,Google,https://fonts.google.com/specimen/Noto+Rashi+Hebrew,https://github.com/google/fonts/tree/main/ofl/noto-rashi-hebrew,https://github.com/google/fonts/tree/main/ofl/noto-rashi-hebrew
noto-sans-adlam,Noto Sans Adlam,google-fonts,OFL,True,sans-serif,False,,True,4,adlam|latin|latin-ext,Sans Serif,Google,https://fonts.google.com/specimen/Noto+Sans+Adlam,https://github.com/google/fonts/tree/main/ofl/noto-sans-adlam,https://github.com/google/fonts/tree/main/ofl/noto-sans-adlam
noto-sans-adlam-unjoined,Noto Sans Adlam Unjoined,google-fonts,OFL,True,sans-serif,False,,True,4,adlam|latin|latin-ext,Sans Serif,Google,https://fonts.google.com/specimen/Noto+Sans+Adlam+Unjoined,https://github.com/google/fonts/tree/main/ofl/noto-sans-adlam-unjoined,https://github.com/google/fonts/tree/main/ofl/noto-sans-adlam-unjoined
noto-sans-anatolian-hieroglyphs,Noto Sans Anatolian Hieroglyphs,google-fonts,OFL,True,sans-serif,False,,False,1,anatolian-hieroglyphs|latin|latin-ext,Sans Serif,Google,https://fonts.google.com/specimen/Noto+Sans+Anatolian+Hieroglyphs,https://github.com/google/fonts/tree/main/ofl/noto-sans-anatolian-hieroglyphs,https://github.com/google/fonts/tree/main/ofl/noto-sans-anatolian-hieroglyphs
noto-sans-arabic,Noto Sans Arabic,google-fonts,OFL,True,sans-serif,False,,True,9,arabic|latin|latin-ext|math|symbols,Sans Serif,Google,https://fonts.google.com/specimen/Noto+Sans+Arabic,https://github.com/google/fonts/tree/main/ofl/noto-sans-arabic,https://github.com/google/fonts/tree/main/ofl/noto-sans-arabic
noto-sans-armenian,Noto Sans Armenian,google-fonts,OFL,True,sans-serif,False,,True,9,armenian|latin|latin-ext,Sans Serif,Google,https://fonts.google.com/specimen/Noto+Sans+Armenian,https://github.com/google/fonts/tree/main/ofl/noto-sans-armenian,https://github.com/google/fonts/tree/main/ofl/noto-sans-armenian
noto-sans-avestan,Noto Sans Avestan,google-fonts,OFL,True,sans-serif,False,,False,1,avestan|latin|latin-ext,Sans Serif,Google,https://fonts.google.com/specimen/Noto+Sans+Avestan,https://github.com/google/fonts/tree/main/ofl/noto-sans-avestan,https://github.com/google/fonts/tree/main/ofl/noto-sans-avestan
noto-sans-balinese,Noto Sans Balinese,google-fonts,OFL,True,sans-serif,False,,True,4,balinese|latin|latin-ext,Sans Serif,Google,https://fonts.google.com/specimen/Noto+Sans+Balinese,https://github.com/google/fonts/tree/main/ofl/noto-sans-balinese,https://github.com/google/fonts/tree/main/ofl/noto-sans-balinese
noto-sans-bamum,Noto Sans Bamum,google-fonts,OFL,True,sans-serif,False,,True,4,bamum|latin|latin-ext,Sans Serif,Google,https://fonts.google.com/specimen/Noto+Sans+Bamum,https://github.com/google/fonts/tree/main/ofl/noto-sans-bamum,https://github.com/google/fonts/tree/main/ofl/noto-sans-bamum
noto-sans-bassa-vah,Noto Sans Bassa Vah,google-fonts,OFL,True,sans-serif,False,,True,4,bassa-vah|latin|latin-ext,Sans Serif,Google,https://fonts.google.com/specimen/Noto+Sans+Bassa+Vah,https://github.com/google/fonts/tree/main/ofl/noto-sans-bassa-vah,https://github.com/google/fonts/tree/main/ofl/noto-sans-bassa-vah
noto-sans-batak,Noto Sans Batak,google-fonts,OFL,True,sans-serif,False,,False,1,batak|latin|latin-ext,Sans Serif,Google,https://fonts.google.com/specimen/Noto+Sans+Batak,https://github.com/google/fonts/tree/main/ofl/noto-sans-batak,https://github.com/google/fonts/tree/main/ofl/noto-sans-batak
noto-sans-bengali,Noto Sans Bengali,google-fonts,OFL,True,sans-serif,False,,True,9,bengali|latin|latin-ext,Sans Serif,Google,https://fonts.google.com/specimen/Noto+Sans+Bengali,https://github.com/google/fonts/tree/main/ofl/noto-sans-bengali,https://github.com/google/fonts/tree/main/ofl/noto-sans-bengali
noto-sans-bhaiksuki,Noto Sans Bhaiksuki,google-fonts,OFL,True,sans-serif,False,,False,1,bhaiksuki|latin|latin-ext,Sans Serif,Google,https://fonts.google.com/specimen/Noto+Sans+Bhaiksuki,https://github.com/google/fonts/tree/main/ofl/noto-sans-bhaiksuki,https://github.com/google/fonts/tree/main/ofl/noto-sans-bhaiksuki
noto-sans-brahmi,Noto Sans Brahmi,google-fonts,OFL,True,sans-serif,False,,False,1,brahmi|latin|latin-ext|math|symbols,Sans Serif,Google,https://fonts.google.com/specimen/Noto+Sans+Brahmi,https://github.com/google/fonts/tree/main/ofl/noto-sans-brahmi,https://github.com/google/fonts/tree/main/ofl/noto-sans-brahmi
noto-sans-buginese,Noto Sans Buginese,google-fonts,OFL,True,sans-serif,False,,False,1,buginese|latin|latin-ext,Sans Serif,Google,https://fonts.google.com/specimen/Noto+Sans+Buginese,https://github.com/google/fonts/tree/main/ofl/noto-sans-buginese,https://github.com/google/fonts/tree/main/ofl/noto-sans-buginese
noto-sans-buhid,Noto Sans Buhid,google-fonts,OFL,True,sans-serif,False,,False,1,buhid|latin|latin-ext,Sans Serif,Google,https://fonts.google.com/specimen/Noto+Sans+Buhid,https://github.com/google/fonts/tree/main/ofl/noto-sans-buhid,https://github.com/google/fonts/tree/main/ofl/noto-sans-buhid
noto-sans-canadian-aboriginal,Noto Sans Canadian Aboriginal,google-fonts,OFL,True,sans-serif,False,,True,9,canadian-aboriginal|latin|latin-ext|math|symbols,Sans Serif,Google,https://fonts.google.com/specimen/Noto+Sans+Canadian+Aboriginal,https://github.com/google/fonts/tree/main/ofl/noto-sans-canadian-aboriginal,https://github.com/google/fonts/tree/main/ofl/noto-sans-canadian-aboriginal
noto-sans-carian,Noto Sans Carian,google-fonts,OFL,True,sans-serif,False,,False,1,carian|latin|latin-ext,Sans Serif,Google,https://fonts.google.com/specimen/Noto+Sans+Carian,https://github.com/google/fonts/tree/main/ofl/noto-sans-carian,https://github.com/google/fonts/tree/main/ofl/noto-sans-carian
noto-sans-caucasian-albanian,Noto Sans Caucasian Albanian,google-fonts,OFL,True,sans-serif,False,,False,1,caucasian-albanian|latin|latin-ext,Sans Serif,Google,https://fonts.google.com/specimen/Noto+Sans+Caucasian+Albanian,https://github.com/google/fonts/tree/main/ofl/noto-sans-caucasian-albanian,https://github.com/google/fonts/tree/main/ofl/noto-sans-caucasian-albanian
noto-sans-chakma,Noto Sans Chakma,google-fonts,OFL,True,sans-serif,False,,False,1,chakma|latin|latin-ext,Sans Serif,Google,https://fonts.google.com/specimen/Noto+Sans+Chakma,https://github.com/google/fonts/tree/main/ofl/noto-sans-chakma,https://github.com/google/fonts/tree/main/ofl/noto-sans-chakma
noto-sans-cham,Noto Sans Cham,google-fonts,OFL,True,sans-serif,False,,True,9,cham|latin|latin-ext,Sans Serif,Google,https://fonts.google.com/specimen/Noto+Sans+Cham,https://github.com/google/fonts/tree/main/ofl/noto-sans-cham,https://github.com/google/fonts/tree/main/ofl/noto-sans-cham
noto-sans-cherokee,Noto Sans Cherokee,google-fonts,OFL,True,sans-serif,False,,True,9,cherokee|latin|latin-ext,Sans Serif,Google,https://fonts.google.com/specimen/Noto+Sans+Cherokee,https://github.com/google/fonts/tree/main/ofl/noto-sans-cherokee,https://github.com/google/fonts/tree/main/ofl/noto-sans-cherokee
noto-sans-chorasmian,Noto Sans Chorasmian,google-fonts,OFL,True,sans-serif,False,,False,1,chorasmian|latin|latin-ext|math|symbols,Sans Serif,Google,https://fonts.google.com/specimen/Noto+Sans+Chorasmian,https://github.com/google/fonts/tree/main/ofl/noto-sans-chorasmian,https://github.com/google/fonts/tree/main/ofl/noto-sans-chorasmian
noto-sans-coptic,Noto Sans Coptic,google-fonts,OFL,True,sans-serif,False,,False,1,coptic|latin|latin-ext,Sans Serif,Google,https://fonts.google.com/specimen/Noto+Sans+Coptic,https://github.com/google/fonts/tree/main/ofl/noto-sans-coptic,https://github.com/google/fonts/tree/main/ofl/noto-sans-coptic
noto-sans-cuneiform,Noto Sans Cuneiform,google-fonts,OFL,True,sans-serif,False,,False,1,cuneiform|latin|latin-ext,Sans Serif,Google,https://fonts.google.com/specimen/Noto+Sans+Cuneiform,https://github.com/google/fonts/tree/main/ofl/noto-sans-cuneiform,https://github.com/google/fonts/tree/main/ofl/noto-sans-cuneiform
noto-sans-cypriot,Noto Sans Cypriot,google-fonts,OFL,True,sans-serif,False,,False,1,cypriot|latin|latin-ext,Sans Serif,Google,https://fonts.google.com/specimen/Noto+Sans+Cypriot,https://github.com/google/fonts/tree/main/ofl/noto-sans-cypriot,https://github.com/google/fonts/tree/main/ofl/noto-sans-cypriot
noto-sans-cypro-minoan,Noto Sans Cypro Minoan,google-fonts,OFL,True,sans-serif,False,,False,1,cypro-minoan|latin|latin-ext,Sans Serif,Google,https://fonts.google.com/specimen/Noto+Sans+Cypro+Minoan,https://github.com/google/fonts/tree/main/ofl/noto-sans-cypro-minoan,https://github.com/google/fonts/tree/main/ofl/noto-sans-cypro-minoan
noto-sans-deseret,Noto Sans Deseret,google-fonts,OFL,True,sans-serif,False,,False,1,deseret|latin|latin-ext,Sans Serif,Google,https://fonts.google.com/specimen/Noto+Sans+Deseret,https://github.com/google/fonts/tree/main/ofl/noto-sans-deseret,https://github.com/google/fonts/tree/main/ofl/noto-sans-deseret
noto-sans-devanagari,Noto Sans Devanagari,google-fonts,OFL,True,sans-serif,False,,True,9,devanagari|latin|latin-ext,Sans Serif,Google,https://fonts.google.com/specimen/Noto+Sans+Devanagari,https://github.com/google/fonts/tree/main/ofl/noto-sans-devanagari,https://github.com/google/fonts/tree/main/ofl/noto-sans-devanagari
noto-sans-display,Noto Sans Display,google-fonts,OFL,True,sans-serif,False,,True,18,cyrillic|cyrillic-ext|greek|greek-ext|latin|latin-ext|vietnamese,Sans Serif,Google,https://fonts.google.com/specimen/Noto+Sans+Display,https://github.com/google/fonts/tree/main/ofl/noto-sans-display,https://github.com/google/fonts/tree/main/ofl/noto-sans-display
noto-sans-duployan,Noto Sans Duployan,google-fonts,OFL,True,sans-serif,False,,False,2,duployan|latin|latin-ext,Sans Serif,Google,https://fonts.google.com/specimen/Noto+Sans+Duployan,https://github.com/google/fonts/tree/main/ofl/noto-sans-duployan,https://github.com/google/fonts/tree/main/ofl/noto-sans-duployan
noto-sans-egyptian-hieroglyphs,Noto Sans Egyptian Hieroglyphs,google-fonts,OFL,True,sans-serif,False,,False,1,egyptian-hieroglyphs|latin|latin-ext,Sans Serif,Google,https://fonts.google.com/specimen/Noto+Sans+Egyptian+Hieroglyphs,https://github.com/google/fonts/tree/main/ofl/noto-sans-egyptian-hieroglyphs,https://github.com/google/fonts/tree/main/ofl/noto-sans-egyptian-hieroglyphs
noto-sans-elbasan,Noto Sans Elbasan,google-fonts,OFL,True,sans-serif,False,,False,1,elbasan|latin|latin-ext,Sans Serif,Google,https://fonts.google.com/specimen/Noto+Sans+Elbasan,https://github.com/google/fonts/tree/main/ofl/noto-sans-elbasan,https://github.com/google/fonts/tree/main/ofl/noto-sans-elbasan
noto-sans-elymaic,Noto Sans Elymaic,google-fonts,OFL,True,sans-serif,False,,False,1,elymaic|latin|latin-ext,Sans Serif,Google,https://fonts.google.com/specimen/Noto+Sans+Elymaic,https://github.com/google/fonts/tree/main/ofl/noto-sans-elymaic,https://github.com/google/fonts/tree/main/ofl/noto-sans-elymaic
noto-sans-ethiopic,Noto Sans Ethiopic,google-fonts,OFL,True,sans-serif,False,,True,9,ethiopic|latin|latin-ext,Sans Serif,Google,https://fonts.google.com/specimen/Noto+Sans+Ethiopic,https://github.com/google/fonts/tree/main/ofl/noto-sans-ethiopic,https://github.com/google/fonts/tree/main/ofl/noto-sans-ethiopic
noto-sans-georgian,Noto Sans Georgian,google-fonts,OFL,True,sans-serif,False,,True,9,cyrillic-ext|georgian|greek-ext|latin|latin-ext|math|symbols,Sans Serif,Google,https://fonts.google.com/specimen/Noto+Sans+Georgian,https://github.com/google/fonts/tree/main/ofl/noto-sans-georgian,https://github.com/google/fonts/tree/main/ofl/noto-sans-georgian
noto-sans-glagolitic,Noto Sans Glagolitic,google-fonts,OFL,True,sans-serif,False,,False,1,cyrillic-ext|glagolitic|latin|latin-ext|math|symbols,Sans Serif,Google,https://fonts.google.com/specimen/Noto+Sans+Glagolitic,https://github.com/google/fonts/tree/main/ofl/noto-sans-glagolitic,https://github.com/google/fonts/tree/main/ofl/noto-sans-glagolitic
noto-sans-gothic,Noto Sans Gothic,google-fonts,OFL,True,sans-serif,False,,False,1,gothic|latin|latin-ext,Sans Serif,Google,https://fonts.google.com/specimen/Noto+Sans+Gothic,https://github.com/google/fonts/tree/main/ofl/noto-sans-gothic,https://github.com/google/fonts/tree/main/ofl/noto-sans-gothic
noto-sans-grantha,Noto Sans Grantha,google-fonts,OFL,True,sans-serif,False,,False,1,grantha|latin|latin-ext,Sans Serif,Google,https://fonts.google.com/specimen/Noto+Sans+Grantha,https://github.com/google/fonts/tree/main/ofl/noto-sans-grantha,https://github.com/google/fonts/tree/main/ofl/noto-sans-grantha
noto-sans-gujarati,Noto Sans Gujarati,google-fonts,OFL,True,sans-serif,False,,True,9,gujarati|latin|latin-ext|math|symbols,Sans Serif,Google,https://fonts.google.com/specimen/Noto+Sans+Gujarati,https://github.com/google/fonts/tree/main/ofl/noto-sans-gujarati,https://github.com/google/fonts/tree/main/ofl/noto-sans-gujarati
noto-sans-gunjala-gondi,Noto Sans Gunjala Gondi,google-fonts,OFL,True,sans-serif,False,,True,4,gunjala-gondi|latin|latin-ext,Sans Serif,Google,https://fonts.google.com/specimen/Noto+Sans+Gunjala+Gondi,https://github.com/google/fonts/tree/main/ofl/noto-sans-gunjala-gondi,https://github.com/google/fonts/tree/main/ofl/noto-sans-gunjala-gondi
noto-sans-gurmukhi,Noto Sans Gurmukhi,google-fonts,OFL,True,sans-serif,False,,True,9,gurmukhi|latin|latin-ext,Sans Serif,Google,https://fonts.google.com/specimen/Noto+Sans+Gurmukhi,https://github.com/google/fonts/tree/main/ofl/noto-sans-gurmukhi,https://github.com/google/fonts/tree/main/ofl/noto-sans-gurmukhi
noto-sans-hanifi-rohingya,Noto Sans Hanifi Rohingya,google-fonts,OFL,True,sans-serif,False,,True,4,hanifi-rohingya|latin|latin-ext,Sans Serif,Google,https://fonts.google.com/specimen/Noto+Sans+Hanifi+Rohingya,https://github.com/google/fonts/tree/main/ofl/noto-sans-hanifi-rohingya,https://github.com/google/fonts/tree/main/ofl/noto-sans-hanifi-rohingya
noto-sans-hanunoo,Noto Sans Hanunoo,google-fonts,OFL,True,sans-serif,False,,False,1,hanunoo|latin|latin-ext,Sans Serif,Google,https://fonts.google.com/specimen/Noto+Sans+Hanunoo,https://github.com/google/fonts/tree/main/ofl/noto-sans-hanunoo,https://github.com/google/fonts/tree/main/ofl/noto-sans-hanunoo
noto-sans-hatran,Noto Sans Hatran,google-fonts,OFL,True,sans-serif,False,,False,1,hatran|latin|latin-ext,Sans Serif,Google,https://fonts.google.com/specimen/Noto+Sans+Hatran,https://github.com/google/fonts/tree/main/ofl/noto-sans-hatran,https://github.com/google/fonts/tree/main/ofl/noto-sans-hatran
noto-sans-hebrew,Noto Sans Hebrew,google-fonts,OFL,True,sans-serif,False,,True,9,cyrillic-ext|greek-ext|hebrew|latin|latin-ext,Sans Serif,Google,https://fonts.google.com/specimen/Noto+Sans+Hebrew,https://github.com/google/fonts/tree/main/ofl/noto-sans-hebrew,https://github.com/google/fonts/tree/main/ofl/noto-sans-hebrew
noto-sans-hk,Noto Sans HK,google-fonts,OFL,True,sans-serif,False,,True,9,chinese-hongkong|cyrillic|latin|latin-ext|vietnamese,Sans Serif,Google,https://fonts.google.com/specimen/Noto+Sans+HK,https://github.com/google/fonts/tree/main/ofl/noto-sans-hk,https://github.com/google/fonts/tree/main/ofl/noto-sans-hk
noto-sans-imperial-aramaic,Noto Sans Imperial Aramaic,google-fonts,OFL,True,sans-serif,False,,False,1,imperial-aramaic|latin|latin-ext,Sans Serif,Google,https://fonts.google.com/specimen/Noto+Sans+Imperial+Aramaic,https://github.com/google/fonts/tree/main/ofl/noto-sans-imperial-aramaic,https://github.com/google/fonts/tree/main/ofl/noto-sans-imperial-aramaic
noto-sans-indic-siyaq-numbers,Noto Sans Indic Siyaq Numbers,google-fonts,OFL,True,sans-serif,False,,False,1,indic-siyaq-numbers|latin|latin-ext,Sans Serif,Google,https://fonts.google.com/specimen/Noto+Sans+Indic+Siyaq+Numbers,https://github.com/google/fonts/tree/main/ofl/noto-sans-indic-siyaq-numbers,https://github.com/google/fonts/tree/main/ofl/noto-sans-indic-siyaq-numbers
noto-sans-inscriptional-pahlavi,Noto Sans Inscriptional Pahlavi,google-fonts,OFL,True,sans-serif,False,,False,1,inscriptional-pahlavi|latin|latin-ext,Sans Serif,Google,https://fonts.google.com/specimen/Noto+Sans+Inscriptional+Pahlavi,https://github.com/google/fonts/tree/main/ofl/noto-sans-inscriptional-pahlavi,https://github.com/google/fonts/tree/main/ofl/noto-sans-inscriptional-pahlavi
noto-sans-inscriptional-parthian,Noto Sans Inscriptional Parthian,google-fonts,OFL,True,sans-serif,False,,False,1,inscriptional-parthian|latin|latin-ext,Sans Serif,Google,https://fonts.google.com/specimen/Noto+Sans+Inscriptional+Parthian,https://github.com/google/fonts/tree/main/ofl/noto-sans-inscriptional-parthian,https://github.com/google/fonts/tree/main/ofl/noto-sans-inscriptional-parthian
noto-sans-javanese,Noto Sans Javanese,google-fonts,OFL,True,sans-serif,False,,True,4,javanese|latin|latin-ext,Sans Serif,Google,https://fonts.google.com/specimen/Noto+Sans+Javanese,https://github.com/google/fonts/tree/main/ofl/noto-sans-javanese,https://github.com/google/fonts/tree/main/ofl/noto-sans-javanese
noto-sans-jp,Noto Sans JP,google-fonts,OFL,True,sans-serif,False,,True,9,cyrillic|japanese|latin|latin-ext|vietnamese,Sans Serif,Google,https://fonts.google.com/specimen/Noto+Sans+JP,https://github.com/google/fonts/tree/main/ofl/noto-sans-jp,https://github.com/google/fonts/tree/main/ofl/noto-sans-jp
noto-sans-kaithi,Noto Sans Kaithi,google-fonts,OFL,True,sans-serif,False,,False,1,kaithi|latin|latin-ext,Sans Serif,Google,https://fonts.google.com/specimen/Noto+Sans+Kaithi,https://github.com/google/fonts/tree/main/ofl/noto-sans-kaithi,https://github.com/google/fonts/tree/main/ofl/noto-sans-kaithi
noto-sans-kannada,Noto Sans Kannada,google-fonts,OFL,True,sans-serif,False,,True,9,kannada|latin|latin-ext,Sans Serif,Google,https://fonts.google.com/specimen/Noto+Sans+Kannada,https://github.com/google/fonts/tree/main/ofl/noto-sans-kannada,https://github.com/google/fonts/tree/main/ofl/noto-sans-kannada
noto-sans-kawi,Noto Sans Kawi,google-fonts,OFL,True,sans-serif,False,,True,4,kawi|latin|latin-ext,Sans Serif,Google,https://fonts.google.com/specimen/Noto+Sans+Kawi,https://github.com/google/fonts/tree/main/ofl/noto-sans-kawi,https://github.com/google/fonts/tree/main/ofl/noto-sans-kawi
noto-sans-kayah-li,Noto Sans Kayah Li,google-fonts,OFL,True,sans-serif,False,,True,4,kayah-li|latin|latin-ext,Sans Serif,Google,https://fonts.google.com/specimen/Noto+Sans+Kayah+Li,https://github.com/google/fonts/tree/main/ofl/noto-sans-kayah-li,https://github.com/google/fonts/tree/main/ofl/noto-sans-kayah-li
noto-sans-kharoshthi,Noto Sans Kharoshthi,google-fonts,OFL,True,sans-serif,False,,False,1,kharoshthi|latin|latin-ext,Sans Serif,Google,https://fonts.google.com/specimen/Noto+Sans+Kharoshthi,https://github.com/google/fonts/tree/main/ofl/noto-sans-kharoshthi,https://github.com/google/fonts/tree/main/ofl/noto-sans-kharoshthi
noto-sans-khmer,Noto Sans Khmer,google-fonts,OFL,True,sans-serif,False,,True,9,khmer|latin|latin-ext,Sans Serif,Google,https://fonts.google.com/specimen/Noto+Sans+Khmer,https://github.com/google/fonts/tree/main/ofl/noto-sans-khmer,https://github.com/google/fonts/tree/main/ofl/noto-sans-khmer
noto-sans-khojki,Noto Sans Khojki,google-fonts,OFL,True,sans-serif,False,,False,1,khojki|latin|latin-ext,Sans Serif,Google,https://fonts.google.com/specimen/Noto+Sans+Khojki,https://github.com/google/fonts/tree/main/ofl/noto-sans-khojki,https://github.com/google/fonts/tree/main/ofl/noto-sans-khojki
noto-sans-khudawadi,Noto Sans Khudawadi,google-fonts,OFL,True,sans-serif,False,,False,1,khudawadi|latin|latin-ext,Sans Serif,Google,https://fonts.google.com/specimen/Noto+Sans+Khudawadi,https://github.com/google/fonts/tree/main/ofl/noto-sans-khudawadi,https://github.com/google/fonts/tree/main/ofl/noto-sans-khudawadi
noto-sans-kr,Noto Sans KR,google-fonts,OFL,True,sans-serif,False,,True,9,cyrillic|korean|latin|latin-ext|vietnamese,Sans Serif,Google,https://fonts.google.com/specimen/Noto+Sans+KR,https://github.com/google/fonts/tree/main/ofl/noto-sans-kr,https://github.com/google/fonts/tree/main/ofl/noto-sans-kr
noto-sans-lao,Noto Sans Lao,google-fonts,OFL,True,sans-serif,False,,True,9,lao|latin|latin-ext,Sans Serif,Google,https://fonts.google.com/specimen/Noto+Sans+Lao,https://github.com/google/fonts/tree/main/ofl/noto-sans-lao,https://github.com/google/fonts/tree/main/ofl/noto-sans-lao
noto-sans-lao-looped,Noto Sans Lao Looped,google-fonts,OFL,True,sans-serif,False,,True,9,lao|latin|latin-ext,Sans Serif,Google,https://fonts.google.com/specimen/Noto+Sans+Lao+Looped,https://github.com/google/fonts/tree/main/ofl/noto-sans-lao-looped,https://github.com/google/fonts/tree/main/ofl/noto-sans-lao-looped
noto-sans-lepcha,Noto Sans Lepcha,google-fonts,OFL,True,sans-serif,False,,False,1,latin|latin-ext|lepcha,Sans Serif,Google,https://fonts.google.com/specimen/Noto+Sans+Lepcha,https://github.com/google/fonts/tree/main/ofl/noto-sans-lepcha,https://github.com/google/fonts/tree/main/ofl/noto-sans-lepcha
noto-sans-limbu,Noto Sans Limbu,google-fonts,OFL,True,sans-serif,False,,False,1,latin|latin-ext|limbu,Sans Serif,Google,https://fonts.google.com/specimen/Noto+Sans+Limbu,https://github.com/google/fonts/tree/main/ofl/noto-sans-limbu,https://github.com/google/fonts/tree/main/ofl/noto-sans-limbu
noto-sans-linear-a,Noto Sans Linear A,google-fonts,OFL,True,sans-serif,False,,False,1,latin|latin-ext|linear-a,Sans Serif,Google,https://fonts.google.com/specimen/Noto+Sans+Linear+A,https://github.com/google/fonts/tree/main/ofl/noto-sans-linear-a,https://github.com/google/fonts/tree/main/ofl/noto-sans-linear-a
noto-sans-linear-b,Noto Sans Linear B,google-fonts,OFL,True,sans-serif,False,,False,1,latin|latin-ext|linear-b,Sans Serif,Google,https://fonts.google.com/specimen/Noto+Sans+Linear+B,https://github.com/google/fonts/tree/main/ofl/noto-sans-linear-b,https://github.com/google/fonts/tree/main/ofl/noto-sans-linear-b
noto-sans-lisu,Noto Sans Lisu,google-fonts,OFL,True,sans-serif,False,,True,4,latin|latin-ext|lisu,Sans Serif,Google,https://fonts.google.com/specimen/Noto+Sans+Lisu,https://github.com/google/fonts/tree/main/ofl/noto-sans-lisu,https://github.com/google/fonts/tree/main/ofl/noto-sans-lisu
noto-sans-lycian,Noto Sans Lycian,google-fonts,OFL,True,sans-serif,False,,False,1,lycian,Sans Serif,Google,https://fonts.google.com/specimen/Noto+Sans+Lycian,https://github.com/google/fonts/tree/main/ofl/noto-sans-lycian,https://github.com/google/fonts/tree/main/ofl/noto-sans-lycian
noto-sans-lydian,Noto Sans Lydian,google-fonts,OFL,True,sans-serif,False,,False,1,latin|latin-ext|lydian,Sans Serif,Google,https://fonts.google.com/specimen/Noto+Sans+Lydian,https://github.com/google/fonts/tree/main/ofl/noto-sans-lydian,https://github.com/google/fonts/tree/main/ofl/noto-sans-lydian
noto-sans-mahajani,Noto Sans Mahajani,google-fonts,OFL,True,sans-serif,False,,False,1,latin|latin-ext|mahajani,Sans Serif,Google,https://fonts.google.com/specimen/Noto+Sans+Mahajani,https://github.com/google/fonts/tree/main/ofl/noto-sans-mahajani,https://github.com/google/fonts/tree/main/ofl/noto-sans-mahajani
noto-sans-malayalam,Noto Sans Malayalam,google-fonts,OFL,True,sans-serif,False,,True,9,latin|latin-ext|malayalam,Sans Serif,Google,https://fonts.google.com/specimen/Noto+Sans+Malayalam,https://github.com/google/fonts/tree/main/ofl/noto-sans-malayalam,https://github.com/google/fonts/tree/main/ofl/noto-sans-malayalam
noto-sans-mandaic,Noto Sans Mandaic,google-fonts,OFL,True,sans-serif,False,,False,1,latin|latin-ext|mandaic,Sans Serif,Google,https://fonts.google.com/specimen/Noto+Sans+Mandaic,https://github.com/google/fonts/tree/main/ofl/noto-sans-mandaic,https://github.com/google/fonts/tree/main/ofl/noto-sans-mandaic
noto-sans-manichaean,Noto Sans Manichaean,google-fonts,OFL,True,sans-serif,False,,False,1,latin|latin-ext|manichaean,Sans Serif,Google,https://fonts.google.com/specimen/Noto+Sans+Manichaean,https://github.com/google/fonts/tree/main/ofl/noto-sans-manichaean,https://github.com/google/fonts/tree/main/ofl/noto-sans-manichaean
noto-sans-marchen,Noto Sans Marchen,google-fonts,OFL,True,sans-serif,False,,False,1,latin|latin-ext|marchen,Sans Serif,Google,https://fonts.google.com/specimen/Noto+Sans+Marchen,https://github.com/google/fonts/tree/main/ofl/noto-sans-marchen,https://github.com/google/fonts/tree/main/ofl/noto-sans-marchen
noto-sans-masaram-gondi,Noto Sans Masaram Gondi,google-fonts,OFL,True,sans-serif,False,,False,1,latin|latin-ext|masaram-gondi,Sans Serif,Google,https://fonts.google.com/specimen/Noto+Sans+Masaram+Gondi,https://github.com/google/fonts/tree/main/ofl/noto-sans-masaram-gondi,https://github.com/google/fonts/tree/main/ofl/noto-sans-masaram-gondi
noto-sans-math,Noto Sans Math,google-fonts,OFL,True,sans-serif,False,,False,1,,Sans Serif,Google,https://fonts.google.com/specimen/Noto+Sans+Math,https://github.com/google/fonts/tree/main/ofl/noto-sans-math,https://github.com/google/fonts/tree/main/ofl/noto-sans-math
noto-sans-mayan-numerals,Noto Sans Mayan Numerals,google-fonts,OFL,True,sans-serif,False,,False,1,latin|latin-ext|mayan-numerals,Sans Serif,Google,https://fonts.google.com/specimen/Noto+Sans+Mayan+Numerals,https://github.com/google/fonts/tree/main/ofl/noto-sans-mayan-numerals,https://github.com/google/fonts/tree/main/ofl/noto-sans-mayan-numerals
noto-sans-medefaidrin,Noto Sans Medefaidrin,google-fonts,OFL,True,sans-serif,False,,True,4,latin|latin-ext|medefaidrin,Sans Serif,Google,https://fonts.google.com/specimen/Noto+Sans+Medefaidrin,https://github.com/google/fonts/tree/main/ofl/noto-sans-medefaidrin,https://github.com/google/fonts/tree/main/ofl/noto-sans-medefaidrin
noto-sans-meetei-mayek,Noto Sans Meetei Mayek,google-fonts,OFL,True,sans-serif,False,,True,9,latin|latin-ext|meetei-mayek,Sans Serif,Google,https://fonts.google.com/specimen/Noto+Sans+Meetei+Mayek,https://github.com/google/fonts/tree/main/ofl/noto-sans-meetei-mayek,https://github.com/google/fonts/tree/main/ofl/noto-sans-meetei-mayek
noto-sans-mende-kikakui,Noto Sans Mende Kikakui,google-fonts,OFL,True,sans-serif,False,,False,1,latin|latin-ext|mende-kikakui,Sans Serif,Google,https://fonts.google.com/specimen/Noto+Sans+Mende+Kikakui,https://github.com/google/fonts/tree/main/ofl/noto-sans-mende-kikakui,https://github.com/google/fonts/tree/main/ofl/noto-sans-mende-kikakui
noto-sans-meroitic,Noto Sans Meroitic,google-fonts,OFL,True,sans-serif,False,,False,1,latin|latin-ext|meroitic|meroitic-cursive|meroitic-hieroglyphs,Sans Serif,Google,https://fonts.google.com/specimen/Noto+Sans+Meroitic,https://github.com/google/fonts/tree/main/ofl/noto-sans-meroitic,https://github.com/google/fonts/tree/main/ofl/noto-sans-meroitic
noto-sans-miao,Noto Sans Miao,google-fonts,OFL,True,sans-serif,False,,False,1,latin|latin-ext|miao,Sans Serif,Google,https://fonts.google.com/specimen/Noto+Sans+Miao,https://github.com/google/fonts/tree/main/ofl/noto-sans-miao,https://github.com/google/fonts/tree/main/ofl/noto-sans-miao
noto-sans-modi,Noto Sans Modi,google-fonts,OFL,True,sans-serif,False,,False,1,latin|latin-ext|modi,Sans Serif,Google,https://fonts.google.com/specimen/Noto+Sans+Modi,https://github.com/google/fonts/tree/main/ofl/noto-sans-modi,https://github.com/google/fonts/tree/main/ofl/noto-sans-modi
noto-sans-mongolian,Noto Sans Mongolian,google-fonts,OFL,True,sans-serif,False,,False,1,latin|latin-ext|math|mongolian|symbols,Sans Serif,Google,https://fonts.google.com/specimen/Noto+Sans+Mongolian,https://github.com/google/fonts/tree/main/ofl/noto-sans-mongolian,https://github.com/google/fonts/tree/main/ofl/noto-sans-mongolian
noto-sans-mono,Noto Sans Mono,google-fonts,OFL,True,sans-serif,False,,True,9,cyrillic|cyrillic-ext|greek|greek-ext|latin|latin-ext|vietnamese,Sans Serif|developer|icons|nerd-font,Google,https://fonts.google.com/specimen/Noto+Sans+Mono,https://github.com/google/fonts/tree/main/ofl/noto-sans-mono,https://github.com/google/fonts/tree/main/ofl/noto-sans-mono
noto-sans-mro,Noto Sans Mro,google-fonts,OFL,True,sans-serif,False,,False,1,latin|latin-ext|mro,Sans Serif,Google,https://fonts.google.com/specimen/Noto+Sans+Mro,https://github.com/google/fonts/tree/main/ofl/noto-sans-mro,https://github.com/google/fonts/tree/main/ofl/noto-sans-mro
noto-sans-multani,Noto Sans Multani,google-fonts,OFL,True,sans-serif,False,,False,1,latin|latin-ext|multani,Sans Serif,Google,https://fonts.google.com/specimen/Noto+Sans+Multani,https://github.com/google/fonts/tree/main/ofl/noto-sans-multani,https://github.com/google/fonts/tree/main/ofl/noto-sans-multani
noto-sans-myanmar,Noto Sans Myanmar,google-fonts,OFL,True,sans-serif,False,,True,9,latin|latin-ext|myanmar,Sans Serif,Google,https://fonts.google.com/specimen/Noto+Sans+Myanmar,https://github.com/google/fonts/tree/main/ofl/noto-sans-myanmar,https://github.com/google/fonts/tree/main/ofl/noto-sans-myanmar
noto-sans-nabataean,Noto Sans Nabataean,google-fonts,OFL,True,sans-serif,False,,False,1,latin|latin-ext|nabataean,Sans Serif,Google,https://fonts.google.com/specimen/Noto+Sans+Nabataean,https://github.com/google/fonts/tree/main/ofl/noto-sans-nabataean,https://github.com/google/fonts/tree/main/ofl/noto-sans-nabataean
noto-sans-nag-mundari,Noto Sans Nag Mundari,google-fonts,OFL,True,sans-serif,False,,True,4,latin|latin-ext|nag-mundari,Sans Serif,Google,https://fonts.google.com/specimen/Noto+Sans+Nag+Mundari,https://github.com/google/fonts/tree/main/ofl/noto-sans-nag-mundari,https://github.com/google/fonts/tree/main/ofl/noto-sans-nag-mundari
noto-sans-nandinagari,Noto Sans Nandinagari,google-fonts,OFL,True,sans-serif,False,,False,1,latin|latin-ext|nandinagari,Sans Serif,Google,https://fonts.google.com/specimen/Noto+Sans+Nandinagari,https://github.com/google/fonts/tree/main/ofl/noto-sans-nandinagari,https://github.com/google/fonts/tree/main/ofl/noto-sans-nandinagari
noto-sans-new-tai-lue,Noto Sans New Tai Lue,google-fonts,OFL,True,sans-serif,False,,True,4,latin|latin-ext|new-tai-lue,Sans Serif,Google,https://fonts.google.com/specimen/Noto+Sans+New+Tai+Lue,https://github.com/google/fonts/tree/main/ofl/noto-sans-new-tai-lue,https://github.com/google/fonts/tree/main/ofl/noto-sans-new-tai-lue
noto-sans-newa,Noto Sans Newa,google-fonts,OFL,True,sans-serif,False,,False,1,latin|latin-ext|newa,Sans Serif,Google,https://fonts.google.com/specimen/Noto+Sans+Newa,https://github.com/google/fonts/tree/main/ofl/noto-sans-newa,https://github.com/google/fonts/tree/main/ofl/noto-sans-newa
noto-sans-nko,Noto Sans NKo,google-fonts,OFL,True,sans-serif,False,,False,1,latin|latin-ext|nko,Sans Serif,Google,https://fonts.google.com/specimen/Noto+Sans+NKo,https://github.com/google/fonts/tree/main/ofl/noto-sans-nko,https://github.com/google/fonts/tree/main/ofl/noto-sans-nko
noto-sans-nko-unjoined,Noto Sans NKo Unjoined,google-fonts,OFL,True,sans-serif,False,,True,4,latin|latin-ext|nko,Sans Serif,Google,https://fonts.google.com/specimen/Noto+Sans+NKo+Unjoined,https://github.com/google/fonts/tree/main/ofl/noto-sans-nko-unjoined,https://github.com/google/fonts/tree/main/ofl/noto-sans-nko-unjoined
noto-sans-nushu,Noto Sans Nushu,google-fonts,OFL,True,sans-serif,False,,False,1,latin|latin-ext|nushu,Sans Serif,Google,https://fonts.google.com/specimen/Noto+Sans+Nushu,https://github.com/google/fonts/tree/main/ofl/noto-sans-nushu,https://github.com/google/fonts/tree/main/ofl/noto-sans-nushu
noto-sans-ogham,Noto Sans Ogham,google-fonts,OFL,True,sans-serif,False,,False,1,latin|latin-ext|ogham,Sans Serif,Google,https://fonts.google.com/specimen/Noto+Sans+Ogham,https://github.com/google/fonts/tree/main/ofl/noto-sans-ogham,https://github.com/google/fonts/tree/main/ofl/noto-sans-ogham
noto-sans-ol-chiki,Noto Sans Ol Chiki,google-fonts,OFL,True,sans-serif,False,,True,4,latin|latin-ext|ol-chiki,Sans Serif,Google,https://fonts.google.com/specimen/Noto+Sans+Ol+Chiki,https://github.com/google/fonts/tree/main/ofl/noto-sans-ol-chiki,https://github.com/google/fonts/tree/main/ofl/noto-sans-ol-chiki
noto-sans-old-hungarian,Noto Sans Old Hungarian,google-fonts,OFL,True,sans-serif,False,,False,1,latin|latin-ext|old-hungarian,Sans Serif,Google,https://fonts.google.com/specimen/Noto+Sans+Old+Hungarian,https://github.com/google/fonts/tree/main/ofl/noto-sans-old-hungarian,https://github.com/google/fonts/tree/main/ofl/noto-sans-old-hungarian
noto-sans-old-italic,Noto Sans Old Italic,google-fonts,OFL,True,sans-serif,False,,False,1,latin|latin-ext|old-italic,Sans Serif,Google,https://fonts.google.com/specimen/Noto+Sans+Old+Italic,https://github.com/google/fonts/tree/main/ofl/noto-sans-old-italic,https://github.com/google/fonts/tree/main/ofl/noto-sans-old-italic
noto-sans-old-north-arabian,Noto Sans Old North Arabian,google-fonts,OFL,True,sans-serif,False,,False,1,latin|latin-ext|old-north-arabian,Sans Serif,Google,https://fonts.google.com/specimen/Noto+Sans+Old+North+Arabian,https://github.com/google/fonts/tree/main/ofl/noto-sans-old-north-arabian,https://github.com/google/fonts/tree/main/ofl/noto-sans-old-north-arabian
noto-sans-old-permic,Noto Sans Old Permic,google-fonts,OFL,True,sans-serif,False,,False,1,cyrillic-ext|latin|latin-ext|old-permic,Sans Serif,Google,https://fonts.google.com/specimen/Noto+Sans+Old+Permic,https://github.com/google/fonts/tree/main/ofl/noto-sans-old-permic,https://github.com/google/fonts/tree/main/ofl/noto-sans-old-permic
noto-sans-old-persian,Noto Sans Old Persian,google-fonts,OFL,True,sans-serif,False,,False,1,latin|latin-ext|old-persian,Sans Serif,Google,https://fonts.google.com/specimen/Noto+Sans+Old+Persian,https://github.com/google/fonts/tree/main/ofl/noto-sans-old-persian,https://github.com/google/fonts/tree/main/ofl/noto-sans-old-persian
noto-sans-old-sogdian,Noto Sans Old Sogdian,google-fonts,OFL,True,sans-serif,False,,False,1,latin|latin-ext|old-sogdian,Sans Serif,Google,https://fonts.google.com/specimen/Noto+Sans+Old+Sogdian,https://github.com/google/fonts/tree/main/ofl/noto-sans-old-sogdian,https://github.com/google/fonts/tree/main/ofl/noto-sans-old-sogdian
noto-sans-old-south-arabian,Noto Sans Old South Arabian,google-fonts,OFL,True,sans-serif,False,,False,1,latin|latin-ext|old-south-arabian,Sans Serif,Google,https://fonts.google.com/specimen/Noto+Sans+Old+South+Arabian,https://github.com/google/fonts/tree/main/ofl/noto-sans-old-south-arabian,https://github.com/google/fonts/tree/main/ofl/noto-sans-old-south-arabian
noto-sans-old-turkic,Noto Sans Old Turkic,google-fonts,OFL,True,sans-serif,False,,False,1,latin|latin-ext|old-turkic,Sans Serif,Google,https://fonts.google.com/specimen/Noto+Sans+Old+Turkic,https://github.com/google/fonts/tree/main/ofl/noto-sans-old-turkic,https://github.com/google/fonts/tree/main/ofl/noto-sans-old-turkic
noto-sans-oriya,Noto Sans Oriya,google-fonts,OFL,True,sans-serif,False,,True,9,latin|latin-ext|oriya,Sans Serif,Google,https://fonts.google.com/specimen/Noto+Sans+Oriya,https://github.com/google/fonts/tree/main/ofl/noto-sans-oriya,https://github.com/google/fonts/tree/main/ofl/noto-sans-oriya
noto-sans-osage,Noto Sans Osage,google-fonts,OFL,True,sans-serif,False,,False,1,latin|latin-ext|osage,Sans Serif,Google,https://fonts.google.com/specimen/Noto+Sans+Osage,https://github.com/google/fonts/tree/main/ofl/noto-sans-osage,https://github.com/google/fonts/tree/main/ofl/noto-sans-osage
noto-sans-osmanya,Noto Sans Osmanya,google-fonts,OFL,True,sans-serif,False,,False,1,latin|latin-ext|osmanya,Sans Serif,Google,https://fonts.google.com/specimen/Noto+Sans+Osmanya,https://github.com/google/fonts/tree/main/ofl/noto-sans-osmanya,https://github.com/google/fonts/tree/main/ofl/noto-sans-osmanya
noto-sans-pahawh-hmong,Noto Sans Pahawh Hmong,google-fonts,OFL,True,sans-serif,False,,False,1,latin|latin-ext|pahawh-hmong,Sans Serif,Google,https://fonts.google.com/specimen/Noto+Sans+Pahawh+Hmong,https://github.com/google/fonts/tree/main/ofl/noto-sans-pahawh-hmong,https://github.com/google/fonts/tree/main/ofl/noto-sans-pahawh-hmong
noto-sans-palmyrene,Noto Sans Palmyrene,google-fonts,OFL,True,sans-serif,False,,False,1,latin|latin-ext|palmyrene,Sans Serif,Google,https://fonts.google.com/specimen/Noto+Sans+Palmyrene,https://github.com/google/fonts/tree/main/ofl/noto-sans-palmyrene,https://github.com/google/fonts/tree/main/ofl/noto-sans-palmyrene
noto-sans-pau-cin-hau,Noto Sans Pau Cin Hau,google-fonts,OFL,True,sans-serif,False,,False,1,latin|latin-ext|pau-cin-hau,Sans Serif,Google,https://fonts.google.com/specimen/Noto+Sans+Pau+Cin+Hau,https://github.com/google/fonts/tree/main/ofl/noto-sans-pau-cin-hau,https://github.com/google/fonts/tree/main/ofl/noto-sans-pau-cin-hau
noto-sans-phagspa,Noto Sans PhagsPa,google-fonts,OFL,True,sans-serif,False,,False,1,latin|latin-ext|math|phags-pa|symbols,Sans Serif,Google,https://fonts.google.com/specimen/Noto+Sans+PhagsPa,https://github.com/google/fonts/tree/main/ofl/noto-sans-phagspa,https://github.com/google/fonts/tree/main/ofl/noto-sans-phagspa
noto-sans-phoenician,Noto Sans Phoenician,google-fonts,OFL,True,sans-serif,False,,False,1,latin|latin-ext|phoenician,Sans Serif,Google,https://fonts.google.com/specimen/Noto+Sans+Phoenician,https://github.com/google/fonts/tree/main/ofl/noto-sans-phoenician,https://github.com/google/fonts/tree/main/ofl/noto-sans-phoenician
noto-sans-psalter-pahlavi,Noto Sans Psalter Pahlavi,google-fonts,OFL,True,sans-serif,False,,False,1,latin|latin-ext|psalter-pahlavi,Sans Serif,Google,https://fonts.google.com/specimen/Noto+Sans+Psalter+Pahlavi,https://github.com/google/fonts/tree/main/ofl/noto-sans-psalter-pahlavi,https://github.com/google/fonts/tree/main/ofl/noto-sans-psalter-pahlavi
noto-sans-rejang,Noto Sans Rejang,google-fonts,OFL,True,sans-serif,False,,False,1,latin|latin-ext|rejang,Sans Serif,Google,https://fonts.google.com/specimen/Noto+Sans+Rejang,https://github.com/google/fonts/tree/main/ofl/noto-sans-rejang,https://github.com/google/fonts/tree/main/ofl/noto-sans-rejang
noto-sans-runic,Noto Sans Runic,google-fonts,OFL,True,sans-serif,False,,False,1,latin|latin-ext|runic,Sans Serif,Google,https://fonts.google.com/specimen/Noto+Sans+Runic,https://github.com/google/fonts/tree/main/ofl/noto-sans-runic,https://github.com/google/fonts/tree/main/ofl/noto-sans-runic
noto-sans-samaritan,Noto Sans Samaritan,google-fonts,OFL,True,sans-serif,False,,False,1,latin|latin-ext|samaritan,Sans Serif,Google,https://fonts.google.com/specimen/Noto+Sans+Samaritan,https://github.com/google/fonts/tree/main/ofl/noto-sans-samaritan,https://github.com/google/fonts/tree/main/ofl/noto-sans-samaritan
noto-sans-saurashtra,Noto Sans Saurashtra,google-fonts,OFL,True,sans-serif,False,,False,1,latin|latin-ext|saurashtra,Sans Serif,Google,https://fonts.google.com/specimen/Noto+Sans+Saurashtra,https://github.com/google/fonts/tree/main/ofl/noto-sans-saurashtra,https://github.com/google/fonts/tree/main/ofl/noto-sans-saurashtra
noto-sans-sc,Noto Sans SC,google-fonts,OFL,True,sans-serif,False,,True,9,chinese-simplified|cyrillic|latin|latin-ext|vietnamese,Sans Serif,Google,https://fonts.google.com/specimen/Noto+Sans+SC,https://github.com/google/fonts/tree/main/ofl/noto-sans-sc,https://github.com/google/fonts/tree/main/ofl/noto-sans-sc
noto-sans-sharada,Noto Sans Sharada,google-fonts,OFL,True,sans-serif,False,,False,1,latin|latin-ext|sharada,Sans Serif,Google,https://fonts.google.com/specimen/Noto+Sans+Sharada,https://github.com/google/fonts/tree/main/ofl/noto-sans-sharada,https://github.com/google/fonts/tree/main/ofl/noto-sans-sharada
noto-sans-shavian,Noto Sans Shavian,google-fonts,OFL,True,sans-serif,False,,False,1,latin|latin-ext|shavian,Sans Serif,Google,https://fonts.google.com/specimen/Noto+Sans+Shavian,https://github.com/google/fonts/tree/main/ofl/noto-sans-shavian,https://github.com/google/fonts/tree/main/ofl/noto-sans-shavian
noto-sans-siddham,Noto Sans Siddham,google-fonts,OFL,True,sans-serif,False,,False,1,latin|latin-ext|siddham,Sans Serif,Google,https://fonts.google.com/specimen/Noto+Sans+Siddham,https://github.com/google/fonts/tree/main/ofl/noto-sans-siddham,https://github.com/google/fonts/tree/main/ofl/noto-sans-siddham
noto-sans-signwriting,Noto Sans SignWriting,google-fonts,OFL,True,sans-serif,False,,False,1,latin|latin-ext|signwriting,Sans Serif,Google,https://fonts.google.com/specimen/Noto+Sans+SignWriting,https://github.com/google/fonts/tree/main/ofl/noto-sans-signwriting,https://github.com/google/fonts/tree/main/ofl/noto-sans-signwriting
noto-sans-sinhala,Noto Sans Sinhala,google-fonts,OFL,True,sans-serif,False,,True,9,latin|latin-ext|sinhala,Sans Serif,Google,https://fonts.google.com/specimen/Noto+Sans+Sinhala,https://github.com/google/fonts/tree/main/ofl/noto-sans-sinhala,https://github.com/google/fonts/tree/main/ofl/noto-sans-sinhala
noto-sans-sogdian,Noto Sans Sogdian,google-fonts,OFL,True,sans-serif,False,,False,1,latin|latin-ext|sogdian,Sans Serif,Google,https://fonts.google.com/specimen/Noto+Sans+Sogdian,https://github.com/google/fonts/tree/main/ofl/noto-sans-sogdian,https://github.com/google/fonts/tree/main/ofl/noto-sans-sogdian
noto-sans-sora-sompeng,Noto Sans Sora Sompeng,google-fonts,OFL,True,sans-serif,False,,True,4,latin|latin-ext|sora-sompeng,Sans Serif,Google,https://fonts.google.com/specimen/Noto+Sans+Sora+Sompeng,https://github.com/google/fonts/tree/main/ofl/noto-sans-sora-sompeng,https://github.com/google/fonts/tree/main/ofl/noto-sans-sora-sompeng
noto-sans-soyombo,Noto Sans Soyombo,google-fonts,OFL,True,sans-serif,False,,False,1,latin|latin-ext|soyombo,Sans Serif,Google,https://fonts.google.com/specimen/Noto+Sans+Soyombo,https://github.com/google/fonts/tree/main/ofl/noto-sans-soyombo,https://github.com/google/fonts/tree/main/ofl/noto-sans-soyombo
noto-sans-sundanese,Noto Sans Sundanese,google-fonts,OFL,True,sans-serif,False,,True,4,latin|latin-ext|sundanese,Sans Serif,Google,https://fonts.google.com/specimen/Noto+Sans+Sundanese,https://github.com/google/fonts/tree/main/ofl/noto-sans-sundanese,https://github.com/google/fonts/tree/main/ofl/noto-sans-sundanese
noto-sans-sunuwar,Noto Sans Sunuwar,google-fonts,OFL,True,sans-serif,False,,False,1,latin|latin-ext|sunuwar,Sans Serif,Google,https://fonts.google.com/specimen/Noto+Sans+Sunuwar,https://github.com/google/fonts/tree/main/ofl/noto-sans-sunuwar,https://github.com/google/fonts/tree/main/ofl/noto-sans-sunuwar
noto-sans-syloti-nagri,Noto Sans Syloti Nagri,google-fonts,OFL,True,sans-serif,False,,False,1,latin|latin-ext|syloti-nagri,Sans Serif,Google,https://fonts.google.com/specimen/Noto+Sans+Syloti+Nagri,https://github.com/google/fonts/tree/main/ofl/noto-sans-syloti-nagri,https://github.com/google/fonts/tree/main/ofl/noto-sans-syloti-nagri
noto-sans-symbols,Noto Sans Symbols,google-fonts,OFL,True,sans-serif,False,,True,9,latin|latin-ext|symbols,Sans Serif,Google,https://fonts.google.com/specimen/Noto+Sans+Symbols,https://github.com/google/fonts/tree/main/ofl/noto-sans-symbols,https://github.com/google/fonts/tree/main/ofl/noto-sans-symbols
noto-sans-symbols-2,Noto Sans Symbols 2,google-fonts,OFL,True,sans-serif,False,,False,1,braille|latin|latin-ext|math|mayan-numerals|symbols,Sans Serif,Google,https://fonts.google.com/specimen/Noto+Sans+Symbols+2,https://github.com/google/fonts/tree/main/ofl/noto-sans-symbols-2,https://github.com/google/fonts/tree/main/ofl/noto-sans-symbols-2
noto-sans-syriac,Noto Sans Syriac,google-fonts,OFL,True,sans-serif,False,,True,9,latin|latin-ext|syriac,Sans Serif,Google,https://fonts.google.com/specimen/Noto+Sans+Syriac,https://github.com/google/fonts/tree/main/ofl/noto-sans-syriac,https://github.com/google/fonts/tree/main/ofl/noto-sans-syriac
noto-sans-syriac-eastern,Noto Sans Syriac Eastern,google-fonts,OFL,True,sans-serif,False,,True,9,latin|latin-ext|syriac,Sans Serif,Google,https://fonts.google.com/specimen/Noto+Sans+Syriac+Eastern,https://github.com/google/fonts/tree/main/ofl/noto-sans-syriac-eastern,https://github.com/google/fonts/tree/main/ofl/noto-sans-syriac-eastern
noto-sans-syriac-western,Noto Sans Syriac Western,google-fonts,OFL,True,sans-serif,False,,True,9,latin|latin-ext|syriac,Sans Serif,Google,https://fonts.google.com/specimen/Noto+Sans+Syriac+Western,https://github.com/google/fonts/tree/main/ofl/noto-sans-syriac-western,https://github.com/google/fonts/tree/main/ofl/noto-sans-syriac-western
noto-sans-tagalog,Noto Sans Tagalog,google-fonts,OFL,True,sans-serif,False,,False,1,latin|latin-ext|tagalog,Sans Serif,Google,https://fonts.google.com/specimen/Noto+Sans+Tagalog,https://github.com/google/fonts/tree/main/ofl/noto-sans-tagalog,https://github.com/google/fonts/tree/main/ofl/noto-sans-tagalog
noto-sans-tagbanwa,Noto Sans Tagbanwa,google-fonts,OFL,True,sans-serif,False,,False,1,latin|latin-ext|tagbanwa,Sans Serif,Google,https://fonts.google.com/specimen/Noto+Sans+Tagbanwa,https://github.com/google/fonts/tree/main/ofl/noto-sans-tagbanwa,https://github.com/google/fonts/tree/main/ofl/noto-sans-tagbanwa
noto-sans-tai-le,Noto Sans Tai Le,google-fonts,OFL,True,sans-serif,False,,False,1,latin|latin-ext|tai-le,Sans Serif,Google,https://fonts.google.com/specimen/Noto+Sans+Tai+Le,https://github.com/google/fonts/tree/main/ofl/noto-sans-tai-le,https://github.com/google/fonts/tree/main/ofl/noto-sans-tai-le
noto-sans-tai-tham,Noto Sans Tai Tham,google-fonts,OFL,True,sans-serif,False,,True,4,latin|latin-ext|tai-tham,Sans Serif,Google,https://fonts.google.com/specimen/Noto+Sans+Tai+Tham,https://github.com/google/fonts/tree/main/ofl/noto-sans-tai-tham,https://github.com/google/fonts/tree/main/ofl/noto-sans-tai-tham
noto-sans-tai-viet,Noto Sans Tai Viet,google-fonts,OFL,True,sans-serif,False,,False,1,latin|latin-ext|tai-viet,Sans Serif,Google,https://fonts.google.com/specimen/Noto+Sans+Tai+Viet,https://github.com/google/fonts/tree/main/ofl/noto-sans-tai-viet,https://github.com/google/fonts/tree/main/ofl/noto-sans-tai-viet
noto-sans-takri,Noto Sans Takri,google-fonts,OFL,True,sans-serif,False,,False,1,latin|latin-ext|takri,Sans Serif,Google,https://fonts.google.com/specimen/Noto+Sans+Takri,https://github.com/google/fonts/tree/main/ofl/noto-sans-takri,https://github.com/google/fonts/tree/main/ofl/noto-sans-takri
noto-sans-tamil,Noto Sans Tamil,google-fonts,OFL,True,sans-serif,False,,True,9,latin|latin-ext|tamil,Sans Serif,Google,https://fonts.google.com/specimen/Noto+Sans+Tamil,https://github.com/google/fonts/tree/main/ofl/noto-sans-tamil,https://github.com/google/fonts/tree/main/ofl/noto-sans-tamil
noto-sans-tamil-supplement,Noto Sans Tamil Supplement,google-fonts,OFL,True,sans-serif,False,,False,1,latin|latin-ext|tamil-supplement,Sans Serif,Google,https://fonts.google.com/specimen/Noto+Sans+Tamil+Supplement,https://github.com/google/fonts/tree/main/ofl/noto-sans-tamil-supplement,https://github.com/google/fonts/tree/main/ofl/noto-sans-tamil-supplement
noto-sans-tangsa,Noto Sans Tangsa,google-fonts,OFL,True,sans-serif,False,,True,4,latin|latin-ext|tangsa,Sans Serif,Google,https://fonts.google.com/specimen/Noto+Sans+Tangsa,https://github.com/google/fonts/tree/main/ofl/noto-sans-tangsa,https://github.com/google/fonts/tree/main/ofl/noto-sans-tangsa
noto-sans-tc,Noto Sans TC,google-fonts,OFL,True,sans-serif,False,,True,9,chinese-traditional|cyrillic|latin|latin-ext|vietnamese,Sans Serif,Google,https://fonts.google.com/specimen/Noto+Sans+TC,https://github.com/google/fonts/tree/main/ofl/noto-sans-tc,https://github.com/google/fonts/tree/main/ofl/noto-sans-tc
noto-sans-telugu,Noto Sans Telugu,google-fonts,OFL,True,sans-serif,False,,True,9,latin|latin-ext|telugu,Sans Serif,Google,https://fonts.google.com/specimen/Noto+Sans+Telugu,https://github.com/google/fonts/tree/main/ofl/noto-sans-telugu,https://github.com/google/fonts/tree/main/ofl/noto-sans-telugu
noto-sans-thaana,Noto Sans Thaana,google-fonts,OFL,True,sans-serif,False,,True,9,latin|latin-ext|thaana,Sans Serif,Google,https://fonts.google.com/specimen/Noto+Sans+Thaana,https://github.com/google/fonts/tree/main/ofl/noto-sans-thaana,https://github.com/google/fonts/tree/main/ofl/noto-sans-thaana
noto-sans-thai,Noto Sans Thai,google-fonts,OFL,True,sans-serif,False,,True,9,latin|latin-ext|thai,Sans Serif,Google,https://fonts.google.com/specimen/Noto+Sans+Thai,https://github.com/google/fonts/tree/main/ofl/noto-sans-thai,https://github.com/google/fonts/tree/main/ofl/noto-sans-thai
noto-sans-thai-looped,Noto Sans Thai Looped,google-fonts,OFL,True,sans-serif,False,,True,9,latin|latin-ext|thai,Sans Serif,Google,https://fonts.google.com/specimen/Noto+Sans+Thai+Looped,https://github.com/google/fonts/tree/main/ofl/noto-sans-thai-looped,https://github.com/google/fonts/tree/main/ofl/noto-sans-thai-looped
noto-sans-tifinagh,Noto Sans Tifinagh,google-fonts,OFL,True,sans-serif,False,,False,1,latin|latin-ext|tifinagh,Sans Serif,Google,https://fonts.google.com/specimen/Noto+Sans+Tifinagh,https://github.com/google/fonts/tree/main/ofl/noto-sans-tifinagh,https://github.com/google/fonts/tree/main/ofl/noto-sans-tifinagh
noto-sans-tirhuta,Noto Sans Tirhuta,google-fonts,OFL,True,sans-serif,False,,False,1,latin|latin-ext|tirhuta,Sans Serif,Google,https://fonts.google.com/specimen/Noto+Sans+Tirhuta,https://github.com/google/fonts/tree/main/ofl/noto-sans-tirhuta,https://github.com/google/fonts/tree/main/ofl/noto-sans-tirhuta
noto-sans-ugaritic,Noto Sans Ugaritic,google-fonts,OFL,True,sans-serif,False,,False,1,latin|latin-ext|ugaritic,Sans Serif,Google,https://fonts.google.com/specimen/Noto+Sans+Ugaritic,https://github.com/google/fonts/tree/main/ofl/noto-sans-ugaritic,https://github.com/google/fonts/tree/main/ofl/noto-sans-ugaritic
noto-sans-vai,Noto Sans Vai,google-fonts,OFL,True,sans-serif,False,,False,1,latin|latin-ext|vai,Sans Serif,Google,https://fonts.google.com/specimen/Noto+Sans+Vai,https://github.com/google/fonts/tree/main/ofl/noto-sans-vai,https://github.com/google/fonts/tree/main/ofl/noto-sans-vai
noto-sans-vithkuqi,Noto Sans Vithkuqi,google-fonts,OFL,True,sans-serif,False,,True,4,latin|latin-ext|vithkuqi,Sans Serif,Google,https://fonts.google.com/specimen/Noto+Sans+Vithkuqi,https://github.com/google/fonts/tree/main/ofl/noto-sans-vithkuqi,https://github.com/google/fonts/tree/main/ofl/noto-sans-vithkuqi
noto-sans-wancho,Noto Sans Wancho,google-fonts,OFL,True,sans-serif,False,,False,1,latin|latin-ext|wancho,Sans Serif,Google,https://fonts.google.com/specimen/Noto+Sans+Wancho,https://github.com/google/fonts/tree/main/ofl/noto-sans-wancho,https://github.com/google/fonts/tree/main/ofl/noto-sans-wancho
noto-sans-warang-citi,Noto Sans Warang Citi,google-fonts,OFL,True,sans-serif,False,,False,1,latin|latin-ext|warang-citi,Sans Serif,Google,https://fonts.google.com/specimen/Noto+Sans+Warang+Citi,https://github.com/google/fonts/tree/main/ofl/noto-sans-warang-citi,https://github.com/google/fonts/tree/main/ofl/noto-sans-warang-citi
noto-sans-yi,Noto Sans Yi,google-fonts,OFL,True,sans-serif,False,,False,1,latin|latin-ext|yi,Sans Serif,Google,https://fonts.google.com/specimen/Noto+Sans+Yi,https://github.com/google/fonts/tree/main/ofl/noto-sans-yi,https://github.com/google/fonts/tree/main/ofl/noto-sans-yi
noto-sans-zanabazar-square,Noto Sans Zanabazar Square,google-fonts,OFL,True,sans-serif,False,,False,1,latin|latin-ext|zanabazar-square,Sans Serif,Google,https://fonts.google.com/specimen/Noto+Sans+Zanabazar+Square,https://github.com/google/fonts/tree/main/ofl/noto-sans-zanabazar-square,https://github.com/google/fonts/tree/main/ofl/noto-sans-zanabazar-square
noto-serif,Noto Serif,google-fonts,OFL,True,serif,False,,True,18,cyrillic|cyrillic-ext|greek|greek-ext|latin|latin-ext|math|vietnamese,Serif,Google,https://fonts.google.com/specimen/Noto+Serif,https://github.com/google/fonts/tree/main/ofl/noto-serif,https://github.com/google/fonts/tree/main/ofl/noto-serif
noto-serif-ahom,Noto Serif Ahom,google-fonts,OFL,True,serif,False,,False,1,ahom|latin|latin-ext,Serif,Google,https://fonts.google.com/specimen/Noto+Serif+Ahom,https://github.com/google/fonts/tree/main/ofl/noto-serif-ahom,https://github.com/google/fonts/tree/main/ofl/noto-serif-ahom
noto-serif-armenian,Noto Serif Armenian,google-fonts,OFL,True,serif,False,,True,9,armenian|latin|latin-ext,Serif,Google,https://fonts.google.com/specimen/Noto+Serif+Armenian,https://github.com/google/fonts/tree/main/ofl/noto-serif-armenian,https://github.com/google/fonts/tree/main/ofl/noto-serif-armenian
noto-serif-balinese,Noto Serif Balinese,google-fonts,OFL,True,serif,False,,False,1,balinese|latin|latin-ext,Serif,Google,https://fonts.google.com/specimen/Noto+Serif+Balinese,https://github.com/google/fonts/tree/main/ofl/noto-serif-balinese,https://github.com/google/fonts/tree/main/ofl/noto-serif-balinese
noto-serif-bengali,Noto Serif Bengali,google-fonts,OFL,True,serif,False,,True,9,bengali|latin|latin-ext,Serif,Google,https://fonts.google.com/specimen/Noto+Serif+Bengali,https://github.com/google/fonts/tree/main/ofl/noto-serif-bengali,https://github.com/google/fonts/tree/main/ofl/noto-serif-bengali
noto-serif-devanagari,Noto Serif Devanagari,google-fonts,OFL,True,serif,False,,True,9,devanagari|latin|latin-ext,Serif,Google,https://fonts.google.com/specimen/Noto+Serif+Devanagari,https://github.com/google/fonts/tree/main/ofl/noto-serif-devanagari,https://github.com/google/fonts/tree/main/ofl/noto-serif-devanagari
noto-serif-display,Noto Serif Display,google-fonts,OFL,True,serif,False,,True,18,cyrillic|cyrillic-ext|greek|greek-ext|latin|latin-ext|vietnamese,Serif,Google,https://fonts.google.com/specimen/Noto+Serif+Display,https://github.com/google/fonts/tree/main/ofl/noto-serif-display,https://github.com/google/fonts/tree/main/ofl/noto-serif-display
noto-serif-dives-akuru,Noto Serif Dives Akuru,google-fonts,OFL,True,serif,False,,False,1,dives-akuru|latin|latin-ext,Serif,Google,https://fonts.google.com/specimen/Noto+Serif+Dives+Akuru,https://github.com/google/fonts/tree/main/ofl/noto-serif-dives-akuru,https://github.com/google/fonts/tree/main/ofl/noto-serif-dives-akuru
noto-serif-dogra,Noto Serif Dogra,google-fonts,OFL,True,serif,False,,False,1,dogra|latin|latin-ext,Serif,Google,https://fonts.google.com/specimen/Noto+Serif+Dogra,https://github.com/google/fonts/tree/main/ofl/noto-serif-dogra,https://github.com/google/fonts/tree/main/ofl/noto-serif-dogra
noto-serif-ethiopic,Noto Serif Ethiopic,google-fonts,OFL,True,serif,False,,True,9,ethiopic|latin|latin-ext,Serif,Google,https://fonts.google.com/specimen/Noto+Serif+Ethiopic,https://github.com/google/fonts/tree/main/ofl/noto-serif-ethiopic,https://github.com/google/fonts/tree/main/ofl/noto-serif-ethiopic
noto-serif-georgian,Noto Serif Georgian,google-fonts,OFL,True,serif,False,,True,9,georgian|latin|latin-ext,Serif,Google,https://fonts.google.com/specimen/Noto+Serif+Georgian,https://github.com/google/fonts/tree/main/ofl/noto-serif-georgian,https://github.com/google/fonts/tree/main/ofl/noto-serif-georgian
noto-serif-grantha,Noto Serif Grantha,google-fonts,OFL,True,serif,False,,False,1,grantha|latin|latin-ext,Serif,Google,https://fonts.google.com/specimen/Noto+Serif+Grantha,https://github.com/google/fonts/tree/main/ofl/noto-serif-grantha,https://github.com/google/fonts/tree/main/ofl/noto-serif-grantha
noto-serif-gujarati,Noto Serif Gujarati,google-fonts,OFL,True,serif,False,,True,9,gujarati|latin|latin-ext|math|symbols,Serif,Google,https://fonts.google.com/specimen/Noto+Serif+Gujarati,https://github.com/google/fonts/tree/main/ofl/noto-serif-gujarati,https://github.com/google/fonts/tree/main/ofl/noto-serif-gujarati
noto-serif-gurmukhi,Noto Serif Gurmukhi,google-fonts,OFL,True,serif,False,,True,9,gurmukhi|latin|latin-ext,Serif,Google,https://fonts.google.com/specimen/Noto+Serif+Gurmukhi,https://github.com/google/fonts/tree/main/ofl/noto-serif-gurmukhi,https://github.com/google/fonts/tree/main/ofl/noto-serif-gurmukhi
noto-serif-hebrew,Noto Serif Hebrew,google-fonts,OFL,True,serif,False,,True,9,hebrew|latin|latin-ext,Serif,Google,https://fonts.google.com/specimen/Noto+Serif+Hebrew,https://github.com/google/fonts/tree/main/ofl/noto-serif-hebrew,https://github.com/google/fonts/tree/main/ofl/noto-serif-hebrew
noto-serif-hentaigana,Noto Serif Hentaigana,google-fonts,OFL,True,serif,False,,True,8,kana-extended|latin|latin-ext,Serif,Google,https://fonts.google.com/specimen/Noto+Serif+Hentaigana,https://github.com/google/fonts/tree/main/ofl/noto-serif-hentaigana,https://github.com/google/fonts/tree/main/ofl/noto-serif-hentaigana
noto-serif-hk,Noto Serif HK,google-fonts,OFL,True,serif,False,,True,8,chinese-hongkong|cyrillic|latin|latin-ext|vietnamese,Serif,Google,https://fonts.google.com/specimen/Noto+Serif+HK,https://github.com/google/fonts/tree/main/ofl/noto-serif-hk,https://github.com/google/fonts/tree/main/ofl/noto-serif-hk
noto-serif-jp,Noto Serif JP,google-fonts,OFL,True,serif,False,,True,8,cyrillic|japanese|latin|latin-ext|vietnamese,Serif,Google,https://fonts.google.com/specimen/Noto+Serif+JP,https://github.com/google/fonts/tree/main/ofl/noto-serif-jp,https://github.com/google/fonts/tree/main/ofl/noto-serif-jp
noto-serif-kannada,Noto Serif Kannada,google-fonts,OFL,True,serif,False,,True,9,kannada|latin|latin-ext,Serif,Google,https://fonts.google.com/specimen/Noto+Serif+Kannada,https://github.com/google/fonts/tree/main/ofl/noto-serif-kannada,https://github.com/google/fonts/tree/main/ofl/noto-serif-kannada
noto-serif-khitan-small-script,Noto Serif Khitan Small Script,google-fonts,OFL,True,serif,False,,False,1,khitan-small-script|latin|latin-ext,Serif,Google,https://fonts.google.com/specimen/Noto+Serif+Khitan+Small+Script,https://github.com/google/fonts/tree/main/ofl/noto-serif-khitan-small-script,https://github.com/google/fonts/tree/main/ofl/noto-serif-khitan-small-script
noto-serif-khmer,Noto Serif Khmer,google-fonts,OFL,True,serif,False,,True,9,khmer|latin|latin-ext,Serif,Google,https://fonts.google.com/specimen/Noto+Serif+Khmer,https://github.com/google/fonts/tree/main/ofl/noto-serif-khmer,https://github.com/google/fonts/tree/main/ofl/noto-serif-khmer
noto-serif-khojki,Noto Serif Khojki,google-fonts,OFL,True,serif,False,,True,4,khojki|latin|latin-ext,Serif,Google,https://fonts.google.com/specimen/Noto+Serif+Khojki,https://github.com/google/fonts/tree/main/ofl/noto-serif-khojki,https://github.com/google/fonts/tree/main/ofl/noto-serif-khojki
noto-serif-kr,Noto Serif KR,google-fonts,OFL,True,serif,False,,True,8,cyrillic|korean|latin|latin-ext|vietnamese,Serif,Google,https://fonts.google.com/specimen/Noto+Serif+KR,https://github.com/google/fonts/tree/main/ofl/noto-serif-kr,https://github.com/google/fonts/tree/main/ofl/noto-serif-kr
noto-serif-lao,Noto Serif Lao,google-fonts,OFL,True,serif,False,,True,9,lao|latin|latin-ext,Serif,Google,https://fonts.google.com/specimen/Noto+Serif+Lao,https://github.com/google/fonts/tree/main/ofl/noto-serif-lao,https://github.com/google/fonts/tree/main/ofl/noto-serif-lao
noto-serif-makasar,Noto Serif Makasar,google-fonts,OFL,True,serif,False,,False,1,latin|latin-ext|makasar,Serif,Google,https://fonts.google.com/specimen/Noto+Serif+Makasar,https://github.com/google/fonts/tree/main/ofl/noto-serif-makasar,https://github.com/google/fonts/tree/main/ofl/noto-serif-makasar
noto-serif-malayalam,Noto Serif Malayalam,google-fonts,OFL,True,serif,False,,True,9,latin|latin-ext|malayalam,Serif,Google,https://fonts.google.com/specimen/Noto+Serif+Malayalam,https://github.com/google/fonts/tree/main/ofl/noto-serif-malayalam,https://github.com/google/fonts/tree/main/ofl/noto-serif-malayalam
noto-serif-myanmar,Noto Serif Myanmar,google-fonts,OFL,True,serif,False,,False,9,myanmar,Serif,Google,https://fonts.google.com/specimen/Noto+Serif+Myanmar,https://github.com/google/fonts/tree/main/ofl/noto-serif-myanmar,https://github.com/google/fonts/tree/main/ofl/noto-serif-myanmar
noto-serif-np-hmong,Noto Serif NP Hmong,google-fonts,OFL,True,serif,False,,True,4,latin|nyiakeng-puachue-hmong,Serif,Google,https://fonts.google.com/specimen/Noto+Serif+NP+Hmong,https://github.com/google/fonts/tree/main/ofl/noto-serif-np-hmong,https://github.com/google/fonts/tree/main/ofl/noto-serif-np-hmong
noto-serif-old-uyghur,Noto Serif Old Uyghur,google-fonts,OFL,True,serif,False,,False,1,latin|latin-ext|old-uyghur,Serif,Google,https://fonts.google.com/specimen/Noto+Serif+Old+Uyghur,https://github.com/google/fonts/tree/main/ofl/noto-serif-old-uyghur,https://github.com/google/fonts/tree/main/ofl/noto-serif-old-uyghur
noto-serif-oriya,Noto Serif Oriya,google-fonts,OFL,True,serif,False,,True,4,latin|latin-ext|oriya,Serif,Google,https://fonts.google.com/specimen/Noto+Serif+Oriya,https://github.com/google/fonts/tree/main/ofl/noto-serif-oriya,https://github.com/google/fonts/tree/main/ofl/noto-serif-oriya
noto-serif-ottoman-siyaq,Noto Serif Ottoman Siyaq,google-fonts,OFL,True,serif,False,,False,1,latin|latin-ext|ottoman-siyaq-numbers,Serif,Google,https://fonts.google.com/specimen/Noto+Serif+Ottoman+Siyaq,https://github.com/google/fonts/tree/main/ofl/noto-serif-ottoman-siyaq,https://github.com/google/fonts/tree/main/ofl/noto-serif-ottoman-siyaq
noto-serif-sc,Noto Serif SC,google-fonts,OFL,True,serif,False,,True,8,chinese-simplified|cyrillic|latin|latin-ext|vietnamese,Serif,Google,https://fonts.google.com/specimen/Noto+Serif+SC,https://github.com/google/fonts/tree/main/ofl/noto-serif-sc,https://github.com/google/fonts/tree/main/ofl/noto-serif-sc
noto-serif-sinhala,Noto Serif Sinhala,google-fonts,OFL,True,serif,False,,True,9,latin|latin-ext|sinhala,Serif,Google,https://fonts.google.com/specimen/Noto+Serif+Sinhala,https://github.com/google/fonts/tree/main/ofl/noto-serif-sinhala,https://github.com/google/fonts/tree/main/ofl/noto-serif-sinhala
noto-serif-tamil,Noto Serif Tamil,google-fonts,OFL,True,serif,False,,True,18,latin|latin-ext|tamil,Serif,Google,https://fonts.google.com/specimen/Noto+Serif+Tamil,https://github.com/google/fonts/tree/main/ofl/noto-serif-tamil,https://github.com/google/fonts/tree/main/ofl/noto-serif-tamil
noto-serif-tangut,Noto Serif Tangut,google-fonts,OFL,True,serif,False,,False,1,latin|latin-ext|tangut,Serif,Google,https://fonts.google.com/specimen/Noto+Serif+Tangut,https://github.com/google/fonts/tree/main/ofl/noto-serif-tangut,https://github.com/google/fonts/tree/main/ofl/noto-serif-tangut
noto-serif-tc,Noto Serif TC,google-fonts,OFL,True,serif,False,,True,8,chinese-traditional|cyrillic|latin|latin-ext|vietnamese,Serif,Google,https://fonts.google.com/specimen/Noto+Serif+TC,https://github.com/google/fonts/tree/main/ofl/noto-serif-tc,https://github.com/google/fonts/tree/main/ofl/noto-serif-tc
noto-serif-telugu,Noto Serif Telugu,google-fonts,OFL,True,serif,False,,True,9,latin|latin-ext|telugu,Serif,Google,https://fonts.google.com/specimen/Noto+Serif+Telugu,https://github.com/google/fonts/tree/main/ofl/noto-serif-telugu,https://github.com/google/fonts/tree/main/ofl/noto-serif-telugu
noto-serif-thai,Noto Serif Thai,google-fonts,OFL,True,serif,False,,True,9,latin|latin-ext|thai,Serif,Google,https://fonts.google.com/specimen/Noto+Serif+Thai,https://github.com/google/fonts/tree/main/ofl/noto-serif-thai,https://github.com/google/fonts/tree/main/ofl/noto-serif-thai
noto-serif-tibetan,Noto Serif Tibetan,google-fonts,OFL,True,serif,False,,True,9,latin|latin-ext|tibetan,Serif,Google,https://fonts.google.com/specimen/Noto+Serif+Tibetan,https://github.com/google/fonts/tree/main/ofl/noto-serif-tibetan,https://github.com/google/fonts/tree/main/ofl/noto-serif-tibetan
noto-serif-todhri,Noto Serif Todhri,google-fonts,OFL,True,serif,False,,False,1,latin|latin-ext|todhri,Serif,Google,https://fonts.google.com/specimen/Noto+Serif+Todhri,https://github.com/google/fonts/tree/main/ofl/noto-serif-todhri,https://github.com/google/fonts/tree/main/ofl/noto-serif-todhri
noto-serif-toto,Noto Serif Toto,google-fonts,OFL,True,serif,False,,True,4,latin|latin-ext|toto,Serif,Google,https://fonts.google.com/specimen/Noto+Serif+Toto,https://github.com/google/fonts/tree/main/ofl/noto-serif-toto,https://github.com/google/fonts/tree/main/ofl/noto-serif-toto
noto-serif-vithkuqi,Noto Serif Vithkuqi,google-fonts,OFL,True,serif,False,,True,4,latin|latin-ext|vithkuqi,Serif,Google,https://fonts.google.com/specimen/Noto+Serif+Vithkuqi,https://github.com/google/fonts/tree/main/ofl/noto-serif-vithkuqi,https://github.com/google/fonts/tree/main/ofl/noto-serif-vithkuqi
noto-serif-yezidi,Noto Serif Yezidi,google-fonts,OFL,True,serif,False,,True,4,latin|latin-ext|yezidi,Serif,Google,https://fonts.google.com/specimen/Noto+Serif+Yezidi,https://github.com/google/fonts/tree/main/ofl/noto-serif-yezidi,https://github.com/google/fonts/tree/main/ofl/noto-serif-yezidi
noto-traditional-nushu,Noto Traditional Nushu,google-fonts,OFL,True,sans-serif,False,,True,5,latin|latin-ext|nushu,Sans Serif,Google,https://fonts.google.com/specimen/Noto+Traditional+Nushu,https://github.com/google/fonts/tree/main/ofl/noto-traditional-nushu,https://github.com/google/fonts/tree/main/ofl/noto-traditional-nushu
noto-znamenny-musical-notation,Noto Znamenny Musical Notation,google-fonts,OFL,True,sans-serif,False,,False,1,latin|latin-ext|math|symbols|znamenny,Sans Serif,Google,https://fonts.google.com/specimen/Noto+Znamenny+Musical+Notation,https://github.com/google/fonts/tree/main/ofl/noto-znamenny-musical-notation,https://github.com/google/fonts/tree/main/ofl/noto-znamenny-musical-notation
nova-cut,Nova Cut,google-fonts,OFL,True,display,False,,False,1,latin|latin-ext,,Wojciech Kalinowski,https://fonts.google.com/specimen/Nova+Cut,https://github.com/google/fonts/tree/main/ofl/nova-cut,https://github.com/google/fonts/tree/main/ofl/nova-cut
nova-flat,Nova Flat,google-fonts,OFL,True,display,False,,False,1,latin|latin-ext,,Wojciech Kalinowski,https://fonts.google.com/specimen/Nova+Flat,https://github.com/google/fonts/tree/main/ofl/nova-flat,https://github.com/google/fonts/tree/main/ofl/nova-flat
nova-mono,Nova Mono,google-fonts,OFL,True,monospace,False,,False,1,greek|latin|latin-ext,,Wojciech Kalinowski,https://fonts.google.com/specimen/Nova+Mono,https://github.com/google/fonts/tree/main/ofl/nova-mono,https://github.com/google/fonts/tree/main/ofl/nova-mono
nova-oval,Nova Oval,google-fonts,OFL,True,display,False,,False,1,latin|latin-ext,,Wojciech Kalinowski,https://fonts.google.com/specimen/Nova+Oval,https://github.com/google/fonts/tree/main/ofl/nova-oval,https://github.com/google/fonts/tree/main/ofl/nova-oval
nova-round,Nova Round,google-fonts,OFL,True,display,False,,False,1,latin|latin-ext,,Wojciech Kalinowski,https://fonts.google.com/specimen/Nova+Round,https://github.com/google/fonts/tree/main/ofl/nova-round,https://github.com/google/fonts/tree/main/ofl/nova-round
nova-script,Nova Script,google-fonts,OFL,True,display,False,,False,1,latin|latin-ext,,Wojciech Kalinowski,https://fonts.google.com/specimen/Nova+Script,https://github.com/google/fonts/tree/main/ofl/nova-script,https://github.com/google/fonts/tree/main/ofl/nova-script
nova-slim,Nova Slim,google-fonts,OFL,True,display,False,,False,1,latin|latin-ext,,Wojciech Kalinowski,https://fonts.google.com/specimen/Nova+Slim,https://github.com/google/fonts/tree/main/ofl/nova-slim,https://github.com/google/fonts/tree/main/ofl/nova-slim
nova-square,Nova Square,google-fonts,OFL,True,display,False,,False,1,latin|latin-ext,Sans Serif,Wojciech Kalinowski,https://fonts.google.com/specimen/Nova+Square,https://github.com/google/fonts/tree/main/ofl/nova-square,https://github.com/google/fonts/tree/main/ofl/nova-square
ntr,NTR,google-fonts,OFL,True,sans-serif,False,,False,1,latin|telugu,Sans Serif,Purushoth Kumar Guttula,https://fonts.google.com/specimen/NTR,https://github.com/google/fonts/tree/main/ofl/ntr,https://github.com/google/fonts/tree/main/ofl/ntr
numans,Numans,google-fonts,OFL,True,sans-serif,False,,False,1,latin,Sans Serif,Jovanny Lemonad,https://fonts.google.com/specimen/Numans,https://github.com/google/fonts/tree/main/ofl/numans,https://github.com/google/fonts/tree/main/ofl/numans
nunito-sans,Nunito Sans,google-fonts,OFL,True,sans-serif,False,,True,18,cyrillic|cyrillic-ext|latin|latin-ext|vietnamese,Sans Serif,Vernon Adams|Jacques Le Bailly|Manvel Shmavonyan|Alexei Vanyashin,https://fonts.google.com/specimen/Nunito+Sans,https://github.com/google/fonts/tree/main/ofl/nunito-sans,https://github.com/google/fonts/tree/main/ofl/nunito-sans
nuosu-sil,Nuosu SIL,google-fonts,OFL,True,sans-serif,False,,False,1,latin|latin-ext|yi,Sans Serif,SIL International,https://fonts.google.com/specimen/Nuosu+SIL,https://github.com/google/fonts/tree/main/ofl/nuosu-sil,https://github.com/google/fonts/tree/main/ofl/nuosu-sil
odibee-sans,Odibee Sans,google-fonts,OFL,True,display,False,,False,1,latin,Sans Serif,James Barnard,https://fonts.google.com/specimen/Odibee+Sans,https://github.com/google/fonts/tree/main/ofl/odibee-sans,https://github.com/google/fonts/tree/main/ofl/odibee-sans
odor-mean-chey,Odor Mean Chey,google-fonts,OFL,True,serif,False,,False,1,khmer|latin,Serif,Danh Hong,https://fonts.google.com/specimen/Odor+Mean+Chey,https://github.com/google/fonts/tree/main/ofl/odor-mean-chey,https://github.com/google/fonts/tree/main/ofl/odor-mean-chey
offside,Offside,google-fonts,OFL,True,display,False,,False,1,latin|latin-ext,Sans Serif,Eduardo Tunni,https://fonts.google.com/specimen/Offside,https://github.com/google/fonts/tree/main/ofl/offside,https://github.com/google/fonts/tree/main/ofl/offside
oi,Oi,google-fonts,OFL,True,display,False,,False,1,arabic|cyrillic|cyrillic-ext|greek|latin|latin-ext|tamil|vietnamese,Serif,Kostas Bartsokas,https://fonts.google.com/specimen/Oi,https://github.com/google/fonts/tree/main/ofl/oi,https://github.com/google/fonts/tree/main/ofl/oi
ojuju,Ojuju,google-fonts,OFL,True,sans-serif,False,,True,7,latin|latin-ext|math|symbols|vietnamese,Sans Serif,Ụdị Foundry|Chisaokwu Joboson|Mirko Velimirović,https://fonts.google.com/specimen/Ojuju,https://github.com/google/fonts/tree/main/ofl/ojuju,https://github.com/google/fonts/tree/main/ofl/ojuju
old-standard-tt,Old Standard TT,google-fonts,OFL,True,serif,False,,False,3,cyrillic|cyrillic-ext|latin|latin-ext|vietnamese,Serif,Alexey Kryukov,https://fonts.google.com/specimen/Old+Standard+TT,https://github.com/google/fonts/tree/main/ofl/old-standard-tt,https://github.com/google/fonts/tree/main/ofl/old-standard-tt
oldenburg,Oldenburg,google-fonts,OFL,True,display,False,,False,1,latin|latin-ext,Serif,Nicole Fally,https://fonts.google.com/specimen/Oldenburg,https://github.com/google/fonts/tree/main/ofl/oldenburg,https://github.com/google/fonts/tree/main/ofl/oldenburg
ole,Ole,google-fonts,OFL,True,handwriting,False,,False,1,latin|latin-ext|vietnamese,,Robert Leuschke,https://fonts.google.com/specimen/Ole,https://github.com/google/fonts/tree/main/ofl/ole,https://github.com/google/fonts/tree/main/ofl/ole
oleo-script,Oleo Script,google-fonts,OFL,True,display,False,,False,2,latin|latin-ext,,soytutype fonts,https://fonts.google.com/specimen/Oleo+Script,https://github.com/google/fonts/tree/main/ofl/oleo-script,https://github.com/google/fonts/tree/main/ofl/oleo-script
oleo-script-swash-caps,Oleo Script Swash Caps,google-fonts,OFL,True,display,False,,False,2,latin|latin-ext,,soytutype fonts,https://fonts.google.com/specimen/Oleo+Script+Swash+Caps,https://github.com/google/fonts/tree/main/ofl/oleo-script-swash-caps,https://github.com/google/fonts/tree/main/ofl/oleo-script-swash-caps
onest,Onest,google-fonts,OFL,True,sans-serif,False,,True,9,cyrillic|cyrillic-ext|latin|latin-ext,Sans Serif,Dmitri Voloshin|Andrey Kudryavtsev,https://fonts.google.com/specimen/Onest,https://github.com/google/fonts/tree/main/ofl/onest,https://github.com/google/fonts/tree/main/ofl/onest
oooh-baby,Oooh Baby,google-fonts,OFL,True,handwriting,False,,False,1,latin|latin-ext|vietnamese,,Robert Leuschke,https://fonts.google.com/specimen/Oooh+Baby,https://github.com/google/fonts/tree/main/ofl/oooh-baby,https://github.com/google/fonts/tree/main/ofl/oooh-baby
fontsource-open-runde,Open Runde,fontsource,OFL,True,sans-serif,False,,False,4,latin,fontsource|other,,https://fontsource.org/fonts/open-runde,https://fontsource.org/fonts/open-runde,
fontsource-open-sauce-one,Open Sauce One,fontsource,OFL,True,sans-serif,False,,False,14,latin,fontsource|other,,https://fontsource.org/fonts/open-sauce-one,https://fontsource.org/fonts/open-sauce-one,
fontsource-open-sauce-sans,Open Sauce Sans,fontsource,OFL,True,sans-serif,False,,False,14,latin,fontsource|other,,https://fontsource.org/fonts/open-sauce-sans,https://fontsource.org/fonts/open-sauce-sans,
fontsource-open-sauce-two,Open Sauce Two,fontsource,OFL,True,sans-serif,False,,False,14,latin,fontsource|other,,https://fontsource.org/fonts/open-sauce-two,https://fontsource.org/fonts/open-sauce-two,
fontsource-opendyslexic,OpenDyslexic,fontsource,OFL,True,sans-serif,False,,False,4,latin,developer|fontsource|icons|nerd-font|other,,https://fontsource.org/fonts/opendyslexic,https://fontsource.org/fonts/opendyslexic,
oranienbaum,Oranienbaum,google-fonts,OFL,True,serif,False,,False,1,cyrillic|cyrillic-ext|latin|latin-ext,Serif,Oleg Pospelov|Jovanny Lemonad,https://fonts.google.com/specimen/Oranienbaum,https://github.com/google/fonts/tree/main/ofl/oranienbaum,https://github.com/google/fonts/tree/main/ofl/oranienbaum
orbit,Orbit,google-fonts,OFL,True,sans-serif,False,,False,1,korean|latin|latin-ext,Sans Serif,Sooun Cho|JAMO,https://fonts.google.com/specimen/Orbit,https://github.com/google/fonts/tree/main/ofl/orbit,https://github.com/google/fonts/tree/main/ofl/orbit
oregano,Oregano,google-fonts,OFL,True,display,False,,False,2,latin|latin-ext,,Astigmatic,https://fonts.google.com/specimen/Oregano,https://github.com/google/fonts/tree/main/ofl/oregano,https://github.com/google/fonts/tree/main/ofl/oregano
orelega-one,Orelega One,google-fonts,OFL,True,display,False,,False,1,cyrillic|cyrillic-ext|latin|latin-ext,Serif,Haruki Wakamatsu,https://fonts.google.com/specimen/Orelega+One,https://github.com/google/fonts/tree/main/ofl/orelega-one,https://github.com/google/fonts/tree/main/ofl/orelega-one
orienta,Orienta,google-fonts,OFL,True,sans-serif,False,,False,1,latin|latin-ext,Sans Serif,Eduardo Tunni,https://fonts.google.com/specimen/Orienta,https://github.com/google/fonts/tree/main/ofl/orienta,https://github.com/google/fonts/tree/main/ofl/orienta
original-surfer,Original Surfer,google-fonts,OFL,True,display,False,,False,1,latin|latin-ext,Sans Serif,Astigmatic,https://fonts.google.com/specimen/Original+Surfer,https://github.com/google/fonts/tree/main/ofl/original-surfer,https://github.com/google/fonts/tree/main/ofl/original-surfer
over-the-rainbow,Over the Rainbow,google-fonts,OFL,True,handwriting,False,,False,1,latin|latin-ext,,Kimberly Geswein,https://fonts.google.com/specimen/Over+the+Rainbow,https://github.com/google/fonts/tree/main/ofl/over-the-rainbow,https://github.com/google/fonts/tree/main/ofl/over-the-rainbow
overlock,Overlock,google-fonts,OFL,True,display,False,,False,6,latin|latin-ext,Sans Serif,Dario Manuel Muhafara,https://fonts.google.com/specimen/Overlock,https://github.com/google/fonts/tree/main/ofl/overlock,https://github.com/google/fonts/tree/main/ofl/overlock
overlock-sc,Overlock SC,google-fonts,OFL,True,display,False,,False,1,latin|latin-ext,Sans Serif,Dario Manuel Muhafara,https://fonts.google.com/specimen/Overlock+SC,https://github.com/google/fonts/tree/main/ofl/overlock-sc,https://github.com/google/fonts/tree/main/ofl/overlock-sc
overpass,Overpass,google-fonts,OFL,True,sans-serif,False,,True,18,cyrillic|cyrillic-ext|latin|latin-ext|vietnamese,Sans Serif,Delve Withrington|Dave Bailey|Thomas Jockin,https://fonts.google.com/specimen/Overpass,https://github.com/google/fonts/tree/main/ofl/overpass,https://github.com/google/fonts/tree/main/ofl/overpass
overpass-mono,Overpass Mono,google-fonts,OFL,True,monospace,False,,True,5,cyrillic|cyrillic-ext|latin|latin-ext|vietnamese,developer|icons|nerd-font,Delve Withrington|Dave Bailey|Thomas Jockin,https://fonts.google.com/specimen/Overpass+Mono,https://github.com/google/fonts/tree/main/ofl/overpass-mono,https://github.com/google/fonts/tree/main/ofl/overpass-mono
ovo,Ovo,google-fonts,OFL,True,serif,False,,False,1,latin,Serif,Nicole Fally,https://fonts.google.com/specimen/Ovo,https://github.com/google/fonts/tree/main/ofl/ovo,https://github.com/google/fonts/tree/main/ofl/ovo
oxanium,Oxanium,google-fonts,OFL,True,display,False,,True,7,latin|latin-ext,Sans Serif,Severin Meyer,https://fonts.google.com/specimen/Oxanium,https://github.com/google/fonts/tree/main/ofl/oxanium,https://github.com/google/fonts/tree/main/ofl/oxanium
oxygen,Oxygen,google-fonts,OFL,True,sans-serif,False,,False,3,latin|latin-ext,Sans Serif,Vernon Adams,https://fonts.google.com/specimen/Oxygen,https://github.com/google/fonts/tree/main/ofl/oxygen,https://github.com/google/fonts/tree/main/ofl/oxygen
oxygen-mono,Oxygen Mono,google-fonts,OFL,True,monospace,False,,False,1,latin|latin-ext,,Vernon Adams,https://fonts.google.com/specimen/Oxygen+Mono,https://github.com/google/fonts/tree/main/ofl/oxygen-mono,https://github.com/google/fonts/tree/main/ofl/oxygen-mono
pacifico,Pacifico,google-fonts,OFL,True,handwriting,False,,False,1,cyrillic|cyrillic-ext|latin|latin-ext|vietnamese,,Vernon Adams|Jacques Le Bailly|Botjo Nikoltchev|Ani Petrova,https://fonts.google.com/specimen/Pacifico,https://github.com/google/fonts/tree/main/ofl/pacifico,https://github.com/google/fonts/tree/main/ofl/pacifico
padauk,Padauk,google-fonts,OFL,True,sans-serif,False,,False,2,latin|latin-ext|myanmar,Sans Serif,SIL International,https://fonts.google.com/specimen/Padauk,https://github.com/google/fonts/tree/main/ofl/padauk,https://github.com/google/fonts/tree/main/ofl/padauk
padyakke-expanded-one,Padyakke Expanded One,google-fonts,OFL,True,serif,False,,False,1,kannada|latin|latin-ext,Slab Serif,James Puckett,https://fonts.google.com/specimen/Padyakke+Expanded+One,https://github.com/google/fonts/tree/main/ofl/padyakke-expanded-one,https://github.com/google/fonts/tree/main/ofl/padyakke-expanded-one
palanquin,Palanquin,google-fonts,OFL,True,sans-serif,False,,False,7,devanagari|latin|latin-ext,Sans Serif,Pria Ravichandran,https://fonts.google.com/specimen/Palanquin,https://github.com/google/fonts/tree/main/ofl/palanquin,https://github.com/google/fonts/tree/main/ofl/palanquin
palanquin-dark,Palanquin Dark,google-fonts,OFL,True,sans-serif,False,,False,4,devanagari|latin|latin-ext,Sans Serif,Pria Ravichandran,https://fonts.google.com/specimen/Palanquin+Dark,https://github.com/google/fonts/tree/main/ofl/palanquin-dark,https://github.com/google/fonts/tree/main/ofl/palanquin-dark
palette-mosaic,Palette Mosaic,google-fonts,OFL,True,display,False,,False,1,japanese|latin,,Shibuya Font,https://fonts.google.com/specimen/Palette+Mosaic,https://github.com/google/fonts/tree/main/ofl/palette-mosaic,https://github.com/google/fonts/tree/main/ofl/palette-mosaic
pangolin,Pangolin,google-fonts,OFL,True,handwriting,False,,False,1,cyrillic|cyrillic-ext|latin|latin-ext|vietnamese,,Kevin Burke,https://fonts.google.com/specimen/Pangolin,https://github.com/google/fonts/tree/main/ofl/pangolin,https://github.com/google/fonts/tree/main/ofl/pangolin
paprika,Paprika,google-fonts,OFL,True,display,False,,False,1,latin|latin-ext,,Eduardo Tunni,https://fonts.google.com/specimen/Paprika,https://github.com/google/fonts/tree/main/ofl/paprika,https://github.com/google/fonts/tree/main/ofl/paprika
parastoo,Parastoo,google-fonts,OFL,True,serif,False,,True,4,arabic|latin|latin-ext|vietnamese,Serif,Saber Rastikerdar,https://fonts.google.com/specimen/Parastoo,https://github.com/google/fonts/tree/main/ofl/parastoo,https://github.com/google/fonts/tree/main/ofl/parastoo
parisienne,Parisienne,google-fonts,OFL,True,handwriting,False,,False,1,latin|latin-ext,,Astigmatic,https://fonts.google.com/specimen/Parisienne,https://github.com/google/fonts/tree/main/ofl/parisienne,https://github.com/google/fonts/tree/main/ofl/parisienne
parkinsans,Parkinsans,google-fonts,OFL,True,sans-serif,False,,True,6,latin|latin-ext,Sans Serif,Red Stone,https://fonts.google.com/specimen/Parkinsans,https://github.com/google/fonts/tree/main/ofl/parkinsans,https://github.com/google/fonts/tree/main/ofl/parkinsans
passero-one,Passero One,google-fonts,OFL,True,display,False,,False,1,latin|latin-ext,Sans Serif,Viktoriya Grabowska,https://fonts.google.com/specimen/Passero+One,https://github.com/google/fonts/tree/main/ofl/passero-one,https://github.com/google/fonts/tree/main/ofl/passero-one
passion-one,Passion One,google-fonts,OFL,True,display,False,,False,3,latin|latin-ext,Sans Serif,Fontstage,https://fonts.google.com/specimen/Passion+One,https://github.com/google/fonts/tree/main/ofl/passion-one,https://github.com/google/fonts/tree/main/ofl/passion-one
passions-conflict,Passions Conflict,google-fonts,OFL,True,handwriting,False,,False,1,latin|latin-ext|vietnamese,,Robert Leuschke,https://fonts.google.com/specimen/Passions+Conflict,https://github.com/google/fonts/tree/main/ofl/passions-conflict,https://github.com/google/fonts/tree/main/ofl/passions-conflict
pathway-extreme,Pathway Extreme,google-fonts,OFL,True,sans-serif,False,,True,18,latin|latin-ext|vietnamese,Sans Serif,Eduardo Tunni,https://fonts.google.com/specimen/Pathway+Extreme,https://github.com/google/fonts/tree/main/ofl/pathway-extreme,https://github.com/google/fonts/tree/main/ofl/pathway-extreme
pathway-gothic-one,Pathway Gothic One,google-fonts,OFL,True,sans-serif,False,,False,1,latin|latin-ext,Sans Serif,Eduardo Tunni,https://fonts.google.com/specimen/Pathway+Gothic+One,https://github.com/google/fonts/tree/main/ofl/pathway-gothic-one,https://github.com/google/fonts/tree/main/ofl/pathway-gothic-one
patrick-hand,Patrick Hand,google-fonts,OFL,True,handwriting,False,,False,1,latin|latin-ext|vietnamese,Sans Serif,Patrick Wagesreiter,https://fonts.google.com/specimen/Patrick+Hand,https://github.com/google/fonts/tree/main/ofl/patrick-hand,https://github.com/google/fonts/tree/main/ofl/patrick-hand
patrick-hand-sc,Patrick Hand SC,google-fonts,OFL,True,handwriting,False,,False,1,latin|latin-ext|vietnamese,Sans Serif,Patrick Wagesreiter,https://fonts.google.com/specimen/Patrick+Hand+SC,https://github.com/google/fonts/tree/main/ofl/patrick-hand-sc,https://github.com/google/fonts/tree/main/ofl/patrick-hand-sc
pattaya,Pattaya,google-fonts,OFL,True,sans-serif,False,,False,1,cyrillic|latin|latin-ext|thai|vietnamese,Sans Serif,Cadson Demak,https://fonts.google.com/specimen/Pattaya,https://github.com/google/fonts/tree/main/ofl/pattaya,https://github.com/google/fonts/tree/main/ofl/pattaya
patua-one,Patua One,google-fonts,OFL,True,display,False,,False,1,latin,Serif,LatinoType,https://fonts.google.com/specimen/Patua+One,https://github.com/google/fonts/tree/main/ofl/patua-one,https://github.com/google/fonts/tree/main/ofl/patua-one
pavanam,Pavanam,google-fonts,OFL,True,sans-serif,False,,False,1,latin|latin-ext|tamil,Sans Serif,Tharique Azeez,https://fonts.google.com/specimen/Pavanam,https://github.com/google/fonts/tree/main/ofl/pavanam,https://github.com/google/fonts/tree/main/ofl/pavanam
paytone-one,Paytone One,google-fonts,OFL,True,sans-serif,False,,False,1,latin|latin-ext|vietnamese,Sans Serif,Vernon Adams,https://fonts.google.com/specimen/Paytone+One,https://github.com/google/fonts/tree/main/ofl/paytone-one,https://github.com/google/fonts/tree/main/ofl/paytone-one
fontsource-peace-sans,Peace Sans,fontsource,OFL,True,sans-serif,False,,False,1,latin,fontsource|other|sans-serif,,https://fontsource.org/fonts/peace-sans,https://fontsource.org/fonts/peace-sans,
peddana,Peddana,google-fonts,OFL,True,serif,False,,False,1,latin|telugu,Serif,Appaji Ambarisha Darbha,https://fonts.google.com/specimen/Peddana,https://github.com/google/fonts/tree/main/ofl/peddana,https://github.com/google/fonts/tree/main/ofl/peddana
peralta,Peralta,google-fonts,OFL,True,serif,False,,False,1,latin|latin-ext,Slab Serif,Astigmatic,https://fonts.google.com/specimen/Peralta,https://github.com/google/fonts/tree/main/ofl/peralta,https://github.com/google/fonts/tree/main/ofl/peralta
permanent-marker,Permanent Marker,google-fonts,OFL,True,handwriting,False,,False,1,latin,,Font Diner,https://fonts.google.com/specimen/Permanent+Marker,https://github.com/google/fonts/tree/main/ofl/permanent-marker,https://github.com/google/fonts/tree/main/ofl/permanent-marker
petemoss,Petemoss,google-fonts,OFL,True,handwriting,False,,False,1,latin|latin-ext|vietnamese,,Robert Leuschke,https://fonts.google.com/specimen/Petemoss,https://github.com/google/fonts/tree/main/ofl/petemoss,https://github.com/google/fonts/tree/main/ofl/petemoss
petit-formal-script,Petit Formal Script,google-fonts,OFL,True,handwriting,False,,False,1,latin|latin-ext,,Impallari Type,https://fonts.google.com/specimen/Petit+Formal+Script,https://github.com/google/fonts/tree/main/ofl/petit-formal-script,https://github.com/google/fonts/tree/main/ofl/petit-formal-script
petrona,Petrona,google-fonts,OFL,True,serif,False,,True,18,latin|latin-ext|vietnamese,Serif,Ringo R. Seeber,https://fonts.google.com/specimen/Petrona,https://github.com/google/fonts/tree/main/ofl/petrona,https://github.com/google/fonts/tree/main/ofl/petrona
phetsarath,Phetsarath,google-fonts,OFL,True,sans-serif,False,,False,2,lao,Sans Serif,Danh Hong,https://fonts.google.com/specimen/Phetsarath,https://github.com/google/fonts/tree/main/ofl/phetsarath,https://github.com/google/fonts/tree/main/ofl/phetsarath
philosopher,Philosopher,google-fonts,OFL,True,sans-serif,False,,False,4,cyrillic|cyrillic-ext|latin|latin-ext|vietnamese,Sans Serif,Jovanny Lemonad,https://fonts.google.com/specimen/Philosopher,https://github.com/google/fonts/tree/main/ofl/philosopher,https://github.com/google/fonts/tree/main/ofl/philosopher
phudu,Phudu,google-fonts,OFL,True,display,False,,True,7,cyrillic-ext|latin|latin-ext|vietnamese,Sans Serif,Dương Trần,https://fonts.google.com/specimen/Phudu,https://github.com/google/fonts/tree/main/ofl/phudu,https://github.com/google/fonts/tree/main/ofl/phudu
piazzolla,Piazzolla,google-fonts,OFL,True,serif,False,,True,18,cyrillic|cyrillic-ext|greek|greek-ext|latin|latin-ext|vietnamese,Serif,Juan Pablo del Peral|HT Fonts,https://fonts.google.com/specimen/Piazzolla,https://github.com/google/fonts/tree/main/ofl/piazzolla,https://github.com/google/fonts/tree/main/ofl/piazzolla
piedra,Piedra,google-fonts,OFL,True,display,False,,False,1,latin|latin-ext,Serif,Sudtipos,https://fonts.google.com/specimen/Piedra,https://github.com/google/fonts/tree/main/ofl/piedra,https://github.com/google/fonts/tree/main/ofl/piedra
pinyon-script,Pinyon Script,google-fonts,OFL,True,handwriting,False,,False,1,latin|latin-ext|vietnamese,,Nicole Fally,https://fonts.google.com/specimen/Pinyon+Script,https://github.com/google/fonts/tree/main/ofl/pinyon-script,https://github.com/google/fonts/tree/main/ofl/pinyon-script
pirata-one,Pirata One,google-fonts,OFL,True,display,False,,False,1,latin|latin-ext,,Rodrigo Fuenzalida|Nicolas Massi,https://fonts.google.com/specimen/Pirata+One,https://github.com/google/fonts/tree/main/ofl/pirata-one,https://github.com/google/fonts/tree/main/ofl/pirata-one
fontsource-pitagon-sans,Pitagon Sans,fontsource,OFL,True,sans-serif,False,,False,6,latin,fontsource|other,,https://fontsource.org/fonts/pitagon-sans,https://fontsource.org/fonts/pitagon-sans,
fontsource-pitagon-sans-mono,Pitagon Sans Mono,fontsource,OFL,True,monospace,False,,False,16,latin,fontsource|other,,https://fontsource.org/fonts/pitagon-sans-mono,https://fontsource.org/fonts/pitagon-sans-mono,
fontsource-pitagon-sans-text,Pitagon Sans Text,fontsource,OFL,True,sans-serif,False,,False,14,latin,fontsource|other,,https://fontsource.org/fonts/pitagon-sans-text,https://fontsource.org/fonts/pitagon-sans-text,
fontsource-pitagon-serif,Pitagon Serif,fontsource,OFL,True,serif,False,,False,18,latin,fontsource|other,,https://fontsource.org/fonts/pitagon-serif,https://fontsource.org/fonts/pitagon-serif,
pixelify-sans,Pixelify Sans,google-fonts,OFL,True,display,False,,True,4,cyrillic|latin|latin-ext,Sans Serif,Stefie Justprince,https://fonts.google.com/specimen/Pixelify+Sans,https://github.com/google/fonts/tree/main/ofl/pixelify-sans,https://github.com/google/fonts/tree/main/ofl/pixelify-sans
plaster,Plaster,google-fonts,OFL,True,display,False,,False,1,latin|latin-ext,,Sorkin Type,https://fonts.google.com/specimen/Plaster,https://github.com/google/fonts/tree/main/ofl/plaster,https://github.com/google/fonts/tree/main/ofl/plaster
platypi,Platypi,google-fonts,OFL,True,serif,False,,True,12,latin|latin-ext|vietnamese,Serif,David Sargent,https://fonts.google.com/specimen/Platypi,https://github.com/google/fonts/tree/main/ofl/platypi,https://github.com/google/fonts/tree/main/ofl/platypi
play,Play,google-fonts,OFL,True,sans-serif,False,,False,2,cyrillic|cyrillic-ext|greek|latin|latin-ext|vietnamese,Sans Serif,Jonas Hecksher,https://fonts.google.com/specimen/Play,https://github.com/google/fonts/tree/main/ofl/play,https://github.com/google/fonts/tree/main/ofl/play
playball,Playball,google-fonts,OFL,True,display,False,,False,1,latin|latin-ext|vietnamese,,Robert Leuschke,https://fonts.google.com/specimen/Playball,https://github.com/google/fonts/tree/main/ofl/playball,https://github.com/google/fonts/tree/main/ofl/playball
playfair,Playfair,google-fonts,OFL,True,serif,False,,True,14,cyrillic|cyrillic-ext|latin|latin-ext|vietnamese,Serif,Claus Eggers Sørensen,https://fonts.google.com/specimen/Playfair,https://github.com/google/fonts/tree/main/ofl/playfair,https://github.com/google/fonts/tree/main/ofl/playfair
playfair-display-sc,Playfair Display SC,google-fonts,OFL,True,serif,False,,False,6,cyrillic|latin|latin-ext|vietnamese,Serif,Claus Eggers Sørensen,https://fonts.google.com/specimen/Playfair+Display+SC,https://github.com/google/fonts/tree/main/ofl/playfair-display-sc,https://github.com/google/fonts/tree/main/ofl/playfair-display-sc
playpen-sans,Playpen Sans,google-fonts,OFL,True,handwriting,False,,True,8,cyrillic|cyrillic-ext|emoji|greek|latin|latin-ext|math|vietnamese,Sans Serif,TypeTogether|Laura Meseguer|Veronika Burian|José Scaglione|Kostas Bartsokas|Vera Evstafieva|Tom Grace|Yorlmar Campos,https://fonts.google.com/specimen/Playpen+Sans,https://github.com/google/fonts/tree/main/ofl/playpen-sans,https://github.com/google/fonts/tree/main/ofl/playpen-sans
playpen-sans-arabic,Playpen Sans Arabic,google-fonts,OFL,True,handwriting,False,,True,8,arabic|emoji|latin|latin-ext|math,Sans Serif,TypeTogether|Azza Alameddine|Laura Meseguer|Veronika Burian|José Scaglione,https://fonts.google.com/specimen/Playpen+Sans+Arabic,https://github.com/google/fonts/tree/main/ofl/playpen-sans-arabic,https://github.com/google/fonts/tree/main/ofl/playpen-sans-arabic
playpen-sans-deva,Playpen Sans Deva,google-fonts,OFL,True,handwriting,False,,True,8,devanagari|emoji|latin|latin-ext,Sans Serif,TypeTogether|Pooja Saxena|Gunjan Panchal|Laura Meseguer|Veronika Burian|José Scaglione,https://fonts.google.com/specimen/Playpen+Sans+Deva,https://github.com/google/fonts/tree/main/ofl/playpen-sans-deva,https://github.com/google/fonts/tree/main/ofl/playpen-sans-deva
playpen-sans-hebrew,Playpen Sans Hebrew,google-fonts,OFL,True,handwriting,False,,True,8,emoji|hebrew|latin|latin-ext|math,Sans Serif,TypeTogether|Tom Grace|Laura Meseguer|Veronika Burian|José Scaglione,https://fonts.google.com/specimen/Playpen+Sans+Hebrew,https://github.com/google/fonts/tree/main/ofl/playpen-sans-hebrew,https://github.com/google/fonts/tree/main/ofl/playpen-sans-hebrew
playpen-sans-thai,Playpen Sans Thai,google-fonts,OFL,True,handwriting,False,,True,8,emoji|latin|latin-ext|math|thai,Sans Serif,TypeTogether|Sirin Gunkloy|Laura Meseguer|Veronika Burian|José Scaglione,https://fonts.google.com/specimen/Playpen+Sans+Thai,https://github.com/google/fonts/tree/main/ofl/playpen-sans-thai,https://github.com/google/fonts/tree/main/ofl/playpen-sans-thai
playwrite-ar,Playwrite AR,google-fonts,OFL,True,handwriting,False,,True,4,,,TypeTogether|Veronika Burian|José Scaglione,https://fonts.google.com/specimen/Playwrite+AR,https://github.com/google/fonts/tree/main/ofl/playwrite-ar,https://github.com/google/fonts/tree/main/ofl/playwrite-ar
playwrite-ar-guides,Playwrite AR Guides,google-fonts,OFL,True,handwriting,False,,False,1,,,TypeTogether|Veronika Burian|José Scaglione,https://fonts.google.com/specimen/Playwrite+AR+Guides,https://github.com/google/fonts/tree/main/ofl/playwrite-ar-guides,https://github.com/google/fonts/tree/main/ofl/playwrite-ar-guides
playwrite-at,Playwrite AT,google-fonts,OFL,True,handwriting,False,,True,8,,,TypeTogether|Veronika Burian|José Scaglione,https://fonts.google.com/specimen/Playwrite+AT,https://github.com/google/fonts/tree/main/ofl/playwrite-at,https://github.com/google/fonts/tree/main/ofl/playwrite-at
playwrite-at-guides,Playwrite AT Guides,google-fonts,OFL,True,handwriting,False,,False,2,,,TypeTogether|Veronika Burian|José Scaglione,https://fonts.google.com/specimen/Playwrite+AT+Guides,https://github.com/google/fonts/tree/main/ofl/playwrite-at-guides,https://github.com/google/fonts/tree/main/ofl/playwrite-at-guides
playwrite-au-nsw,Playwrite AU NSW,google-fonts,OFL,True,handwriting,False,,True,4,,,TypeTogether|Veronika Burian|José Scaglione,https://fonts.google.com/specimen/Playwrite+AU+NSW,https://github.com/google/fonts/tree/main/ofl/playwrite-au-nsw,https://github.com/google/fonts/tree/main/ofl/playwrite-au-nsw
playwrite-au-nsw-guides,Playwrite AU NSW Guides,google-fonts,OFL,True,handwriting,False,,False,1,,,TypeTogether|Veronika Burian|José Scaglione,https://fonts.google.com/specimen/Playwrite+AU+NSW+Guides,https://github.com/google/fonts/tree/main/ofl/playwrite-au-nsw-guides,https://github.com/google/fonts/tree/main/ofl/playwrite-au-nsw-guides
playwrite-au-qld,Playwrite AU QLD,google-fonts,OFL,True,handwriting,False,,True,4,,,TypeTogether|Veronika Burian|José Scaglione,https://fonts.google.com/specimen/Playwrite+AU+QLD,https://github.com/google/fonts/tree/main/ofl/playwrite-au-qld,https://github.com/google/fonts/tree/main/ofl/playwrite-au-qld
playwrite-au-qld-guides,Playwrite AU QLD Guides,google-fonts,OFL,True,handwriting,False,,False,1,,,TypeTogether|Veronika Burian|José Scaglione,https://fonts.google.com/specimen/Playwrite+AU+QLD+Guides,https://github.com/google/fonts/tree/main/ofl/playwrite-au-qld-guides,https://github.com/google/fonts/tree/main/ofl/playwrite-au-qld-guides
playwrite-au-sa,Playwrite AU SA,google-fonts,OFL,True,handwriting,False,,True,4,,,TypeTogether|Veronika Burian|José Scaglione,https://fonts.google.com/specimen/Playwrite+AU+SA,https://github.com/google/fonts/tree/main/ofl/playwrite-au-sa,https://github.com/google/fonts/tree/main/ofl/playwrite-au-sa
playwrite-au-sa-guides,Playwrite AU SA Guides,google-fonts,OFL,True,handwriting,False,,False,1,,,TypeTogether|Veronika Burian|José Scaglione,https://fonts.google.com/specimen/Playwrite+AU+SA+Guides,https://github.com/google/fonts/tree/main/ofl/playwrite-au-sa-guides,https://github.com/google/fonts/tree/main/ofl/playwrite-au-sa-guides
playwrite-au-tas,Playwrite AU TAS,google-fonts,OFL,True,handwriting,False,,True,4,,,TypeTogether|Veronika Burian|José Scaglione,https://fonts.google.com/specimen/Playwrite+AU+TAS,https://github.com/google/fonts/tree/main/ofl/playwrite-au-tas,https://github.com/google/fonts/tree/main/ofl/playwrite-au-tas
playwrite-au-tas-guides,Playwrite AU TAS Guides,google-fonts,OFL,True,handwriting,False,,False,1,,,TypeTogether|Veronika Burian|José Scaglione,https://fonts.google.com/specimen/Playwrite+AU+TAS+Guides,https://github.com/google/fonts/tree/main/ofl/playwrite-au-tas-guides,https://github.com/google/fonts/tree/main/ofl/playwrite-au-tas-guides
playwrite-au-vic,Playwrite AU VIC,google-fonts,OFL,True,handwriting,False,,True,4,,,TypeTogether|Veronika Burian|José Scaglione,https://fonts.google.com/specimen/Playwrite+AU+VIC,https://github.com/google/fonts/tree/main/ofl/playwrite-au-vic,https://github.com/google/fonts/tree/main/ofl/playwrite-au-vic
playwrite-au-vic-guides,Playwrite AU VIC Guides,google-fonts,OFL,True,handwriting,False,,False,1,,,TypeTogether|Veronika Burian|José Scaglione,https://fonts.google.com/specimen/Playwrite+AU+VIC+Guides,https://github.com/google/fonts/tree/main/ofl/playwrite-au-vic-guides,https://github.com/google/fonts/tree/main/ofl/playwrite-au-vic-guides
playwrite-be-vlg,Playwrite BE VLG,google-fonts,OFL,True,handwriting,False,,True,4,,,TypeTogether|Veronika Burian|José Scaglione,https://fonts.google.com/specimen/Playwrite+BE+VLG,https://github.com/google/fonts/tree/main/ofl/playwrite-be-vlg,https://github.com/google/fonts/tree/main/ofl/playwrite-be-vlg
playwrite-be-vlg-guides,Playwrite BE VLG Guides,google-fonts,OFL,True,handwriting,False,,False,1,,,TypeTogether|Veronika Burian|José Scaglione,https://fonts.google.com/specimen/Playwrite+BE+VLG+Guides,https://github.com/google/fonts/tree/main/ofl/playwrite-be-vlg-guides,https://github.com/google/fonts/tree/main/ofl/playwrite-be-vlg-guides
playwrite-be-wal,Playwrite BE WAL,google-fonts,OFL,True,handwriting,False,,True,4,,,TypeTogether|Veronika Burian|José Scaglione,https://fonts.google.com/specimen/Playwrite+BE+WAL,https://github.com/google/fonts/tree/main/ofl/playwrite-be-wal,https://github.com/google/fonts/tree/main/ofl/playwrite-be-wal
playwrite-be-wal-guides,Playwrite BE WAL Guides,google-fonts,OFL,True,handwriting,False,,False,1,,,TypeTogether|Veronika Burian|José Scaglione,https://fonts.google.com/specimen/Playwrite+BE+WAL+Guides,https://github.com/google/fonts/tree/main/ofl/playwrite-be-wal-guides,https://github.com/google/fonts/tree/main/ofl/playwrite-be-wal-guides
playwrite-br,Playwrite BR,google-fonts,OFL,True,handwriting,False,,True,4,,,TypeTogether|Veronika Burian|José Scaglione,https://fonts.google.com/specimen/Playwrite+BR,https://github.com/google/fonts/tree/main/ofl/playwrite-br,https://github.com/google/fonts/tree/main/ofl/playwrite-br
playwrite-br-guides,Playwrite BR Guides,google-fonts,OFL,True,handwriting,False,,False,1,,,TypeTogether|Veronika Burian|José Scaglione,https://fonts.google.com/specimen/Playwrite+BR+Guides,https://github.com/google/fonts/tree/main/ofl/playwrite-br-guides,https://github.com/google/fonts/tree/main/ofl/playwrite-br-guides
playwrite-ca,Playwrite CA,google-fonts,OFL,True,handwriting,False,,True,4,,,TypeTogether|Veronika Burian|José Scaglione,https://fonts.google.com/specimen/Playwrite+CA,https://github.com/google/fonts/tree/main/ofl/playwrite-ca,https://github.com/google/fonts/tree/main/ofl/playwrite-ca
playwrite-ca-guides,Playwrite CA Guides,google-fonts,OFL,True,handwriting,False,,False,1,,,TypeTogether|Veronika Burian|José Scaglione,https://fonts.google.com/specimen/Playwrite+CA+Guides,https://github.com/google/fonts/tree/main/ofl/playwrite-ca-guides,https://github.com/google/fonts/tree/main/ofl/playwrite-ca-guides
playwrite-cl,Playwrite CL,google-fonts,OFL,True,handwriting,False,,True,4,,,TypeTogether|Veronika Burian|José Scaglione,https://fonts.google.com/specimen/Playwrite+CL,https://github.com/google/fonts/tree/main/ofl/playwrite-cl,https://github.com/google/fonts/tree/main/ofl/playwrite-cl
playwrite-cl-guides,Playwrite CL Guides,google-fonts,OFL,True,handwriting,False,,False,1,,,TypeTogether|Veronika Burian|José Scaglione,https://fonts.google.com/specimen/Playwrite+CL+Guides,https://github.com/google/fonts/tree/main/ofl/playwrite-cl-guides,https://github.com/google/fonts/tree/main/ofl/playwrite-cl-guides
playwrite-co,Playwrite CO,google-fonts,OFL,True,handwriting,False,,True,4,,,TypeTogether|Veronika Burian|José Scaglione,https://fonts.google.com/specimen/Playwrite+CO,https://github.com/google/fonts/tree/main/ofl/playwrite-co,https://github.com/google/fonts/tree/main/ofl/playwrite-co
playwrite-co-guides,Playwrite CO Guides,google-fonts,OFL,True,handwriting,False,,False,1,,,TypeTogether|Veronika Burian|José Scaglione,https://fonts.google.com/specimen/Playwrite+CO+Guides,https://github.com/google/fonts/tree/main/ofl/playwrite-co-guides,https://github.com/google/fonts/tree/main/ofl/playwrite-co-guides
playwrite-cu,Playwrite CU,google-fonts,OFL,True,handwriting,False,,True,4,,,TypeTogether|Veronika Burian|José Scaglione,https://fonts.google.com/specimen/Playwrite+CU,https://github.com/google/fonts/tree/main/ofl/playwrite-cu,https://github.com/google/fonts/tree/main/ofl/playwrite-cu
playwrite-cu-guides,Playwrite CU Guides,google-fonts,OFL,True,handwriting,False,,False,1,,,TypeTogether|Veronika Burian|José Scaglione,https://fonts.google.com/specimen/Playwrite+CU+Guides,https://github.com/google/fonts/tree/main/ofl/playwrite-cu-guides,https://github.com/google/fonts/tree/main/ofl/playwrite-cu-guides
playwrite-cz,Playwrite CZ,google-fonts,OFL,True,handwriting,False,,True,4,,,TypeTogether|Veronika Burian|José Scaglione,https://fonts.google.com/specimen/Playwrite+CZ,https://github.com/google/fonts/tree/main/ofl/playwrite-cz,https://github.com/google/fonts/tree/main/ofl/playwrite-cz
playwrite-cz-guides,Playwrite CZ Guides,google-fonts,OFL,True,handwriting,False,,False,1,,,TypeTogether|Veronika Burian|José Scaglione,https://fonts.google.com/specimen/Playwrite+CZ+Guides,https://github.com/google/fonts/tree/main/ofl/playwrite-cz-guides,https://github.com/google/fonts/tree/main/ofl/playwrite-cz-guides
playwrite-de-grund,Playwrite DE Grund,google-fonts,OFL,True,handwriting,False,,True,4,,,TypeTogether|Veronika Burian|José Scaglione,https://fonts.google.com/specimen/Playwrite+DE+Grund,https://github.com/google/fonts/tree/main/ofl/playwrite-de-grund,https://github.com/google/fonts/tree/main/ofl/playwrite-de-grund
playwrite-de-grund-guides,Playwrite DE Grund Guides,google-fonts,OFL,True,handwriting,False,,False,1,,,TypeTogether|Veronika Burian|José Scaglione,https://fonts.google.com/specimen/Playwrite+DE+Grund+Guides,https://github.com/google/fonts/tree/main/ofl/playwrite-de-grund-guides,https://github.com/google/fonts/tree/main/ofl/playwrite-de-grund-guides
playwrite-de-la,Playwrite DE LA,google-fonts,OFL,True,handwriting,False,,True,4,,,TypeTogether|Veronika Burian|José Scaglione,https://fonts.google.com/specimen/Playwrite+DE+LA,https://github.com/google/fonts/tree/main/ofl/playwrite-de-la,https://github.com/google/fonts/tree/main/ofl/playwrite-de-la
playwrite-de-la-guides,Playwrite DE LA Guides,google-fonts,OFL,True,handwriting,False,,False,1,,,TypeTogether|Veronika Burian|José Scaglione,https://fonts.google.com/specimen/Playwrite+DE+LA+Guides,https://github.com/google/fonts/tree/main/ofl/playwrite-de-la-guides,https://github.com/google/fonts/tree/main/ofl/playwrite-de-la-guides
playwrite-de-sas,Playwrite DE SAS,google-fonts,OFL,True,handwriting,False,,True,4,,,TypeTogether|Veronika Burian|José Scaglione,https://fonts.google.com/specimen/Playwrite+DE+SAS,https://github.com/google/fonts/tree/main/ofl/playwrite-de-sas,https://github.com/google/fonts/tree/main/ofl/playwrite-de-sas
playwrite-de-sas-guides,Playwrite DE SAS Guides,google-fonts,OFL,True,handwriting,False,,False,1,,,TypeTogether|Veronika Burian|José Scaglione,https://fonts.google.com/specimen/Playwrite+DE+SAS+Guides,https://github.com/google/fonts/tree/main/ofl/playwrite-de-sas-guides,https://github.com/google/fonts/tree/main/ofl/playwrite-de-sas-guides
playwrite-de-va,Playwrite DE VA,google-fonts,OFL,True,handwriting,False,,True,4,,,TypeTogether|Veronika Burian|José Scaglione,https://fonts.google.com/specimen/Playwrite+DE+VA,https://github.com/google/fonts/tree/main/ofl/playwrite-de-va,https://github.com/google/fonts/tree/main/ofl/playwrite-de-va
playwrite-de-va-guides,Playwrite DE VA Guides,google-fonts,OFL,True,handwriting,False,,False,1,,,TypeTogether|Veronika Burian|José Scaglione,https://fonts.google.com/specimen/Playwrite+DE+VA+Guides,https://github.com/google/fonts/tree/main/ofl/playwrite-de-va-guides,https://github.com/google/fonts/tree/main/ofl/playwrite-de-va-guides
playwrite-dk-loopet,Playwrite DK Loopet,google-fonts,OFL,True,handwriting,False,,True,4,,,TypeTogether|Veronika Burian|José Scaglione,https://fonts.google.com/specimen/Playwrite+DK+Loopet,https://github.com/google/fonts/tree/main/ofl/playwrite-dk-loopet,https://github.com/google/fonts/tree/main/ofl/playwrite-dk-loopet
playwrite-dk-loopet-guides,Playwrite DK Loopet Guides,google-fonts,OFL,True,handwriting,False,,False,1,,,TypeTogether|Veronika Burian|José Scaglione,https://fonts.google.com/specimen/Playwrite+DK+Loopet+Guides,https://github.com/google/fonts/tree/main/ofl/playwrite-dk-loopet-guides,https://github.com/google/fonts/tree/main/ofl/playwrite-dk-loopet-guides
playwrite-dk-uloopet,Playwrite DK Uloopet,google-fonts,OFL,True,handwriting,False,,True,4,,,TypeTogether|Veronika Burian|José Scaglione,https://fonts.google.com/specimen/Playwrite+DK+Uloopet,https://github.com/google/fonts/tree/main/ofl/playwrite-dk-uloopet,https://github.com/google/fonts/tree/main/ofl/playwrite-dk-uloopet
playwrite-dk-uloopet-guides,Playwrite DK Uloopet Guides,google-fonts,OFL,True,handwriting,False,,False,1,,,TypeTogether|Veronika Burian|José Scaglione,https://fonts.google.com/specimen/Playwrite+DK+Uloopet+Guides,https://github.com/google/fonts/tree/main/ofl/playwrite-dk-uloopet-guides,https://github.com/google/fonts/tree/main/ofl/playwrite-dk-uloopet-guides
playwrite-es,Playwrite ES,google-fonts,OFL,True,handwriting,False,,True,4,,,TypeTogether|Veronika Burian|José Scaglione,https://fonts.google.com/specimen/Playwrite+ES,https://github.com/google/fonts/tree/main/ofl/playwrite-es,https://github.com/google/fonts/tree/main/ofl/playwrite-es
playwrite-es-deco,Playwrite ES Deco,google-fonts,OFL,True,handwriting,False,,True,4,,,TypeTogether|Veronika Burian|José Scaglione,https://fonts.google.com/specimen/Playwrite+ES+Deco,https://github.com/google/fonts/tree/main/ofl/playwrite-es-deco,https://github.com/google/fonts/tree/main/ofl/playwrite-es-deco
playwrite-es-deco-guides,Playwrite ES Deco Guides,google-fonts,OFL,True,handwriting,False,,False,1,,,TypeTogether|Veronika Burian|José Scaglione,https://fonts.google.com/specimen/Playwrite+ES+Deco+Guides,https://github.com/google/fonts/tree/main/ofl/playwrite-es-deco-guides,https://github.com/google/fonts/tree/main/ofl/playwrite-es-deco-guides
playwrite-es-guides,Playwrite ES Guides,google-fonts,OFL,True,handwriting,False,,False,1,,,TypeTogether|Veronika Burian|José Scaglione,https://fonts.google.com/specimen/Playwrite+ES+Guides,https://github.com/google/fonts/tree/main/ofl/playwrite-es-guides,https://github.com/google/fonts/tree/main/ofl/playwrite-es-guides
playwrite-fr-moderne,Playwrite FR Moderne,google-fonts,OFL,True,handwriting,False,,True,4,,,TypeTogether|Veronika Burian|José Scaglione,https://fonts.google.com/specimen/Playwrite+FR+Moderne,https://github.com/google/fonts/tree/main/ofl/playwrite-fr-moderne,https://github.com/google/fonts/tree/main/ofl/playwrite-fr-moderne
playwrite-fr-moderne-guides,Playwrite FR Moderne Guides,google-fonts,OFL,True,handwriting,False,,False,1,,,TypeTogether|Veronika Burian|José Scaglione,https://fonts.google.com/specimen/Playwrite+FR+Moderne+Guides,https://github.com/google/fonts/tree/main/ofl/playwrite-fr-moderne-guides,https://github.com/google/fonts/tree/main/ofl/playwrite-fr-moderne-guides
playwrite-fr-trad,Playwrite FR Trad,google-fonts,OFL,True,handwriting,False,,True,4,,,TypeTogether|Veronika Burian|José Scaglione,https://fonts.google.com/specimen/Playwrite+FR+Trad,https://github.com/google/fonts/tree/main/ofl/playwrite-fr-trad,https://github.com/google/fonts/tree/main/ofl/playwrite-fr-trad
playwrite-fr-trad-guides,Playwrite FR Trad Guides,google-fonts,OFL,True,handwriting,False,,False,1,,,TypeTogether|Veronika Burian|José Scaglione,https://fonts.google.com/specimen/Playwrite+FR+Trad+Guides,https://github.com/google/fonts/tree/main/ofl/playwrite-fr-trad-guides,https://github.com/google/fonts/tree/main/ofl/playwrite-fr-trad-guides
playwrite-gb-j,Playwrite GB J,google-fonts,OFL,True,handwriting,False,,True,8,,,TypeTogether|Veronika Burian|José Scaglione,https://fonts.google.com/specimen/Playwrite+GB+J,https://github.com/google/fonts/tree/main/ofl/playwrite-gb-j,https://github.com/google/fonts/tree/main/ofl/playwrite-gb-j
playwrite-gb-j-guides,Playwrite GB J Guides,google-fonts,OFL,True,handwriting,False,,False,2,,,TypeTogether|Veronika Burian|José Scaglione,https://fonts.google.com/specimen/Playwrite+GB+J+Guides,https://github.com/google/fonts/tree/main/ofl/playwrite-gb-j-guides,https://github.com/google/fonts/tree/main/ofl/playwrite-gb-j-guides
playwrite-gb-s,Playwrite GB S,google-fonts,OFL,True,handwriting,False,,True,8,,,TypeTogether|Veronika Burian|José Scaglione,https://fonts.google.com/specimen/Playwrite+GB+S,https://github.com/google/fonts/tree/main/ofl/playwrite-gb-s,https://github.com/google/fonts/tree/main/ofl/playwrite-gb-s
playwrite-gb-s-guides,Playwrite GB S Guides,google-fonts,OFL,True,handwriting,False,,False,2,,,TypeTogether|Veronika Burian|José Scaglione,https://fonts.google.com/specimen/Playwrite+GB+S+Guides,https://github.com/google/fonts/tree/main/ofl/playwrite-gb-s-guides,https://github.com/google/fonts/tree/main/ofl/playwrite-gb-s-guides
playwrite-hr,Playwrite HR,google-fonts,OFL,True,handwriting,False,,True,4,,,TypeTogether|Veronika Burian|José Scaglione,https://fonts.google.com/specimen/Playwrite+HR,https://github.com/google/fonts/tree/main/ofl/playwrite-hr,https://github.com/google/fonts/tree/main/ofl/playwrite-hr
playwrite-hr-guides,Playwrite HR Guides,google-fonts,OFL,True,handwriting,False,,False,1,,,TypeTogether|Veronika Burian|José Scaglione,https://fonts.google.com/specimen/Playwrite+HR+Guides,https://github.com/google/fonts/tree/main/ofl/playwrite-hr-guides,https://github.com/google/fonts/tree/main/ofl/playwrite-hr-guides
playwrite-hr-lijeva,Playwrite HR Lijeva,google-fonts,OFL,True,handwriting,False,,True,4,,,TypeTogether|Veronika Burian|José Scaglione,https://fonts.google.com/specimen/Playwrite+HR+Lijeva,https://github.com/google/fonts/tree/main/ofl/playwrite-hr-lijeva,https://github.com/google/fonts/tree/main/ofl/playwrite-hr-lijeva
playwrite-hr-lijeva-guides,Playwrite HR Lijeva Guides,google-fonts,OFL,True,handwriting,False,,False,1,,,TypeTogether|Veronika Burian|José Scaglione,https://fonts.google.com/specimen/Playwrite+HR+Lijeva+Guides,https://github.com/google/fonts/tree/main/ofl/playwrite-hr-lijeva-guides,https://github.com/google/fonts/tree/main/ofl/playwrite-hr-lijeva-guides
playwrite-hu,Playwrite HU,google-fonts,OFL,True,handwriting,False,,True,4,,,TypeTogether|Veronika Burian|José Scaglione,https://fonts.google.com/specimen/Playwrite+HU,https://github.com/google/fonts/tree/main/ofl/playwrite-hu,https://github.com/google/fonts/tree/main/ofl/playwrite-hu
playwrite-hu-guides,Playwrite HU Guides,google-fonts,OFL,True,handwriting,False,,False,1,,,TypeTogether|Veronika Burian|José Scaglione,https://fonts.google.com/specimen/Playwrite+HU+Guides,https://github.com/google/fonts/tree/main/ofl/playwrite-hu-guides,https://github.com/google/fonts/tree/main/ofl/playwrite-hu-guides
playwrite-id,Playwrite ID,google-fonts,OFL,True,handwriting,False,,True,4,,,TypeTogether|Veronika Burian|José Scaglione,https://fonts.google.com/specimen/Playwrite+ID,https://github.com/google/fonts/tree/main/ofl/playwrite-id,https://github.com/google/fonts/tree/main/ofl/playwrite-id
playwrite-id-guides,Playwrite ID Guides,google-fonts,OFL,True,handwriting,False,,False,1,,,TypeTogether|Veronika Burian|José Scaglione,https://fonts.google.com/specimen/Playwrite+ID+Guides,https://github.com/google/fonts/tree/main/ofl/playwrite-id-guides,https://github.com/google/fonts/tree/main/ofl/playwrite-id-guides
playwrite-ie,Playwrite IE,google-fonts,OFL,True,handwriting,False,,True,4,,,TypeTogether|Veronika Burian|José Scaglione,https://fonts.google.com/specimen/Playwrite+IE,https://github.com/google/fonts/tree/main/ofl/playwrite-ie,https://github.com/google/fonts/tree/main/ofl/playwrite-ie
playwrite-ie-guides,Playwrite IE Guides,google-fonts,OFL,True,handwriting,False,,False,1,,,TypeTogether|Veronika Burian|José Scaglione,https://fonts.google.com/specimen/Playwrite+IE+Guides,https://github.com/google/fonts/tree/main/ofl/playwrite-ie-guides,https://github.com/google/fonts/tree/main/ofl/playwrite-ie-guides
playwrite-in,Playwrite IN,google-fonts,OFL,True,handwriting,False,,True,4,,,TypeTogether|Veronika Burian|José Scaglione,https://fonts.google.com/specimen/Playwrite+IN,https://github.com/google/fonts/tree/main/ofl/playwrite-in,https://github.com/google/fonts/tree/main/ofl/playwrite-in
playwrite-in-guides,Playwrite IN Guides,google-fonts,OFL,True,handwriting,False,,False,1,,,TypeTogether|Veronika Burian|José Scaglione,https://fonts.google.com/specimen/Playwrite+IN+Guides,https://github.com/google/fonts/tree/main/ofl/playwrite-in-guides,https://github.com/google/fonts/tree/main/ofl/playwrite-in-guides
playwrite-is,Playwrite IS,google-fonts,OFL,True,handwriting,False,,True,4,,,TypeTogether|Veronika Burian|José Scaglione,https://fonts.google.com/specimen/Playwrite+IS,https://github.com/google/fonts/tree/main/ofl/playwrite-is,https://github.com/google/fonts/tree/main/ofl/playwrite-is
playwrite-is-guides,Playwrite IS Guides,google-fonts,OFL,True,handwriting,False,,False,1,,,TypeTogether|Veronika Burian|José Scaglione,https://fonts.google.com/specimen/Playwrite+IS+Guides,https://github.com/google/fonts/tree/main/ofl/playwrite-is-guides,https://github.com/google/fonts/tree/main/ofl/playwrite-is-guides
playwrite-it-moderna,Playwrite IT Moderna,google-fonts,OFL,True,handwriting,False,,True,4,,,TypeTogether|Veronika Burian|José Scaglione,https://fonts.google.com/specimen/Playwrite+IT+Moderna,https://github.com/google/fonts/tree/main/ofl/playwrite-it-moderna,https://github.com/google/fonts/tree/main/ofl/playwrite-it-moderna
playwrite-it-moderna-guides,Playwrite IT Moderna Guides,google-fonts,OFL,True,handwriting,False,,False,1,,,TypeTogether|Veronika Burian|José Scaglione,https://fonts.google.com/specimen/Playwrite+IT+Moderna+Guides,https://github.com/google/fonts/tree/main/ofl/playwrite-it-moderna-guides,https://github.com/google/fonts/tree/main/ofl/playwrite-it-moderna-guides
playwrite-it-trad,Playwrite IT Trad,google-fonts,OFL,True,handwriting,False,,True,4,,,TypeTogether|Veronika Burian|José Scaglione,https://fonts.google.com/specimen/Playwrite+IT+Trad,https://github.com/google/fonts/tree/main/ofl/playwrite-it-trad,https://github.com/google/fonts/tree/main/ofl/playwrite-it-trad
playwrite-it-trad-guides,Playwrite IT Trad Guides,google-fonts,OFL,True,handwriting,False,,False,1,,,TypeTogether|Veronika Burian|José Scaglione,https://fonts.google.com/specimen/Playwrite+IT+Trad+Guides,https://github.com/google/fonts/tree/main/ofl/playwrite-it-trad-guides,https://github.com/google/fonts/tree/main/ofl/playwrite-it-trad-guides
playwrite-mx,Playwrite MX,google-fonts,OFL,True,handwriting,False,,True,4,,,TypeTogether|Veronika Burian|José Scaglione,https://fonts.google.com/specimen/Playwrite+MX,https://github.com/google/fonts/tree/main/ofl/playwrite-mx,https://github.com/google/fonts/tree/main/ofl/playwrite-mx
playwrite-mx-guides,Playwrite MX Guides,google-fonts,OFL,True,handwriting,False,,False,1,,,TypeTogether|Veronika Burian|José Scaglione,https://fonts.google.com/specimen/Playwrite+MX+Guides,https://github.com/google/fonts/tree/main/ofl/playwrite-mx-guides,https://github.com/google/fonts/tree/main/ofl/playwrite-mx-guides
playwrite-ng-modern,Playwrite NG Modern,google-fonts,OFL,True,handwriting,False,,True,4,,,TypeTogether|Veronika Burian|José Scaglione,https://fonts.google.com/specimen/Playwrite+NG+Modern,https://github.com/google/fonts/tree/main/ofl/playwrite-ng-modern,https://github.com/google/fonts/tree/main/ofl/playwrite-ng-modern
playwrite-ng-modern-guides,Playwrite NG Modern Guides,google-fonts,OFL,True,handwriting,False,,False,1,,,TypeTogether|Veronika Burian|José Scaglione,https://fonts.google.com/specimen/Playwrite+NG+Modern+Guides,https://github.com/google/fonts/tree/main/ofl/playwrite-ng-modern-guides,https://github.com/google/fonts/tree/main/ofl/playwrite-ng-modern-guides
playwrite-nl,Playwrite NL,google-fonts,OFL,True,handwriting,False,,True,4,,,TypeTogether|Veronika Burian|José Scaglione,https://fonts.google.com/specimen/Playwrite+NL,https://github.com/google/fonts/tree/main/ofl/playwrite-nl,https://github.com/google/fonts/tree/main/ofl/playwrite-nl
playwrite-nl-guides,Playwrite NL Guides,google-fonts,OFL,True,handwriting,False,,False,1,,,TypeTogether|Veronika Burian|José Scaglione,https://fonts.google.com/specimen/Playwrite+NL+Guides,https://github.com/google/fonts/tree/main/ofl/playwrite-nl-guides,https://github.com/google/fonts/tree/main/ofl/playwrite-nl-guides
playwrite-no,Playwrite NO,google-fonts,OFL,True,handwriting,False,,True,4,,,TypeTogether|Veronika Burian|José Scaglione,https://fonts.google.com/specimen/Playwrite+NO,https://github.com/google/fonts/tree/main/ofl/playwrite-no,https://github.com/google/fonts/tree/main/ofl/playwrite-no
playwrite-no-guides,Playwrite NO Guides,google-fonts,OFL,True,handwriting,False,,False,1,,,TypeTogether|Veronika Burian|José Scaglione,https://fonts.google.com/specimen/Playwrite+NO+Guides,https://github.com/google/fonts/tree/main/ofl/playwrite-no-guides,https://github.com/google/fonts/tree/main/ofl/playwrite-no-guides
playwrite-nz,Playwrite NZ,google-fonts,OFL,True,handwriting,False,,True,4,,,TypeTogether|Veronika Burian|José Scaglione,https://fonts.google.com/specimen/Playwrite+NZ,https://github.com/google/fonts/tree/main/ofl/playwrite-nz,https://github.com/google/fonts/tree/main/ofl/playwrite-nz
playwrite-nz-basic,Playwrite NZ Basic,google-fonts,OFL,True,handwriting,False,,True,4,,,TypeTogether|Veronika Burian|José Scaglione,https://fonts.google.com/specimen/Playwrite+NZ+Basic,https://github.com/google/fonts/tree/main/ofl/playwrite-nz-basic,https://github.com/google/fonts/tree/main/ofl/playwrite-nz-basic
playwrite-nz-basic-guides,Playwrite NZ Basic Guides,google-fonts,OFL,True,handwriting,False,,False,1,,,TypeTogether|Veronika Burian|José Scaglione,https://fonts.google.com/specimen/Playwrite+NZ+Basic+Guides,https://github.com/google/fonts/tree/main/ofl/playwrite-nz-basic-guides,https://github.com/google/fonts/tree/main/ofl/playwrite-nz-basic-guides
playwrite-nz-guides,Playwrite NZ Guides,google-fonts,OFL,True,handwriting,False,,False,1,,,TypeTogether|Veronika Burian|José Scaglione,https://fonts.google.com/specimen/Playwrite+NZ+Guides,https://github.com/google/fonts/tree/main/ofl/playwrite-nz-guides,https://github.com/google/fonts/tree/main/ofl/playwrite-nz-guides
playwrite-pe,Playwrite PE,google-fonts,OFL,True,handwriting,False,,True,4,,,TypeTogether|Veronika Burian|José Scaglione,https://fonts.google.com/specimen/Playwrite+PE,https://github.com/google/fonts/tree/main/ofl/playwrite-pe,https://github.com/google/fonts/tree/main/ofl/playwrite-pe
playwrite-pe-guides,Playwrite PE Guides,google-fonts,OFL,True,handwriting,False,,False,1,,,TypeTogether|Veronika Burian|José Scaglione,https://fonts.google.com/specimen/Playwrite+PE+Guides,https://github.com/google/fonts/tree/main/ofl/playwrite-pe-guides,https://github.com/google/fonts/tree/main/ofl/playwrite-pe-guides
playwrite-pl,Playwrite PL,google-fonts,OFL,True,handwriting,False,,True,4,,,TypeTogether|Veronika Burian|José Scaglione,https://fonts.google.com/specimen/Playwrite+PL,https://github.com/google/fonts/tree/main/ofl/playwrite-pl,https://github.com/google/fonts/tree/main/ofl/playwrite-pl
playwrite-pl-guides,Playwrite PL Guides,google-fonts,OFL,True,handwriting,False,,False,1,,,TypeTogether|Veronika Burian|José Scaglione,https://fonts.google.com/specimen/Playwrite+PL+Guides,https://github.com/google/fonts/tree/main/ofl/playwrite-pl-guides,https://github.com/google/fonts/tree/main/ofl/playwrite-pl-guides
playwrite-pt,Playwrite PT,google-fonts,OFL,True,handwriting,False,,True,4,,,TypeTogether|Veronika Burian|José Scaglione,https://fonts.google.com/specimen/Playwrite+PT,https://github.com/google/fonts/tree/main/ofl/playwrite-pt,https://github.com/google/fonts/tree/main/ofl/playwrite-pt
playwrite-pt-guides,Playwrite PT Guides,google-fonts,OFL,True,handwriting,False,,False,1,,,TypeTogether|Veronika Burian|José Scaglione,https://fonts.google.com/specimen/Playwrite+PT+Guides,https://github.com/google/fonts/tree/main/ofl/playwrite-pt-guides,https://github.com/google/fonts/tree/main/ofl/playwrite-pt-guides
playwrite-ro,Playwrite RO,google-fonts,OFL,True,handwriting,False,,True,4,,,TypeTogether|Veronika Burian|José Scaglione,https://fonts.google.com/specimen/Playwrite+RO,https://github.com/google/fonts/tree/main/ofl/playwrite-ro,https://github.com/google/fonts/tree/main/ofl/playwrite-ro
playwrite-ro-guides,Playwrite RO Guides,google-fonts,OFL,True,handwriting,False,,False,1,,,TypeTogether|Veronika Burian|José Scaglione,https://fonts.google.com/specimen/Playwrite+RO+Guides,https://github.com/google/fonts/tree/main/ofl/playwrite-ro-guides,https://github.com/google/fonts/tree/main/ofl/playwrite-ro-guides
playwrite-sk,Playwrite SK,google-fonts,OFL,True,handwriting,False,,True,4,,,TypeTogether|Veronika Burian|José Scaglione,https://fonts.google.com/specimen/Playwrite+SK,https://github.com/google/fonts/tree/main/ofl/playwrite-sk,https://github.com/google/fonts/tree/main/ofl/playwrite-sk
playwrite-sk-guides,Playwrite SK Guides,google-fonts,OFL,True,handwriting,False,,False,1,,,TypeTogether|Veronika Burian|José Scaglione,https://fonts.google.com/specimen/Playwrite+SK+Guides,https://github.com/google/fonts/tree/main/ofl/playwrite-sk-guides,https://github.com/google/fonts/tree/main/ofl/playwrite-sk-guides
playwrite-tz,Playwrite TZ,google-fonts,OFL,True,handwriting,False,,True,4,,,TypeTogether|Veronika Burian|José Scaglione,https://fonts.google.com/specimen/Playwrite+TZ,https://github.com/google/fonts/tree/main/ofl/playwrite-tz,https://github.com/google/fonts/tree/main/ofl/playwrite-tz
playwrite-tz-guides,Playwrite TZ Guides,google-fonts,OFL,True,handwriting,False,,False,1,,,TypeTogether|Veronika Burian|José Scaglione,https://fonts.google.com/specimen/Playwrite+TZ+Guides,https://github.com/google/fonts/tree/main/ofl/playwrite-tz-guides,https://github.com/google/fonts/tree/main/ofl/playwrite-tz-guides
playwrite-us-modern,Playwrite US Modern,google-fonts,OFL,True,handwriting,False,,True,4,,,TypeTogether|Veronika Burian|José Scaglione,https://fonts.google.com/specimen/Playwrite+US+Modern,https://github.com/google/fonts/tree/main/ofl/playwrite-us-modern,https://github.com/google/fonts/tree/main/ofl/playwrite-us-modern
playwrite-us-modern-guides,Playwrite US Modern Guides,google-fonts,OFL,True,handwriting,False,,False,1,,,TypeTogether|Veronika Burian|José Scaglione,https://fonts.google.com/specimen/Playwrite+US+Modern+Guides,https://github.com/google/fonts/tree/main/ofl/playwrite-us-modern-guides,https://github.com/google/fonts/tree/main/ofl/playwrite-us-modern-guides
playwrite-us-trad,Playwrite US Trad,google-fonts,OFL,True,handwriting,False,,True,4,,,TypeTogether|Veronika Burian|José Scaglione,https://fonts.google.com/specimen/Playwrite+US+Trad,https://github.com/google/fonts/tree/main/ofl/playwrite-us-trad,https://github.com/google/fonts/tree/main/ofl/playwrite-us-trad
playwrite-us-trad-guides,Playwrite US Trad Guides,google-fonts,OFL,True,handwriting,False,,False,1,,,TypeTogether|Veronika Burian|José Scaglione,https://fonts.google.com/specimen/Playwrite+US+Trad+Guides,https://github.com/google/fonts/tree/main/ofl/playwrite-us-trad-guides,https://github.com/google/fonts/tree/main/ofl/playwrite-us-trad-guides
playwrite-vn,Playwrite VN,google-fonts,OFL,True,handwriting,False,,True,4,,,TypeTogether|Veronika Burian|José Scaglione,https://fonts.google.com/specimen/Playwrite+VN,https://github.com/google/fonts/tree/main/ofl/playwrite-vn,https://github.com/google/fonts/tree/main/ofl/playwrite-vn
playwrite-vn-guides,Playwrite VN Guides,google-fonts,OFL,True,handwriting,False,,False,1,,,TypeTogether|Veronika Burian|José Scaglione,https://fonts.google.com/specimen/Playwrite+VN+Guides,https://github.com/google/fonts/tree/main/ofl/playwrite-vn-guides,https://github.com/google/fonts/tree/main/ofl/playwrite-vn-guides
playwrite-za,Playwrite ZA,google-fonts,OFL,True,handwriting,False,,True,4,,,TypeTogether|Veronika Burian|José Scaglione,https://fonts.google.com/specimen/Playwrite+ZA,https://github.com/google/fonts/tree/main/ofl/playwrite-za,https://github.com/google/fonts/tree/main/ofl/playwrite-za
playwrite-za-guides,Playwrite ZA Guides,google-fonts,OFL,True,handwriting,False,,False,1,,,TypeTogether|Veronika Burian|José Scaglione,https://fonts.google.com/specimen/Playwrite+ZA+Guides,https://github.com/google/fonts/tree/main/ofl/playwrite-za-guides,https://github.com/google/fonts/tree/main/ofl/playwrite-za-guides
pliant,Pliant,google-fonts,OFL,True,sans-serif,False,,True,18,cyrillic|cyrillic-ext|greek|greek-ext|latin|latin-ext,Sans Serif,Non Foundry|Jona Saucedo,https://fonts.google.com/specimen/Pliant,https://github.com/google/fonts/tree/main/ofl/pliant,https://github.com/google/fonts/tree/main/ofl/pliant
pochaevsk,Pochaevsk,google-fonts,OFL,True,display,False,,False,1,cyrillic|cyrillic-ext|latin,,Aleksandr Andreev,https://fonts.google.com/specimen/Pochaevsk,https://github.com/google/fonts/tree/main/ofl/pochaevsk,https://github.com/google/fonts/tree/main/ofl/pochaevsk
podkova,Podkova,google-fonts,OFL,True,serif,False,,True,5,cyrillic|cyrillic-ext|latin|latin-ext|vietnamese,Serif,Cyreal,https://fonts.google.com/specimen/Podkova,https://github.com/google/fonts/tree/main/ofl/podkova,https://github.com/google/fonts/tree/main/ofl/podkova
poetsen-one,Poetsen One,google-fonts,OFL,True,display,False,,False,1,latin|latin-ext,Sans Serif,Rodrigo Fuenzalida|Pablo Impallari,https://fonts.google.com/specimen/Poetsen+One,https://github.com/google/fonts/tree/main/ofl/poetsen-one,https://github.com/google/fonts/tree/main/ofl/poetsen-one
poiret-one,Poiret One,google-fonts,OFL,True,display,False,,False,1,cyrillic|latin|latin-ext,Sans Serif,Denis Masharov,https://fonts.google.com/specimen/Poiret+One,https://github.com/google/fonts/tree/main/ofl/poiret-one,https://github.com/google/fonts/tree/main/ofl/poiret-one
poller-one,Poller One,google-fonts,OFL,True,display,False,,False,1,latin,Sans Serif,Yvonne Schüttler,https://fonts.google.com/specimen/Poller+One,https://github.com/google/fonts/tree/main/ofl/poller-one,https://github.com/google/fonts/tree/main/ofl/poller-one
poltawski-nowy,Poltawski Nowy,google-fonts,OFL,True,serif,False,,True,8,latin|latin-ext|vietnamese,Serif,Adam Półtawski|Mateusz Machalski|Borys Kosmynka|Ania Wieluńska,https://fonts.google.com/specimen/Poltawski+Nowy,https://github.com/google/fonts/tree/main/ofl/poltawski-nowy,https://github.com/google/fonts/tree/main/ofl/poltawski-nowy
poly,Poly,google-fonts,OFL,True,serif,False,,False,2,latin|latin-ext,Serif,Nicolás Silva,https://fonts.google.com/specimen/Poly,https://github.com/google/fonts/tree/main/ofl/poly,https://github.com/google/fonts/tree/main/ofl/poly
pompiere,Pompiere,google-fonts,OFL,True,display,False,,False,1,latin,Sans Serif,Karolina Lach,https://fonts.google.com/specimen/Pompiere,https://github.com/google/fonts/tree/main/ofl/pompiere,https://github.com/google/fonts/tree/main/ofl/pompiere
ponnala,Ponnala,google-fonts,OFL,True,display,False,,False,1,latin|telugu,,Appaji Ambarisha Darbha,https://fonts.google.com/specimen/Ponnala,https://github.com/google/fonts/tree/main/ofl/ponnala,https://github.com/google/fonts/tree/main/ofl/ponnala
ponomar,Ponomar,google-fonts,OFL,True,display,False,,False,1,cyrillic|cyrillic-ext|latin,,Aleksandr Andreev,https://fonts.google.com/specimen/Ponomar,https://github.com/google/fonts/tree/main/ofl/ponomar,https://github.com/google/fonts/tree/main/ofl/ponomar
pontano-sans,Pontano Sans,google-fonts,OFL,True,sans-serif,False,,True,5,latin|latin-ext,Sans Serif,Vernon Adams,https://fonts.google.com/specimen/Pontano+Sans,https://github.com/google/fonts/tree/main/ofl/pontano-sans,https://github.com/google/fonts/tree/main/ofl/pontano-sans
poor-story,Poor Story,google-fonts,OFL,True,display,False,,False,1,korean|latin,,Yoon Design,https://fonts.google.com/specimen/Poor+Story,https://github.com/google/fonts/tree/main/ofl/poor-story,https://github.com/google/fonts/tree/main/ofl/poor-story
port-lligat-sans,Port Lligat Sans,google-fonts,OFL,True,sans-serif,False,,False,1,latin,Sans Serif,Tipo,https://fonts.google.com/specimen/Port+Lligat+Sans,https://github.com/google/fonts/tree/main/ofl/port-lligat-sans,https://github.com/google/fonts/tree/main/ofl/port-lligat-sans
port-lligat-slab,Port Lligat Slab,google-fonts,OFL,True,serif,False,,False,1,latin,Serif,Tipo,https://fonts.google.com/specimen/Port+Lligat+Slab,https://github.com/google/fonts/tree/main/ofl/port-lligat-slab,https://github.com/google/fonts/tree/main/ofl/port-lligat-slab
potta-one,Potta One,google-fonts,OFL,True,display,False,,False,1,japanese|latin|latin-ext|vietnamese,,Font Zone 108,https://fonts.google.com/specimen/Potta+One,https://github.com/google/fonts/tree/main/ofl/potta-one,https://github.com/google/fonts/tree/main/ofl/potta-one
pragati-narrow,Pragati Narrow,google-fonts,OFL,True,sans-serif,False,,False,2,devanagari|latin|latin-ext,Sans Serif,Omnibus-Type,https://fonts.google.com/specimen/Pragati+Narrow,https://github.com/google/fonts/tree/main/ofl/pragati-narrow,https://github.com/google/fonts/tree/main/ofl/pragati-narrow
praise,Praise,google-fonts,OFL,True,handwriting,False,,False,1,latin|latin-ext|vietnamese,,Robert Leuschke,https://fonts.google.com/specimen/Praise,https://github.com/google/fonts/tree/main/ofl/praise,https://github.com/google/fonts/tree/main/ofl/praise
prata,Prata,google-fonts,OFL,True,serif,False,,False,1,cyrillic|cyrillic-ext|latin|vietnamese,Serif,Cyreal,https://fonts.google.com/specimen/Prata,https://github.com/google/fonts/tree/main/ofl/prata,https://github.com/google/fonts/tree/main/ofl/prata
preahvihear,Preahvihear,google-fonts,OFL,True,sans-serif,False,,False,1,khmer|latin,Sans Serif,Danh Hong,https://fonts.google.com/specimen/Preahvihear,https://github.com/google/fonts/tree/main/ofl/preahvihear,https://github.com/google/fonts/tree/main/ofl/preahvihear
press-start-2p,Press Start 2P,google-fonts,OFL,True,display,False,,False,1,cyrillic|cyrillic-ext|greek|latin|latin-ext,,CodeMan38,https://fonts.google.com/specimen/Press+Start+2P,https://github.com/google/fonts/tree/main/ofl/press-start-2p,https://github.com/google/fonts/tree/main/ofl/press-start-2p
fontsource-pretendard,Pretendard,fontsource,OFL,True,sans-serif,False,,False,9,latin,fontsource|other,,https://fontsource.org/fonts/pretendard,https://fontsource.org/fonts/pretendard,
pridi,Pridi,google-fonts,OFL,True,serif,False,,False,6,latin|latin-ext|thai|vietnamese,Serif,Cadson Demak,https://fonts.google.com/specimen/Pridi,https://github.com/google/fonts/tree/main/ofl/pridi,https://github.com/google/fonts/tree/main/ofl/pridi
princess-sofia,Princess Sofia,google-fonts,OFL,True,handwriting,False,,False,1,latin|latin-ext,,Tart Workshop,https://fonts.google.com/specimen/Princess+Sofia,https://github.com/google/fonts/tree/main/ofl/princess-sofia,https://github.com/google/fonts/tree/main/ofl/princess-sofia
nerd-fonts-profont,ProFont,nerd-fonts,Mixed,True,monospace,False,,False,1,latin,nerd-font|icons|developer,Ryan L McIntyre (Nerd Fonts Patcher),https://github.com/ryanoasis/nerd-fonts/releases/latest,https://github.com/ryanoasis/nerd-fonts,https://github.com/ryanoasis/nerd-fonts
nerd-fonts-proggyclean,ProggyClean,nerd-fonts,Mixed,True,monospace,False,,False,1,latin,nerd-font|icons|developer,Ryan L McIntyre (Nerd Fonts Patcher),https://github.com/ryanoasis/nerd-fonts/releases/latest,https://github.com/ryanoasis/nerd-fonts,https://github.com/ryanoasis/nerd-fonts
prompt,Prompt,google-fonts,OFL,True,sans-serif,False,,False,18,latin|latin-ext|thai|vietnamese,Sans Serif,Cadson Demak,https://fonts.google.com/specimen/Prompt,https://github.com/google/fonts/tree/main/ofl/prompt,https://github.com/google/fonts/tree/main/ofl/prompt
prosto-one,Prosto One,google-fonts,OFL,True,display,False,,False,1,cyrillic|latin|latin-ext,Sans Serif,Jovanny Lemonad|Pavel Emelyanov,https://fonts.google.com/specimen/Prosto+One,https://github.com/google/fonts/tree/main/ofl/prosto-one,https://github.com/google/fonts/tree/main/ofl/prosto-one
protest-guerrilla,Protest Guerrilla,google-fonts,OFL,True,display,False,,False,1,latin|latin-ext|math|symbols|vietnamese,Sans Serif,Octavio Pardo,https://fonts.google.com/specimen/Protest+Guerrilla,https://github.com/google/fonts/tree/main/ofl/protest-guerrilla,https://github.com/google/fonts/tree/main/ofl/protest-guerrilla
protest-revolution,Protest Revolution,google-fonts,OFL,True,display,False,,False,1,latin|latin-ext|math|symbols|vietnamese,Sans Serif,Octavio Pardo,https://fonts.google.com/specimen/Protest+Revolution,https://github.com/google/fonts/tree/main/ofl/protest-revolution,https://github.com/google/fonts/tree/main/ofl/protest-revolution
protest-riot,Protest Riot,google-fonts,OFL,True,display,False,,False,1,latin|latin-ext|math|symbols|vietnamese,Sans Serif,Octavio Pardo,https://fonts.google.com/specimen/Protest+Riot,https://github.com/google/fonts/tree/main/ofl/protest-riot,https://github.com/google/fonts/tree/main/ofl/protest-riot
protest-strike,Protest Strike,google-fonts,OFL,True,display,False,,False,1,latin|latin-ext|math|symbols|vietnamese,Sans Serif,Octavio Pardo,https://fonts.google.com/specimen/Protest+Strike,https://github.com/google/fonts/tree/main/ofl/protest-strike,https://github.com/google/fonts/tree/main/ofl/protest-strike
proza-libre,Proza Libre,google-fonts,OFL,True,sans-serif,False,,False,10,latin|latin-ext,Sans Serif,Jasper de Waard,https://fonts.google.com/specimen/Proza+Libre,https://github.com/google/fonts/tree/main/ofl/proza-libre,https://github.com/google/fonts/tree/main/ofl/proza-libre
pt-mono,PT Mono,google-fonts,OFL,True,monospace,False,,False,1,cyrillic|cyrillic-ext|latin|latin-ext,,ParaType,https://fonts.google.com/specimen/PT+Mono,https://github.com/google/fonts/tree/main/ofl/pt-mono,https://github.com/google/fonts/tree/main/ofl/pt-mono
pt-sans-caption,PT Sans Caption,google-fonts,OFL,True,sans-serif,False,,False,2,cyrillic|cyrillic-ext|latin|latin-ext,Sans Serif,ParaType,https://fonts.google.com/specimen/PT+Sans+Caption,https://github.com/google/fonts/tree/main/ofl/pt-sans-caption,https://github.com/google/fonts/tree/main/ofl/pt-sans-caption
pt-sans-narrow,PT Sans Narrow,google-fonts,OFL,True,sans-serif,False,,False,2,cyrillic|cyrillic-ext|latin|latin-ext,Sans Serif,ParaType,https://fonts.google.com/specimen/PT+Sans+Narrow,https://github.com/google/fonts/tree/main/ofl/pt-sans-narrow,https://github.com/google/fonts/tree/main/ofl/pt-sans-narrow
pt-serif,PT Serif,google-fonts,OFL,True,serif,False,,False,4,cyrillic|cyrillic-ext|latin|latin-ext,Serif,ParaType,https://fonts.google.com/specimen/PT+Serif,https://github.com/google/fonts/tree/main/ofl/pt-serif,https://github.com/google/fonts/tree/main/ofl/pt-serif
pt-serif-caption,PT Serif Caption,google-fonts,OFL,True,serif,False,,False,2,cyrillic|cyrillic-ext|latin|latin-ext,Serif,ParaType,https://fonts.google.com/specimen/PT+Serif+Caption,https://github.com/google/fonts/tree/main/ofl/pt-serif-caption,https://github.com/google/fonts/tree/main/ofl/pt-serif-caption
puppies-play,Puppies Play,google-fonts,OFL,True,handwriting,False,,False,1,latin|latin-ext|vietnamese,,Robert Leuschke,https://fonts.google.com/specimen/Puppies+Play,https://github.com/google/fonts/tree/main/ofl/puppies-play,https://github.com/google/fonts/tree/main/ofl/puppies-play
puritan,Puritan,google-fonts,OFL,True,sans-serif,False,,False,4,latin,Sans Serif,Ben Weiner,https://fonts.google.com/specimen/Puritan,https://github.com/google/fonts/tree/main/ofl/puritan,https://github.com/google/fonts/tree/main/ofl/puritan
purple-purse,Purple Purse,google-fonts,OFL,True,display,False,,False,1,latin|latin-ext,Serif,Astigmatic,https://fonts.google.com/specimen/Purple+Purse,https://github.com/google/fonts/tree/main/ofl/purple-purse,https://github.com/google/fonts/tree/main/ofl/purple-purse
qahiri,Qahiri,google-fonts,OFL,True,sans-serif,False,,False,1,arabic|latin,Sans Serif,Khaled Hosny,https://fonts.google.com/specimen/Qahiri,https://github.com/google/fonts/tree/main/ofl/qahiri,https://github.com/google/fonts/tree/main/ofl/qahiri
quando,Quando,google-fonts,OFL,True,serif,False,,False,1,latin|latin-ext,Serif,Joana Correia,https://fonts.google.com/specimen/Quando,https://github.com/google/fonts/tree/main/ofl/quando,https://github.com/google/fonts/tree/main/ofl/quando
quantico,Quantico,google-fonts,OFL,True,sans-serif,False,,False,4,latin,Sans Serif,MADType,https://fonts.google.com/specimen/Quantico,https://github.com/google/fonts/tree/main/ofl/quantico,https://github.com/google/fonts/tree/main/ofl/quantico
quattrocento,Quattrocento,google-fonts,OFL,True,serif,False,,False,2,latin|latin-ext,Serif,Impallari Type,https://fonts.google.com/specimen/Quattrocento,https://github.com/google/fonts/tree/main/ofl/quattrocento,https://github.com/google/fonts/tree/main/ofl/quattrocento
quattrocento-sans,Quattrocento Sans,google-fonts,OFL,True,sans-serif,False,,False,4,latin|latin-ext,Sans Serif,Impallari Type,https://fonts.google.com/specimen/Quattrocento+Sans,https://github.com/google/fonts/tree/main/ofl/quattrocento-sans,https://github.com/google/fonts/tree/main/ofl/quattrocento-sans
questrial,Questrial,google-fonts,OFL,True,sans-serif,False,,False,1,latin|latin-ext|vietnamese,Sans Serif,Joe Prince|Laura Meseguer,https://fonts.google.com/specimen/Questrial,https://github.com/google/fonts/tree/main/ofl/questrial,https://github.com/google/fonts/tree/main/ofl/questrial
quintessential,Quintessential,google-fonts,OFL,True,handwriting,False,,False,1,latin|latin-ext,Serif,Astigmatic,https://fonts.google.com/specimen/Quintessential,https://github.com/google/fonts/tree/main/ofl/quintessential,https://github.com/google/fonts/tree/main/ofl/quintessential
qwigley,Qwigley,google-fonts,OFL,True,handwriting,False,,False,1,latin|latin-ext|vietnamese,,Robert Leuschke,https://fonts.google.com/specimen/Qwigley,https://github.com/google/fonts/tree/main/ofl/qwigley,https://github.com/google/fonts/tree/main/ofl/qwigley
qwitcher-grypen,Qwitcher Grypen,google-fonts,OFL,True,handwriting,False,,False,2,latin|latin-ext|vietnamese,,Robert Leuschke,https://fonts.google.com/specimen/Qwitcher+Grypen,https://github.com/google/fonts/tree/main/ofl/qwitcher-grypen,https://github.com/google/fonts/tree/main/ofl/qwitcher-grypen
racing-sans-one,Racing Sans One,google-fonts,OFL,True,display,False,,False,1,latin|latin-ext,Sans Serif,Impallari Type,https://fonts.google.com/specimen/Racing+Sans+One,https://github.com/google/fonts/tree/main/ofl/racing-sans-one,https://github.com/google/fonts/tree/main/ofl/racing-sans-one
radio-canada,Radio Canada,google-fonts,OFL,True,sans-serif,False,,True,10,canadian-aboriginal|latin|latin-ext|vietnamese,Sans Serif,Charles Daoud|Coppers and Brasses|Alexandre Saumier Demers|Jacques Le Bailly,https://fonts.google.com/specimen/Radio+Canada,https://github.com/google/fonts/tree/main/ofl/radio-canada,https://github.com/google/fonts/tree/main/ofl/radio-canada
radio-canada-big,Radio Canada Big,google-fonts,OFL,True,sans-serif,False,,True,8,latin|latin-ext,Sans Serif,Étienne Aubert Bonn,https://fonts.google.com/specimen/Radio+Canada+Big,https://github.com/google/fonts/tree/main/ofl/radio-canada-big,https://github.com/google/fonts/tree/main/ofl/radio-canada-big
radley,Radley,google-fonts,OFL,True,serif,False,,False,2,latin|latin-ext,Serif,Vernon Adams,https://fonts.google.com/specimen/Radley,https://github.com/google/fonts/tree/main/ofl/radley,https://github.com/google/fonts/tree/main/ofl/radley
rakkas,Rakkas,google-fonts,OFL,True,display,False,,False,1,arabic|latin|latin-ext,Serif,Zeynep Akay,https://fonts.google.com/specimen/Rakkas,https://github.com/google/fonts/tree/main/ofl/rakkas,https://github.com/google/fonts/tree/main/ofl/rakkas
raleway-dots,Raleway Dots,google-fonts,OFL,True,display,False,,False,1,latin|latin-ext,Sans Serif,Matt McInerney|Pablo Impallari|Rodrigo Fuenzalida|Brenda Gallo,https://fonts.google.com/specimen/Raleway+Dots,https://github.com/google/fonts/tree/main/ofl/raleway-dots,https://github.com/google/fonts/tree/main/ofl/raleway-dots
ramabhadra,Ramabhadra,google-fonts,OFL,True,sans-serif,False,,False,1,latin|telugu,Sans Serif,Purushoth Kumar Guttula,https://fonts.google.com/specimen/Ramabhadra,https://github.com/google/fonts/tree/main/ofl/ramabhadra,https://github.com/google/fonts/tree/main/ofl/ramabhadra
ramaraja,Ramaraja,google-fonts,OFL,True,serif,False,,False,1,latin|telugu,Serif,Appaji Ambarisha Darbha,https://fonts.google.com/specimen/Ramaraja,https://github.com/google/fonts/tree/main/ofl/ramaraja,https://github.com/google/fonts/tree/main/ofl/ramaraja
rambla,Rambla,google-fonts,OFL,True,sans-serif,False,,False,4,latin|latin-ext,Sans Serif,Martin Sommaruga,https://fonts.google.com/specimen/Rambla,https://github.com/google/fonts/tree/main/ofl/rambla,https://github.com/google/fonts/tree/main/ofl/rambla
rammetto-one,Rammetto One,google-fonts,OFL,True,display,False,,False,1,latin|latin-ext,Sans Serif,Vernon Adams,https://fonts.google.com/specimen/Rammetto+One,https://github.com/google/fonts/tree/main/ofl/rammetto-one,https://github.com/google/fonts/tree/main/ofl/rammetto-one
rampart-one,Rampart One,google-fonts,OFL,True,display,False,,False,1,cyrillic|japanese|latin|latin-ext,Sans Serif,Fontworks Inc.,https://fonts.google.com/specimen/Rampart+One,https://github.com/google/fonts/tree/main/ofl/rampart-one,https://github.com/google/fonts/tree/main/ofl/rampart-one
ramsina,Ramsina,google-fonts,OFL,True,serif,False,,False,1,latin|syriac,Serif,SIL International,https://fonts.google.com/specimen/Ramsina,https://github.com/google/fonts/tree/main/ofl/ramsina,https://github.com/google/fonts/tree/main/ofl/ramsina
ranchers,Ranchers,google-fonts,OFL,True,display,False,,False,1,latin|latin-ext,Sans Serif,Impallari Type,https://fonts.google.com/specimen/Ranchers,https://github.com/google/fonts/tree/main/ofl/ranchers,https://github.com/google/fonts/tree/main/ofl/ranchers
rancho,Rancho,google-fonts,OFL,True,handwriting,False,,False,1,latin,,Sideshow,https://fonts.google.com/specimen/Rancho,https://github.com/google/fonts/tree/main/ofl/rancho,https://github.com/google/fonts/tree/main/ofl/rancho
ranga,Ranga,google-fonts,OFL,True,display,False,,False,2,devanagari|latin|latin-ext,,TipTopTyp,https://fonts.google.com/specimen/Ranga,https://github.com/google/fonts/tree/main/ofl/ranga,https://github.com/google/fonts/tree/main/ofl/ranga
rasa,Rasa,google-fonts,OFL,True,serif,False,,True,10,gujarati|latin|latin-ext|vietnamese,Serif,Rosetta|Anna Giedryś|David Březina,https://fonts.google.com/specimen/Rasa,https://github.com/google/fonts/tree/main/ofl/rasa,https://github.com/google/fonts/tree/main/ofl/rasa
rationale,Rationale,google-fonts,OFL,True,sans-serif,False,,False,1,latin,Sans Serif,Cyreal,https://fonts.google.com/specimen/Rationale,https://github.com/google/fonts/tree/main/ofl/rationale,https://github.com/google/fonts/tree/main/ofl/rationale
ravi-prakash,Ravi Prakash,google-fonts,OFL,True,display,False,,False,1,latin|telugu,,Appaji Ambarisha Darbha,https://fonts.google.com/specimen/Ravi+Prakash,https://github.com/google/fonts/tree/main/ofl/ravi-prakash,https://github.com/google/fonts/tree/main/ofl/ravi-prakash
readex-pro,Readex Pro,google-fonts,OFL,True,sans-serif,False,,True,6,arabic|latin|latin-ext|vietnamese,Sans Serif,Thomas Jockin|Nadine Chahine|Bonnie Shaver-Troup|Santiago Orozco|Héctor Gómez,https://fonts.google.com/specimen/Readex+Pro,https://github.com/google/fonts/tree/main/ofl/readex-pro,https://github.com/google/fonts/tree/main/ofl/readex-pro
recursive,Recursive,google-fonts,OFL,True,sans-serif,False,,True,8,cyrillic-ext|latin|latin-ext|vietnamese,Sans Serif|developer|icons|nerd-font,Arrow Type|Stephen Nixon,https://fonts.google.com/specimen/Recursive,https://github.com/google/fonts/tree/main/ofl/recursive,https://github.com/google/fonts/tree/main/ofl/recursive
red-hat-mono,Red Hat Mono,google-fonts,OFL,True,monospace,False,,True,10,latin|latin-ext,Sans Serif,MCKL,https://fonts.google.com/specimen/Red+Hat+Mono,https://github.com/google/fonts/tree/main/ofl/red-hat-mono,https://github.com/google/fonts/tree/main/ofl/red-hat-mono
red-hat-text,Red Hat Text,google-fonts,OFL,True,sans-serif,False,,True,10,latin|latin-ext,Sans Serif,MCKL,https://fonts.google.com/specimen/Red+Hat+Text,https://github.com/google/fonts/tree/main/ofl/red-hat-text,https://github.com/google/fonts/tree/main/ofl/red-hat-text
red-rose,Red Rose,google-fonts,OFL,True,display,False,,True,5,latin|latin-ext|vietnamese,Serif,Jaikishan Patel,https://fonts.google.com/specimen/Red+Rose,https://github.com/google/fonts/tree/main/ofl/red-rose,https://github.com/google/fonts/tree/main/ofl/red-rose
redacted,Redacted,google-fonts,OFL,True,display,False,,False,1,latin|latin-ext,,Christian Naths,https://fonts.google.com/specimen/Redacted,https://github.com/google/fonts/tree/main/ofl/redacted,https://github.com/google/fonts/tree/main/ofl/redacted
redacted-script,Redacted Script,google-fonts,OFL,True,display,False,,False,3,latin|latin-ext,,Christian Naths,https://fonts.google.com/specimen/Redacted+Script,https://github.com/google/fonts/tree/main/ofl/redacted-script,https://github.com/google/fonts/tree/main/ofl/redacted-script
fontsource-redaction,Redaction,fontsource,OFL,True,serif,False,,False,4,latin,fontsource|other,,https://fontsource.org/fonts/redaction,https://fontsource.org/fonts/redaction,
fontsource-redaction-10,Redaction 10,fontsource,OFL,True,serif,False,,False,4,latin,fontsource|other,,https://fontsource.org/fonts/redaction-10,https://fontsource.org/fonts/redaction-10,
fontsource-redaction-100,Redaction 100,fontsource,OFL,True,serif,False,,False,4,latin,fontsource|other,,https://fontsource.org/fonts/redaction-100,https://fontsource.org/fonts/redaction-100,
fontsource-redaction-20,Redaction 20,fontsource,OFL,True,serif,False,,False,4,latin,fontsource|other,,https://fontsource.org/fonts/redaction-20,https://fontsource.org/fonts/redaction-20,
fontsource-redaction-35,Redaction 35,fontsource,OFL,True,serif,False,,False,4,latin,fontsource|other,,https://fontsource.org/fonts/redaction-35,https://fontsource.org/fonts/redaction-35,
fontsource-redaction-50,Redaction 50,fontsource,OFL,True,serif,False,,False,4,latin,fontsource|other,,https://fontsource.org/fonts/redaction-50,https://fontsource.org/fonts/redaction-50,
fontsource-redaction-70,Redaction 70,fontsource,OFL,True,serif,False,,False,4,latin,fontsource|other,,https://fontsource.org/fonts/redaction-70,https://fontsource.org/fonts/redaction-70,
reddit-mono,Reddit Mono,google-fonts,OFL,True,monospace,False,,True,8,latin|latin-ext|vietnamese,Sans Serif,Stephen Hutchings|OrangeRed,https://fonts.google.com/specimen/Reddit+Mono,https://github.com/google/fonts/tree/main/ofl/reddit-mono,https://github.com/google/fonts/tree/main/ofl/reddit-mono
reddit-sans,Reddit Sans,google-fonts,OFL,True,sans-serif,False,,True,16,latin|latin-ext|vietnamese,Sans Serif,Stephen Hutchings|OrangeRed,https://fonts.google.com/specimen/Reddit+Sans,https://github.com/google/fonts/tree/main/ofl/reddit-sans,https://github.com/google/fonts/tree/main/ofl/reddit-sans
reddit-sans-condensed,Reddit Sans Condensed,google-fonts,OFL,True,sans-serif,False,,True,8,latin|latin-ext|vietnamese,Sans Serif,Stephen Hutchings|OrangeRed,https://fonts.google.com/specimen/Reddit+Sans+Condensed,https://github.com/google/fonts/tree/main/ofl/reddit-sans-condensed,https://github.com/google/fonts/tree/main/ofl/reddit-sans-condensed
redressed,Redressed,google-fonts,OFL,True,handwriting,False,,False,1,latin|latin-ext,,Astigmatic,https://fonts.google.com/specimen/Redressed,https://github.com/google/fonts/tree/main/ofl/redressed,https://github.com/google/fonts/tree/main/ofl/redressed
reem-kufi,Reem Kufi,google-fonts,OFL,True,sans-serif,False,,True,4,arabic|latin|latin-ext|vietnamese,Sans Serif,Khaled Hosny|Santiago Orozco,https://fonts.google.com/specimen/Reem+Kufi,https://github.com/google/fonts/tree/main/ofl/reem-kufi,https://github.com/google/fonts/tree/main/ofl/reem-kufi
reem-kufi-fun,Reem Kufi Fun,google-fonts,OFL,True,sans-serif,False,,True,4,arabic|latin|latin-ext|vietnamese,Sans Serif,Khaled Hosny|Santiago Orozco,https://fonts.google.com/specimen/Reem+Kufi+Fun,https://github.com/google/fonts/tree/main/ofl/reem-kufi-fun,https://github.com/google/fonts/tree/main/ofl/reem-kufi-fun
reem-kufi-ink,Reem Kufi Ink,google-fonts,OFL,True,sans-serif,False,,False,1,arabic|latin|latin-ext|vietnamese,Sans Serif,Khaled Hosny|Santiago Orozco,https://fonts.google.com/specimen/Reem+Kufi+Ink,https://github.com/google/fonts/tree/main/ofl/reem-kufi-ink,https://github.com/google/fonts/tree/main/ofl/reem-kufi-ink
reenie-beanie,Reenie Beanie,google-fonts,OFL,True,handwriting,False,,False,1,latin,,James Grieshaber,https://fonts.google.com/specimen/Reenie+Beanie,https://github.com/google/fonts/tree/main/ofl/reenie-beanie,https://github.com/google/fonts/tree/main/ofl/reenie-beanie
reggae-one,Reggae One,google-fonts,OFL,True,display,False,,False,1,cyrillic|japanese|latin|latin-ext,,Fontworks Inc.,https://fonts.google.com/specimen/Reggae+One,https://github.com/google/fonts/tree/main/ofl/reggae-one,https://github.com/google/fonts/tree/main/ofl/reggae-one
rem,REM,google-fonts,OFL,True,sans-serif,False,,True,18,latin|latin-ext|vietnamese,Sans Serif,Octavio Pardo,https://fonts.google.com/specimen/REM,https://github.com/google/fonts/tree/main/ofl/rem,https://github.com/google/fonts/tree/main/ofl/rem
rethink-sans,Rethink Sans,google-fonts,OFL,True,sans-serif,False,,True,10,latin|latin-ext,Sans Serif,Hans Thiessen,https://fonts.google.com/specimen/Rethink+Sans,https://github.com/google/fonts/tree/main/ofl/rethink-sans,https://github.com/google/fonts/tree/main/ofl/rethink-sans
revalia,Revalia,google-fonts,OFL,True,display,False,,False,1,latin|latin-ext,Sans Serif,Johan Kallas|Mihkel Virkus,https://fonts.google.com/specimen/Revalia,https://github.com/google/fonts/tree/main/ofl/revalia,https://github.com/google/fonts/tree/main/ofl/revalia
rhodium-libre,Rhodium Libre,google-fonts,OFL,True,serif,False,,False,1,devanagari|latin|latin-ext,Serif,James Puckett,https://fonts.google.com/specimen/Rhodium+Libre,https://github.com/google/fonts/tree/main/ofl/rhodium-libre,https://github.com/google/fonts/tree/main/ofl/rhodium-libre
ribeye,Ribeye,google-fonts,OFL,True,display,False,,False,1,latin|latin-ext,Serif,Astigmatic,https://fonts.google.com/specimen/Ribeye,https://github.com/google/fonts/tree/main/ofl/ribeye,https://github.com/google/fonts/tree/main/ofl/ribeye
ribeye-marrow,Ribeye Marrow,google-fonts,OFL,True,display,False,,False,1,latin|latin-ext,Serif,Astigmatic,https://fonts.google.com/specimen/Ribeye+Marrow,https://github.com/google/fonts/tree/main/ofl/ribeye-marrow,https://github.com/google/fonts/tree/main/ofl/ribeye-marrow
righteous,Righteous,google-fonts,OFL,True,display,False,,False,1,latin|latin-ext,Sans Serif,Astigmatic,https://fonts.google.com/specimen/Righteous,https://github.com/google/fonts/tree/main/ofl/righteous,https://github.com/google/fonts/tree/main/ofl/righteous
risque,Risque,google-fonts,OFL,True,display,False,,False,1,latin|latin-ext,Serif,Astigmatic,https://fonts.google.com/specimen/Risque,https://github.com/google/fonts/tree/main/ofl/risque,https://github.com/google/fonts/tree/main/ofl/risque
road-rage,Road Rage,google-fonts,OFL,True,display,False,,False,1,latin|latin-ext|vietnamese,Sans Serif,Robert Leuschke,https://fonts.google.com/specimen/Road+Rage,https://github.com/google/fonts/tree/main/ofl/road-rage,https://github.com/google/fonts/tree/main/ofl/road-rage
roboto-condensed,Roboto Condensed,google-fonts,OFL,True,sans-serif,False,,True,18,cyrillic|cyrillic-ext|greek|greek-ext|latin|latin-ext|vietnamese,Sans Serif,Christian Robertson,https://fonts.google.com/specimen/Roboto+Condensed,https://github.com/google/fonts/tree/main/ofl/roboto-condensed,https://github.com/google/fonts/tree/main/ofl/roboto-condensed
roboto-flex,Roboto Flex,google-fonts,OFL,True,sans-serif,False,,True,10,cyrillic|cyrillic-ext|greek|latin|latin-ext|vietnamese,Sans Serif,Font Bureau|David Berlow|Santiago Orozco|Irene Vlachou|Ilya Ruderman|Yury Ostromentsky|Mikhail Strukov,https://fonts.google.com/specimen/Roboto+Flex,https://github.com/google/fonts/tree/main/ofl/roboto-flex,https://github.com/google/fonts/tree/main/ofl/roboto-flex
roboto-mono,Roboto Mono,google-fonts,OFL,True,monospace,False,,True,14,cyrillic|cyrillic-ext|greek|latin|latin-ext|vietnamese,developer|icons|nerd-font,Christian Robertson,https://fonts.google.com/specimen/Roboto+Mono,https://github.com/google/fonts/tree/main/ofl/roboto-mono,https://github.com/google/fonts/tree/main/ofl/roboto-mono
roboto-serif,Roboto Serif,google-fonts,OFL,True,serif,False,,True,18,cyrillic|cyrillic-ext|latin|latin-ext|vietnamese,Serif,Commercial Type|Greg Gazdowicz,https://fonts.google.com/specimen/Roboto+Serif,https://github.com/google/fonts/tree/main/ofl/roboto-serif,https://github.com/google/fonts/tree/main/ofl/roboto-serif
rochester,Rochester,google-fonts,OFL,True,handwriting,False,,False,1,latin,,Sideshow,https://fonts.google.com/specimen/Rochester,https://github.com/google/fonts/tree/main/ofl/rochester,https://github.com/google/fonts/tree/main/ofl/rochester
rock-3d,Rock 3D,google-fonts,OFL,True,display,False,,False,1,japanese|latin,,Shibuya Font,https://fonts.google.com/specimen/Rock+3D,https://github.com/google/fonts/tree/main/ofl/rock-3d,https://github.com/google/fonts/tree/main/ofl/rock-3d
rock-salt,Rock Salt,google-fonts,OFL,True,handwriting,False,,False,1,latin,,Sideshow,https://fonts.google.com/specimen/Rock+Salt,https://github.com/google/fonts/tree/main/ofl/rock-salt,https://github.com/google/fonts/tree/main/ofl/rock-salt
rocknroll-one,RocknRoll One,google-fonts,OFL,True,sans-serif,False,,False,1,japanese|latin|latin-ext,Sans Serif,Fontworks Inc.,https://fonts.google.com/specimen/RocknRoll+One,https://github.com/google/fonts/tree/main/ofl/rocknroll-one,https://github.com/google/fonts/tree/main/ofl/rocknroll-one
rokkitt,Rokkitt,google-fonts,OFL,True,serif,False,,True,18,latin|latin-ext|vietnamese,Slab Serif,Vernon Adams,https://fonts.google.com/specimen/Rokkitt,https://github.com/google/fonts/tree/main/ofl/rokkitt,https://github.com/google/fonts/tree/main/ofl/rokkitt
romanesco,Romanesco,google-fonts,OFL,True,handwriting,False,,False,1,latin|latin-ext,,Astigmatic,https://fonts.google.com/specimen/Romanesco,https://github.com/google/fonts/tree/main/ofl/romanesco,https://github.com/google/fonts/tree/main/ofl/romanesco
ropa-sans,Ropa Sans,google-fonts,OFL,True,sans-serif,False,,False,2,latin|latin-ext,Sans Serif,Botjo Nikoltchev,https://fonts.google.com/specimen/Ropa+Sans,https://github.com/google/fonts/tree/main/ofl/ropa-sans,https://github.com/google/fonts/tree/main/ofl/ropa-sans
rosarivo,Rosarivo,google-fonts,OFL,True,serif,False,,False,2,latin|latin-ext,Serif,Pablo Ugerman,https://fonts.google.com/specimen/Rosarivo,https://github.com/google/fonts/tree/main/ofl/rosarivo,https://github.com/google/fonts/tree/main/ofl/rosarivo
rouge-script,Rouge Script,google-fonts,OFL,True,handwriting,False,,False,1,latin,,Sabrina Mariela Lopez,https://fonts.google.com/specimen/Rouge+Script,https://github.com/google/fonts/tree/main/ofl/rouge-script,https://github.com/google/fonts/tree/main/ofl/rouge-script
rowdies,Rowdies,google-fonts,OFL,True,display,False,,False,3,latin|latin-ext|vietnamese,Sans Serif,Jaikishan Patel,https://fonts.google.com/specimen/Rowdies,https://github.com/google/fonts/tree/main/ofl/rowdies,https://github.com/google/fonts/tree/main/ofl/rowdies
rozha-one,Rozha One,google-fonts,OFL,True,serif,False,,False,1,devanagari|latin|latin-ext,Serif,Indian Type Foundry,https://fonts.google.com/specimen/Rozha+One,https://github.com/google/fonts/tree/main/ofl/rozha-one,https://github.com/google/fonts/tree/main/ofl/rozha-one
rubik-80s-fade,Rubik 80s Fade,google-fonts,OFL,True,display,False,,False,1,cyrillic|cyrillic-ext|hebrew|latin|latin-ext,,NaN|Luke Prowse,https://fonts.google.com/specimen/Rubik+80s+Fade,https://github.com/google/fonts/tree/main/ofl/rubik-80s-fade,https://github.com/google/fonts/tree/main/ofl/rubik-80s-fade
rubik-beastly,Rubik Beastly,google-fonts,OFL,True,display,False,,False,1,cyrillic|cyrillic-ext|hebrew|latin|latin-ext,,NaN|Luke Prowse,https://fonts.google.com/specimen/Rubik+Beastly,https://github.com/google/fonts/tree/main/ofl/rubik-beastly,https://github.com/google/fonts/tree/main/ofl/rubik-beastly
rubik-broken-fax,Rubik Broken Fax,google-fonts,OFL,True,display,False,,False,1,cyrillic|cyrillic-ext|hebrew|latin|latin-ext|math|symbols,,NaN|Luke Prowse,https://fonts.google.com/specimen/Rubik+Broken+Fax,https://github.com/google/fonts/tree/main/ofl/rubik-broken-fax,https://github.com/google/fonts/tree/main/ofl/rubik-broken-fax
rubik-bubbles,Rubik Bubbles,google-fonts,OFL,True,display,False,,False,1,cyrillic|cyrillic-ext|hebrew|latin|latin-ext,,NaN|Luke Prowse,https://fonts.google.com/specimen/Rubik+Bubbles,https://github.com/google/fonts/tree/main/ofl/rubik-bubbles,https://github.com/google/fonts/tree/main/ofl/rubik-bubbles
rubik-burned,Rubik Burned,google-fonts,OFL,True,display,False,,False,1,cyrillic|cyrillic-ext|hebrew|latin|latin-ext,,NaN|Luke Prowse,https://fonts.google.com/specimen/Rubik+Burned,https://github.com/google/fonts/tree/main/ofl/rubik-burned,https://github.com/google/fonts/tree/main/ofl/rubik-burned
rubik-dirt,Rubik Dirt,google-fonts,OFL,True,display,False,,False,1,cyrillic|cyrillic-ext|hebrew|latin|latin-ext,,NaN|Luke Prowse,https://fonts.google.com/specimen/Rubik+Dirt,https://github.com/google/fonts/tree/main/ofl/rubik-dirt,https://github.com/google/fonts/tree/main/ofl/rubik-dirt
rubik-distressed,Rubik Distressed,google-fonts,OFL,True,display,False,,False,1,cyrillic|cyrillic-ext|hebrew|latin|latin-ext,,NaN|Luke Prowse,https://fonts.google.com/specimen/Rubik+Distressed,https://github.com/google/fonts/tree/main/ofl/rubik-distressed,https://github.com/google/fonts/tree/main/ofl/rubik-distressed
rubik-doodle-shadow,Rubik Doodle Shadow,google-fonts,OFL,True,display,False,,False,1,cyrillic|cyrillic-ext|hebrew|latin|latin-ext|math|symbols,,NaN|Luke Prowse,https://fonts.google.com/specimen/Rubik+Doodle+Shadow,https://github.com/google/fonts/tree/main/ofl/rubik-doodle-shadow,https://github.com/google/fonts/tree/main/ofl/rubik-doodle-shadow
rubik-doodle-triangles,Rubik Doodle Triangles,google-fonts,OFL,True,display,False,,False,1,cyrillic|cyrillic-ext|hebrew|latin|latin-ext|math|symbols,,NaN|Luke Prowse,https://fonts.google.com/specimen/Rubik+Doodle+Triangles,https://github.com/google/fonts/tree/main/ofl/rubik-doodle-triangles,https://github.com/google/fonts/tree/main/ofl/rubik-doodle-triangles
rubik-gemstones,Rubik Gemstones,google-fonts,OFL,True,display,False,,False,1,cyrillic|cyrillic-ext|hebrew|latin|latin-ext,,NaN|Luke Prowse,https://fonts.google.com/specimen/Rubik+Gemstones,https://github.com/google/fonts/tree/main/ofl/rubik-gemstones,https://github.com/google/fonts/tree/main/ofl/rubik-gemstones
rubik-glitch,Rubik Glitch,google-fonts,OFL,True,display,False,,False,1,cyrillic|cyrillic-ext|hebrew|latin|latin-ext,,NaN|Luke Prowse,https://fonts.google.com/specimen/Rubik+Glitch,https://github.com/google/fonts/tree/main/ofl/rubik-glitch,https://github.com/google/fonts/tree/main/ofl/rubik-glitch
rubik-glitch-pop,Rubik Glitch Pop,google-fonts,OFL,True,display,False,,False,1,cyrillic|cyrillic-ext|hebrew|latin|latin-ext|math|symbols,,NaN|Luke Prowse,https://fonts.google.com/specimen/Rubik+Glitch+Pop,https://github.com/google/fonts/tree/main/ofl/rubik-glitch-pop,https://github.com/google/fonts/tree/main/ofl/rubik-glitch-pop
rubik-iso,Rubik Iso,google-fonts,OFL,True,display,False,,False,1,cyrillic|cyrillic-ext|hebrew|latin|latin-ext,,NaN|Luke Prowse,https://fonts.google.com/specimen/Rubik+Iso,https://github.com/google/fonts/tree/main/ofl/rubik-iso,https://github.com/google/fonts/tree/main/ofl/rubik-iso
rubik-lines,Rubik Lines,google-fonts,OFL,True,display,False,,False,1,cyrillic|cyrillic-ext|hebrew|latin|latin-ext|math|symbols,,NaN|Luke Prowse,https://fonts.google.com/specimen/Rubik+Lines,https://github.com/google/fonts/tree/main/ofl/rubik-lines,https://github.com/google/fonts/tree/main/ofl/rubik-lines
rubik-maps,Rubik Maps,google-fonts,OFL,True,display,False,,False,1,cyrillic|cyrillic-ext|hebrew|latin|latin-ext|math|symbols,,NaN|Luke Prowse,https://fonts.google.com/specimen/Rubik+Maps,https://github.com/google/fonts/tree/main/ofl/rubik-maps,https://github.com/google/fonts/tree/main/ofl/rubik-maps
rubik-marker-hatch,Rubik Marker Hatch,google-fonts,OFL,True,display,False,,False,1,cyrillic|cyrillic-ext|hebrew|latin|latin-ext,,NaN|Luke Prowse,https://fonts.google.com/specimen/Rubik+Marker+Hatch,https://github.com/google/fonts/tree/main/ofl/rubik-marker-hatch,https://github.com/google/fonts/tree/main/ofl/rubik-marker-hatch
rubik-maze,Rubik Maze,google-fonts,OFL,True,display,False,,False,1,cyrillic|cyrillic-ext|hebrew|latin|latin-ext,,NaN|Luke Prowse,https://fonts.google.com/specimen/Rubik+Maze,https://github.com/google/fonts/tree/main/ofl/rubik-maze,https://github.com/google/fonts/tree/main/ofl/rubik-maze
rubik-microbe,Rubik Microbe,google-fonts,OFL,True,display,False,,False,1,cyrillic|cyrillic-ext|hebrew|latin|latin-ext,,NaN|Luke Prowse,https://fonts.google.com/specimen/Rubik+Microbe,https://github.com/google/fonts/tree/main/ofl/rubik-microbe,https://github.com/google/fonts/tree/main/ofl/rubik-microbe
rubik-mono-one,Rubik Mono One,google-fonts,OFL,True,sans-serif,False,,False,1,cyrillic|latin|latin-ext,Sans Serif,Hubert and Fischer,https://fonts.google.com/specimen/Rubik+Mono+One,https://github.com/google/fonts/tree/main/ofl/rubik-mono-one,https://github.com/google/fonts/tree/main/ofl/rubik-mono-one
rubik-moonrocks,Rubik Moonrocks,google-fonts,OFL,True,display,False,,False,1,cyrillic|cyrillic-ext|hebrew|latin|latin-ext,Sans Serif,NaN|Luke Prowse,https://fonts.google.com/specimen/Rubik+Moonrocks,https://github.com/google/fonts/tree/main/ofl/rubik-moonrocks,https://github.com/google/fonts/tree/main/ofl/rubik-moonrocks
fontsource-rubik-one,Rubik One,fontsource,OFL,True,sans-serif,False,,False,1,latin,fontsource|other,,https://fontsource.org/fonts/rubik-one,https://fontsource.org/fonts/rubik-one,
rubik-pixels,Rubik Pixels,google-fonts,OFL,True,display,False,,False,1,cyrillic|cyrillic-ext|hebrew|latin|latin-ext,,NaN|Luke Prowse,https://fonts.google.com/specimen/Rubik+Pixels,https://github.com/google/fonts/tree/main/ofl/rubik-pixels,https://github.com/google/fonts/tree/main/ofl/rubik-pixels
rubik-puddles,Rubik Puddles,google-fonts,OFL,True,display,False,,False,1,cyrillic|cyrillic-ext|hebrew|latin|latin-ext,,NaN|Luke Prowse,https://fonts.google.com/specimen/Rubik+Puddles,https://github.com/google/fonts/tree/main/ofl/rubik-puddles,https://github.com/google/fonts/tree/main/ofl/rubik-puddles
rubik-scribble,Rubik Scribble,google-fonts,OFL,True,display,False,,False,1,cyrillic|cyrillic-ext|hebrew|latin|latin-ext|math|symbols,,NaN|Luke Prowse,https://fonts.google.com/specimen/Rubik+Scribble,https://github.com/google/fonts/tree/main/ofl/rubik-scribble,https://github.com/google/fonts/tree/main/ofl/rubik-scribble
rubik-spray-paint,Rubik Spray Paint,google-fonts,OFL,True,display,False,,False,1,cyrillic|cyrillic-ext|hebrew|latin|latin-ext,,NaN|Luke Prowse,https://fonts.google.com/specimen/Rubik+Spray+Paint,https://github.com/google/fonts/tree/main/ofl/rubik-spray-paint,https://github.com/google/fonts/tree/main/ofl/rubik-spray-paint
rubik-storm,Rubik Storm,google-fonts,OFL,True,display,False,,False,1,cyrillic|cyrillic-ext|hebrew|latin|latin-ext,,NaN|Luke Prowse,https://fonts.google.com/specimen/Rubik+Storm,https://github.com/google/fonts/tree/main/ofl/rubik-storm,https://github.com/google/fonts/tree/main/ofl/rubik-storm
rubik-vinyl,Rubik Vinyl,google-fonts,OFL,True,display,False,,False,1,cyrillic|cyrillic-ext|hebrew|latin|latin-ext,,NaN|Luke Prowse,https://fonts.google.com/specimen/Rubik+Vinyl,https://github.com/google/fonts/tree/main/ofl/rubik-vinyl,https://github.com/google/fonts/tree/main/ofl/rubik-vinyl
rubik-wet-paint,Rubik Wet Paint,google-fonts,OFL,True,display,False,,False,1,cyrillic|cyrillic-ext|hebrew|latin|latin-ext,,NaN|Luke Prowse,https://fonts.google.com/specimen/Rubik+Wet+Paint,https://github.com/google/fonts/tree/main/ofl/rubik-wet-paint,https://github.com/google/fonts/tree/main/ofl/rubik-wet-paint
ruda,Ruda,google-fonts,OFL,True,sans-serif,False,,True,6,cyrillic|latin|latin-ext|vietnamese,Sans Serif,Mariela Monsalve|Angelina Sanchez,https://fonts.google.com/specimen/Ruda,https://github.com/google/fonts/tree/main/ofl/ruda,https://github.com/google/fonts/tree/main/ofl/ruda
rufina,Rufina,google-fonts,OFL,True,serif,False,,False,2,latin|latin-ext,Serif,Martin Sommaruga,https://fonts.google.com/specimen/Rufina,https://github.com/google/fonts/tree/main/ofl/rufina,https://github.com/google/fonts/tree/main/ofl/rufina
ruge-boogie,Ruge Boogie,google-fonts,OFL,True,handwriting,False,,False,1,latin|latin-ext|vietnamese,,Robert Leuschke,https://fonts.google.com/specimen/Ruge+Boogie,https://github.com/google/fonts/tree/main/ofl/ruge-boogie,https://github.com/google/fonts/tree/main/ofl/ruge-boogie
ruluko,Ruluko,google-fonts,OFL,True,sans-serif,False,,False,1,latin|latin-ext,Sans Serif,Ana Sanfelippo|Angélica Díaz|Meme Hernández,https://fonts.google.com/specimen/Ruluko,https://github.com/google/fonts/tree/main/ofl/ruluko,https://github.com/google/fonts/tree/main/ofl/ruluko
rum-raisin,Rum Raisin,google-fonts,OFL,True,sans-serif,False,,False,1,latin|latin-ext,Sans Serif,Astigmatic,https://fonts.google.com/specimen/Rum+Raisin,https://github.com/google/fonts/tree/main/ofl/rum-raisin,https://github.com/google/fonts/tree/main/ofl/rum-raisin
ruslan-display,Ruslan Display,google-fonts,OFL,True,display,False,,False,1,cyrillic|latin|latin-ext|math|symbols,Sans Serif,Oleg Snarsky|Denis Masharov|Vladimir Rabdu,https://fonts.google.com/specimen/Ruslan+Display,https://github.com/google/fonts/tree/main/ofl/ruslan-display,https://github.com/google/fonts/tree/main/ofl/ruslan-display
russo-one,Russo One,google-fonts,OFL,True,sans-serif,False,,False,1,cyrillic|latin|latin-ext,Sans Serif,Jovanny Lemonad,https://fonts.google.com/specimen/Russo+One,https://github.com/google/fonts/tree/main/ofl/russo-one,https://github.com/google/fonts/tree/main/ofl/russo-one
ruthie,Ruthie,google-fonts,OFL,True,handwriting,False,,False,1,latin|latin-ext|vietnamese,,Robert Leuschke,https://fonts.google.com/specimen/Ruthie,https://github.com/google/fonts/tree/main/ofl/ruthie,https://github.com/google/fonts/tree/main/ofl/ruthie
ruwudu,Ruwudu,google-fonts,OFL,True,serif,False,,False,4,arabic|latin|latin-ext,Serif,SIL International,https://fonts.google.com/specimen/Ruwudu,https://github.com/google/fonts/tree/main/ofl/ruwudu,https://github.com/google/fonts/tree/main/ofl/ruwudu
rye,Rye,google-fonts,OFL,True,display,False,,False,1,latin|latin-ext,Serif,Nicole Fally,https://fonts.google.com/specimen/Rye,https://github.com/google/fonts/tree/main/ofl/rye,https://github.com/google/fonts/tree/main/ofl/rye
sacramento,Sacramento,google-fonts,OFL,True,handwriting,False,,False,1,latin|latin-ext,,Astigmatic,https://fonts.google.com/specimen/Sacramento,https://github.com/google/fonts/tree/main/ofl/sacramento,https://github.com/google/fonts/tree/main/ofl/sacramento
sahitya,Sahitya,google-fonts,OFL,True,serif,False,,False,2,devanagari|latin,Serif,Juan Pablo del Peral,https://fonts.google.com/specimen/Sahitya,https://github.com/google/fonts/tree/main/ofl/sahitya,https://github.com/google/fonts/tree/main/ofl/sahitya
sail,Sail,google-fonts,OFL,True,display,False,,False,1,latin|latin-ext,,Miguel Hernandez,https://fonts.google.com/specimen/Sail,https://github.com/google/fonts/tree/main/ofl/sail,https://github.com/google/fonts/tree/main/ofl/sail
saira-condensed,Saira Condensed,google-fonts,OFL,True,sans-serif,False,,False,9,latin|latin-ext|vietnamese,Sans Serif,Omnibus-Type,https://fonts.google.com/specimen/Saira+Condensed,https://github.com/google/fonts/tree/main/ofl/saira-condensed,https://github.com/google/fonts/tree/main/ofl/saira-condensed
saira-extra-condensed,Saira Extra Condensed,google-fonts,OFL,True,sans-serif,False,,False,9,latin|latin-ext|vietnamese,Sans Serif,Omnibus-Type,https://fonts.google.com/specimen/Saira+Extra+Condensed,https://github.com/google/fonts/tree/main/ofl/saira-extra-condensed,https://github.com/google/fonts/tree/main/ofl/saira-extra-condensed
saira-semi-condensed,Saira Semi Condensed,google-fonts,OFL,True,sans-serif,False,,False,9,latin|latin-ext|vietnamese,Sans Serif,Omnibus-Type,https://fonts.google.com/specimen/Saira+Semi+Condensed,https://github.com/google/fonts/tree/main/ofl/saira-semi-condensed,https://github.com/google/fonts/tree/main/ofl/saira-semi-condensed
salsa,Salsa,google-fonts,OFL,True,display,False,,False,1,latin,Sans Serif,John Vargas Beltrán,https://fonts.google.com/specimen/Salsa,https://github.com/google/fonts/tree/main/ofl/salsa,https://github.com/google/fonts/tree/main/ofl/salsa
sanchez,Sanchez,google-fonts,OFL,True,serif,False,,False,2,latin|latin-ext,Slab Serif,Daniel Hernandez,https://fonts.google.com/specimen/Sanchez,https://github.com/google/fonts/tree/main/ofl/sanchez,https://github.com/google/fonts/tree/main/ofl/sanchez
sancreek,Sancreek,google-fonts,OFL,True,display,False,,False,1,latin|latin-ext,Serif,Vernon Adams,https://fonts.google.com/specimen/Sancreek,https://github.com/google/fonts/tree/main/ofl/sancreek,https://github.com/google/fonts/tree/main/ofl/sancreek
sankofa-display,Sankofa Display,google-fonts,OFL,True,sans-serif,False,,False,1,latin|latin-ext|vietnamese,Sans Serif,Batsirai Madzonga,https://fonts.google.com/specimen/Sankofa+Display,https://github.com/google/fonts/tree/main/ofl/sankofa-display,https://github.com/google/fonts/tree/main/ofl/sankofa-display
sansation,Sansation,google-fonts,OFL,True,sans-serif,False,,False,6,cyrillic|greek|latin|latin-ext,Sans Serif,Bernd Montag,https://fonts.google.com/specimen/Sansation,https://github.com/google/fonts/tree/main/ofl/sansation,https://github.com/google/fonts/tree/main/ofl/sansation
sarabun,Sarabun,google-fonts,OFL,True,sans-serif,False,,False,16,latin|latin-ext|thai|vietnamese,Sans Serif,Suppakit Chalermlarp,https://fonts.google.com/specimen/Sarabun,https://github.com/google/fonts/tree/main/ofl/sarabun,https://github.com/google/fonts/tree/main/ofl/sarabun
sarala,Sarala,google-fonts,OFL,True,sans-serif,False,,False,2,devanagari|latin|latin-ext,Sans Serif,HT Fonts|Andres Torresi,https://fonts.google.com/specimen/Sarala,https://github.com/google/fonts/tree/main/ofl/sarala,https://github.com/google/fonts/tree/main/ofl/sarala
sarina,Sarina,google-fonts,OFL,True,display,False,,False,1,latin|latin-ext,,James Grieshaber,https://fonts.google.com/specimen/Sarina,https://github.com/google/fonts/tree/main/ofl/sarina,https://github.com/google/fonts/tree/main/ofl/sarina
sarpanch,Sarpanch,google-fonts,OFL,True,sans-serif,False,,False,6,devanagari|latin|latin-ext,Sans Serif,Indian Type Foundry,https://fonts.google.com/specimen/Sarpanch,https://github.com/google/fonts/tree/main/ofl/sarpanch,https://github.com/google/fonts/tree/main/ofl/sarpanch
sassy-frass,Sassy Frass,google-fonts,OFL,True,handwriting,False,,False,1,latin|latin-ext|vietnamese,,Robert Leuschke,https://fonts.google.com/specimen/Sassy+Frass,https://github.com/google/fonts/tree/main/ofl/sassy-frass,https://github.com/google/fonts/tree/main/ofl/sassy-frass
satisfy,Satisfy,google-fonts,OFL,True,handwriting,False,,False,1,latin,,Sideshow,https://fonts.google.com/specimen/Satisfy,https://github.com/google/fonts/tree/main/ofl/satisfy,https://github.com/google/fonts/tree/main/ofl/satisfy
savate,Savate,google-fonts,OFL,True,sans-serif,False,,True,16,latin|latin-ext,Sans Serif,Plomb Type|Max Esnée,https://fonts.google.com/specimen/Savate,https://github.com/google/fonts/tree/main/ofl/savate,https://github.com/google/fonts/tree/main/ofl/savate
sawarabi-gothic,Sawarabi Gothic,google-fonts,OFL,True,sans-serif,False,,False,1,cyrillic|japanese|latin|latin-ext|vietnamese,Sans Serif,mshio,https://fonts.google.com/specimen/Sawarabi+Gothic,https://github.com/google/fonts/tree/main/ofl/sawarabi-gothic,https://github.com/google/fonts/tree/main/ofl/sawarabi-gothic
sawarabi-mincho,Sawarabi Mincho,google-fonts,OFL,True,serif,False,,False,1,braille|japanese|latin|latin-ext,Serif,mshio,https://fonts.google.com/specimen/Sawarabi+Mincho,https://github.com/google/fonts/tree/main/ofl/sawarabi-mincho,https://github.com/google/fonts/tree/main/ofl/sawarabi-mincho
scada,Scada,google-fonts,OFL,True,sans-serif,False,,False,4,cyrillic|cyrillic-ext|latin|latin-ext,Sans Serif,Jovanny Lemonad,https://fonts.google.com/specimen/Scada,https://github.com/google/fonts/tree/main/ofl/scada,https://github.com/google/fonts/tree/main/ofl/scada
scheherazade-new,Scheherazade New,google-fonts,OFL,True,serif,False,,False,4,arabic|latin|latin-ext,Serif,SIL International,https://fonts.google.com/specimen/Scheherazade+New,https://github.com/google/fonts/tree/main/ofl/scheherazade-new,https://github.com/google/fonts/tree/main/ofl/scheherazade-new
schibsted-grotesk,Schibsted Grotesk,google-fonts,OFL,True,sans-serif,False,,True,12,latin|latin-ext,Sans Serif,Bakken & Bæck|Henrik Kongsvoll,https://fonts.google.com/specimen/Schibsted+Grotesk,https://github.com/google/fonts/tree/main/ofl/schibsted-grotesk,https://github.com/google/fonts/tree/main/ofl/schibsted-grotesk
schoolbell,Schoolbell,google-fonts,OFL,True,handwriting,False,,False,1,latin,,Font Diner,https://fonts.google.com/specimen/Schoolbell,https://github.com/google/fonts/tree/main/ofl/schoolbell,https://github.com/google/fonts/tree/main/ofl/schoolbell
science-gothic,Science Gothic,google-fonts,OFL,True,sans-serif,False,,True,9,cyrillic|cyrillic-ext|latin|latin-ext|vietnamese,Sans Serif,Thomas Phinney|Vassil Kateliev|Brandon Buerkle,https://fonts.google.com/specimen/Science+Gothic,https://github.com/google/fonts/tree/main/ofl/science-gothic,https://github.com/google/fonts/tree/main/ofl/science-gothic
scope-one,Scope One,google-fonts,OFL,True,serif,False,,False,1,latin|latin-ext,Serif,Dalton Maag,https://fonts.google.com/specimen/Scope+One,https://github.com/google/fonts/tree/main/ofl/scope-one,https://github.com/google/fonts/tree/main/ofl/scope-one
seaweed-script,Seaweed Script,google-fonts,OFL,True,display,False,,False,1,latin|latin-ext,,Neapolitan,https://fonts.google.com/specimen/Seaweed+Script,https://github.com/google/fonts/tree/main/ofl/seaweed-script,https://github.com/google/fonts/tree/main/ofl/seaweed-script
secular-one,Secular One,google-fonts,OFL,True,sans-serif,False,,False,1,hebrew|latin|latin-ext,Sans Serif,Michal Sahar,https://fonts.google.com/specimen/Secular+One,https://github.com/google/fonts/tree/main/ofl/secular-one,https://github.com/google/fonts/tree/main/ofl/secular-one
sedan,Sedan,google-fonts,OFL,True,serif,False,,False,2,latin|latin-ext,Serif,Sebastián Salazar,https://fonts.google.com/specimen/Sedan,https://github.com/google/fonts/tree/main/ofl/sedan,https://github.com/google/fonts/tree/main/ofl/sedan
sedan-sc,Sedan SC,google-fonts,OFL,True,serif,False,,False,1,latin|latin-ext,Serif,Sebastián Salazar,https://fonts.google.com/specimen/Sedan+SC,https://github.com/google/fonts/tree/main/ofl/sedan-sc,https://github.com/google/fonts/tree/main/ofl/sedan-sc
sedgwick-ave,Sedgwick Ave,google-fonts,OFL,True,handwriting,False,,False,1,latin|latin-ext|vietnamese,,Pedro Vergani|Kevin Burke,https://fonts.google.com/specimen/Sedgwick+Ave,https://github.com/google/fonts/tree/main/ofl/sedgwick-ave,https://github.com/google/fonts/tree/main/ofl/sedgwick-ave
sedgwick-ave-display,Sedgwick Ave Display,google-fonts,OFL,True,handwriting,False,,False,1,latin|latin-ext|vietnamese,,Pedro Vergani|Kevin Burke,https://fonts.google.com/specimen/Sedgwick+Ave+Display,https://github.com/google/fonts/tree/main/ofl/sedgwick-ave-display,https://github.com/google/fonts/tree/main/ofl/sedgwick-ave-display
sekuya,Sekuya,google-fonts,OFL,True,display,False,,False,1,latin|latin-ext,,SEKUYA,https://fonts.google.com/specimen/Sekuya,https://github.com/google/fonts/tree/main/ofl/sekuya,https://github.com/google/fonts/tree/main/ofl/sekuya
sen,Sen,google-fonts,OFL,True,sans-serif,False,,True,5,latin|latin-ext,Sans Serif,Kosal Sen,https://fonts.google.com/specimen/Sen,https://github.com/google/fonts/tree/main/ofl/sen,https://github.com/google/fonts/tree/main/ofl/sen
send-flowers,Send Flowers,google-fonts,OFL,True,handwriting,False,,False,1,latin|latin-ext|vietnamese,,Robert Leuschke,https://fonts.google.com/specimen/Send+Flowers,https://github.com/google/fonts/tree/main/ofl/send-flowers,https://github.com/google/fonts/tree/main/ofl/send-flowers
sevillana,Sevillana,google-fonts,OFL,True,display,False,,False,1,latin|latin-ext,,Brownfox,https://fonts.google.com/specimen/Sevillana,https://github.com/google/fonts/tree/main/ofl/sevillana,https://github.com/google/fonts/tree/main/ofl/sevillana
seymour-one,Seymour One,google-fonts,OFL,True,sans-serif,False,,False,1,cyrillic|latin|latin-ext,Sans Serif,Vernon Adams,https://fonts.google.com/specimen/Seymour+One,https://github.com/google/fonts/tree/main/ofl/seymour-one,https://github.com/google/fonts/tree/main/ofl/seymour-one
shadows-into-light,Shadows Into Light,google-fonts,OFL,True,handwriting,False,,False,1,latin|latin-ext,,Kimberly Geswein,https://fonts.google.com/specimen/Shadows+Into+Light,https://github.com/google/fonts/tree/main/ofl/shadows-into-light,https://github.com/google/fonts/tree/main/ofl/shadows-into-light
shadows-into-light-two,Shadows Into Light Two,google-fonts,OFL,True,handwriting,False,,False,1,latin|latin-ext,,Kimberly Geswein,https://fonts.google.com/specimen/Shadows+Into+Light+Two,https://github.com/google/fonts/tree/main/ofl/shadows-into-light-two,https://github.com/google/fonts/tree/main/ofl/shadows-into-light-two
shafarik,Shafarik,google-fonts,OFL,True,display,False,,False,1,cyrillic|cyrillic-ext|glagolitic|latin|latin-ext,,Aleksandr Andreev,https://fonts.google.com/specimen/Shafarik,https://github.com/google/fonts/tree/main/ofl/shafarik,https://github.com/google/fonts/tree/main/ofl/shafarik
shalimar,Shalimar,google-fonts,OFL,True,handwriting,False,,False,1,latin|latin-ext|vietnamese,,Robert Leuschke,https://fonts.google.com/specimen/Shalimar,https://github.com/google/fonts/tree/main/ofl/shalimar,https://github.com/google/fonts/tree/main/ofl/shalimar
shantell-sans,Shantell Sans,google-fonts,OFL,True,display,False,,True,12,cyrillic|cyrillic-ext|latin|latin-ext|vietnamese,Sans Serif,Shantell Martin|Arrow Type|Anya Danilova,https://fonts.google.com/specimen/Shantell+Sans,https://github.com/google/fonts/tree/main/ofl/shantell-sans,https://github.com/google/fonts/tree/main/ofl/shantell-sans
shanti,Shanti,google-fonts,OFL,True,sans-serif,False,,False,1,latin|latin-ext,Sans Serif,Vernon Adams,https://fonts.google.com/specimen/Shanti,https://github.com/google/fonts/tree/main/ofl/shanti,https://github.com/google/fonts/tree/main/ofl/shanti
share,Share,google-fonts,OFL,True,sans-serif,False,,False,4,latin|latin-ext,Sans Serif,Carrois Apostrophe,https://fonts.google.com/specimen/Share,https://github.com/google/fonts/tree/main/ofl/share,https://github.com/google/fonts/tree/main/ofl/share
share-tech,Share Tech,google-fonts,OFL,True,sans-serif,False,,False,1,latin,Sans Serif,Carrois Apostrophe,https://fonts.google.com/specimen/Share+Tech,https://github.com/google/fonts/tree/main/ofl/share-tech,https://github.com/google/fonts/tree/main/ofl/share-tech
share-tech-mono,Share Tech Mono,google-fonts,OFL,True,monospace,False,,False,1,latin,,Carrois Apostrophe,https://fonts.google.com/specimen/Share+Tech+Mono,https://github.com/google/fonts/tree/main/ofl/share-tech-mono,https://github.com/google/fonts/tree/main/ofl/share-tech-mono
nerd-fonts-sharetechmono,Sharetechmono,nerd-fonts,Mixed,True,monospace,False,,False,1,latin,nerd-font|icons|developer,Ryan L McIntyre (Nerd Fonts Patcher),https://github.com/ryanoasis/nerd-fonts/releases/latest,https://github.com/ryanoasis/nerd-fonts,https://github.com/ryanoasis/nerd-fonts
shippori-antique,Shippori Antique,google-fonts,OFL,True,sans-serif,False,,False,1,japanese|latin|latin-ext,Sans Serif,FONTDASU,https://fonts.google.com/specimen/Shippori+Antique,https://github.com/google/fonts/tree/main/ofl/shippori-antique,https://github.com/google/fonts/tree/main/ofl/shippori-antique
shippori-antique-b1,Shippori Antique B1,google-fonts,OFL,True,sans-serif,False,,False,1,japanese|latin|latin-ext,Sans Serif,FONTDASU,https://fonts.google.com/specimen/Shippori+Antique+B1,https://github.com/google/fonts/tree/main/ofl/shippori-antique-b1,https://github.com/google/fonts/tree/main/ofl/shippori-antique-b1
shippori-mincho,Shippori Mincho,google-fonts,OFL,True,serif,False,,False,5,japanese|latin|latin-ext,Serif,FONTDASU,https://fonts.google.com/specimen/Shippori+Mincho,https://github.com/google/fonts/tree/main/ofl/shippori-mincho,https://github.com/google/fonts/tree/main/ofl/shippori-mincho
shippori-mincho-b1,Shippori Mincho B1,google-fonts,OFL,True,serif,False,,False,5,japanese|latin|latin-ext,Serif,FONTDASU,https://fonts.google.com/specimen/Shippori+Mincho+B1,https://github.com/google/fonts/tree/main/ofl/shippori-mincho-b1,https://github.com/google/fonts/tree/main/ofl/shippori-mincho-b1
shizuru,Shizuru,google-fonts,OFL,True,display,False,,False,1,japanese|latin,,Shibuya Font,https://fonts.google.com/specimen/Shizuru,https://github.com/google/fonts/tree/main/ofl/shizuru,https://github.com/google/fonts/tree/main/ofl/shizuru
shojumaru,Shojumaru,google-fonts,OFL,True,display,False,,False,1,latin|latin-ext,,Astigmatic,https://fonts.google.com/specimen/Shojumaru,https://github.com/google/fonts/tree/main/ofl/shojumaru,https://github.com/google/fonts/tree/main/ofl/shojumaru
short-stack,Short Stack,google-fonts,OFL,True,handwriting,False,,False,1,latin,,James Grieshaber,https://fonts.google.com/specimen/Short+Stack,https://github.com/google/fonts/tree/main/ofl/short-stack,https://github.com/google/fonts/tree/main/ofl/short-stack
shrikhand,Shrikhand,google-fonts,OFL,True,display,False,,False,1,gujarati|latin|latin-ext,Serif,Jonny Pinhorn,https://fonts.google.com/specimen/Shrikhand,https://github.com/google/fonts/tree/main/ofl/shrikhand,https://github.com/google/fonts/tree/main/ofl/shrikhand
siemreap,Siemreap,google-fonts,OFL,True,sans-serif,False,,False,1,khmer,Sans Serif,Danh Hong,https://fonts.google.com/specimen/Siemreap,https://github.com/google/fonts/tree/main/ofl/siemreap,https://github.com/google/fonts/tree/main/ofl/siemreap
sigmar,Sigmar,google-fonts,OFL,True,display,False,,False,1,latin|latin-ext|vietnamese,Sans Serif,Vernon Adams,https://fonts.google.com/specimen/Sigmar,https://github.com/google/fonts/tree/main/ofl/sigmar,https://github.com/google/fonts/tree/main/ofl/sigmar
sigmar-one,Sigmar One,google-fonts,OFL,True,display,False,,False,1,latin|latin-ext|vietnamese,Sans Serif,Vernon Adams,https://fonts.google.com/specimen/Sigmar+One,https://github.com/google/fonts/tree/main/ofl/sigmar-one,https://github.com/google/fonts/tree/main/ofl/sigmar-one
signika,Signika,google-fonts,OFL,True,sans-serif,False,,True,5,latin|latin-ext|vietnamese,Sans Serif,Anna Giedryś,https://fonts.google.com/specimen/Signika,https://github.com/google/fonts/tree/main/ofl/signika,https://github.com/google/fonts/tree/main/ofl/signika
signika-negative,Signika Negative,google-fonts,OFL,True,sans-serif,False,,True,5,latin|latin-ext|vietnamese,Sans Serif,Anna Giedryś,https://fonts.google.com/specimen/Signika+Negative,https://github.com/google/fonts/tree/main/ofl/signika-negative,https://github.com/google/fonts/tree/main/ofl/signika-negative
silkscreen,Silkscreen,google-fonts,OFL,True,display,False,,False,2,latin|latin-ext,Sans Serif,Jason Kottke,https://fonts.google.com/specimen/Silkscreen,https://github.com/google/fonts/tree/main/ofl/silkscreen,https://github.com/google/fonts/tree/main/ofl/silkscreen
simonetta,Simonetta,google-fonts,OFL,True,display,False,,False,4,latin|latin-ext,Serif,Brownfox,https://fonts.google.com/specimen/Simonetta,https://github.com/google/fonts/tree/main/ofl/simonetta,https://github.com/google/fonts/tree/main/ofl/simonetta
single-day,Single Day,google-fonts,OFL,True,display,False,,False,1,korean,,DXKorea Inc,https://fonts.google.com/specimen/Single+Day,https://github.com/google/fonts/tree/main/ofl/single-day,https://github.com/google/fonts/tree/main/ofl/single-day
sintony,Sintony,google-fonts,OFL,True,sans-serif,False,,False,2,latin|latin-ext,Sans Serif,Eduardo Rodriguez Tunni,https://fonts.google.com/specimen/Sintony,https://github.com/google/fonts/tree/main/ofl/sintony,https://github.com/google/fonts/tree/main/ofl/sintony
sirin-stencil,Sirin Stencil,google-fonts,OFL,True,display,False,,False,1,latin,Sans Serif,Cyreal,https://fonts.google.com/specimen/Sirin+Stencil,https://github.com/google/fonts/tree/main/ofl/sirin-stencil,https://github.com/google/fonts/tree/main/ofl/sirin-stencil
sirivennela,Sirivennela,google-fonts,OFL,True,sans-serif,False,,False,1,latin|telugu,Sans Serif,Appaji Ambarisha Darbha,https://fonts.google.com/specimen/Sirivennela,https://github.com/google/fonts/tree/main/ofl/sirivennela,https://github.com/google/fonts/tree/main/ofl/sirivennela
six-caps,Six Caps,google-fonts,OFL,True,sans-serif,False,,False,1,latin|latin-ext,Sans Serif,Vernon Adams,https://fonts.google.com/specimen/Six+Caps,https://github.com/google/fonts/tree/main/ofl/six-caps,https://github.com/google/fonts/tree/main/ofl/six-caps
sixtyfour,Sixtyfour,google-fonts,OFL,True,monospace,False,,True,1,latin|latin-ext|math|symbols,Sans Serif,Jens Kutílek,https://fonts.google.com/specimen/Sixtyfour,https://github.com/google/fonts/tree/main/ofl/sixtyfour,https://github.com/google/fonts/tree/main/ofl/sixtyfour
sixtyfour-convergence,Sixtyfour Convergence,google-fonts,OFL,True,monospace,False,,True,1,latin|latin-ext|math|symbols,Sans Serif,Simon Cozens|Jens Kutílek,https://fonts.google.com/specimen/Sixtyfour+Convergence,https://github.com/google/fonts/tree/main/ofl/sixtyfour-convergence,https://github.com/google/fonts/tree/main/ofl/sixtyfour-convergence
skranji,Skranji,google-fonts,OFL,True,display,False,,False,2,latin|latin-ext,,Neapolitan,https://fonts.google.com/specimen/Skranji,https://github.com/google/fonts/tree/main/ofl/skranji,https://github.com/google/fonts/tree/main/ofl/skranji
slabo-13px,Slabo 13px,google-fonts,OFL,True,serif,False,,False,1,latin|latin-ext,Slab Serif,John Hudson,https://fonts.google.com/specimen/Slabo+13px,https://github.com/google/fonts/tree/main/ofl/slabo-13px,https://github.com/google/fonts/tree/main/ofl/slabo-13px
slabo-27px,Slabo 27px,google-fonts,OFL,True,serif,False,,False,1,latin|latin-ext,Slab Serif,John Hudson,https://fonts.google.com/specimen/Slabo+27px,https://github.com/google/fonts/tree/main/ofl/slabo-27px,https://github.com/google/fonts/tree/main/ofl/slabo-27px
slackey,Slackey,google-fonts,OFL,True,display,False,,False,1,latin,Sans Serif,Sideshow,https://fonts.google.com/specimen/Slackey,https://github.com/google/fonts/tree/main/ofl/slackey,https://github.com/google/fonts/tree/main/ofl/slackey
slackside-one,Slackside One,google-fonts,OFL,True,handwriting,False,,False,1,japanese|latin|latin-ext,,Maniackers Design,https://fonts.google.com/specimen/Slackside+One,https://github.com/google/fonts/tree/main/ofl/slackside-one,https://github.com/google/fonts/tree/main/ofl/slackside-one
smokum,Smokum,google-fonts,OFL,True,display,False,,False,1,latin|latin-ext,Serif,Astigmatic,https://fonts.google.com/specimen/Smokum,https://github.com/google/fonts/tree/main/ofl/smokum,https://github.com/google/fonts/tree/main/ofl/smokum
smooch,Smooch,google-fonts,OFL,True,handwriting,False,,False,1,latin|latin-ext|vietnamese,,Robert Leuschke,https://fonts.google.com/specimen/Smooch,https://github.com/google/fonts/tree/main/ofl/smooch,https://github.com/google/fonts/tree/main/ofl/smooch
smooch-sans,Smooch Sans,google-fonts,OFL,True,sans-serif,False,,True,9,latin|latin-ext|vietnamese,Sans Serif,Robert Leuschke,https://fonts.google.com/specimen/Smooch+Sans,https://github.com/google/fonts/tree/main/ofl/smooch-sans,https://github.com/google/fonts/tree/main/ofl/smooch-sans
smythe,Smythe,google-fonts,OFL,True,display,False,,False,1,latin,,Vernon Adams,https://fonts.google.com/specimen/Smythe,https://github.com/google/fonts/tree/main/ofl/smythe,https://github.com/google/fonts/tree/main/ofl/smythe
sn-pro,SN Pro,google-fonts,OFL,True,sans-serif,False,,True,16,cyrillic|cyrillic-ext|latin|latin-ext|vietnamese,Sans Serif,Tobias Whetton|Supernotes,https://fonts.google.com/specimen/SN+Pro,https://github.com/google/fonts/tree/main/ofl/sn-pro,https://github.com/google/fonts/tree/main/ofl/sn-pro
snippet,Snippet,google-fonts,OFL,True,sans-serif,False,,False,1,latin,Sans Serif,Gesine Todt,https://fonts.google.com/specimen/Snippet,https://github.com/google/fonts/tree/main/ofl/snippet,https://github.com/google/fonts/tree/main/ofl/snippet
snowburst-one,Snowburst One,google-fonts,OFL,True,display,False,,False,1,latin|latin-ext,,Annet Stirling,https://fonts.google.com/specimen/Snowburst+One,https://github.com/google/fonts/tree/main/ofl/snowburst-one,https://github.com/google/fonts/tree/main/ofl/snowburst-one
sofadi-one,Sofadi One,google-fonts,OFL,True,display,False,,False,1,latin,,Botjo Nikoltchev,https://fonts.google.com/specimen/Sofadi+One,https://github.com/google/fonts/tree/main/ofl/sofadi-one,https://github.com/google/fonts/tree/main/ofl/sofadi-one
sofia,Sofia,google-fonts,OFL,True,handwriting,False,,False,1,latin,,LatinoType,https://fonts.google.com/specimen/Sofia,https://github.com/google/fonts/tree/main/ofl/sofia,https://github.com/google/fonts/tree/main/ofl/sofia
sofia-sans,Sofia Sans,google-fonts,OFL,True,sans-serif,False,,True,22,cyrillic|cyrillic-ext|greek|latin|latin-ext,Sans Serif,Lettersoup|Botio Nikoltchev|Ani Petrova,https://fonts.google.com/specimen/Sofia+Sans,https://github.com/google/fonts/tree/main/ofl/sofia-sans,https://github.com/google/fonts/tree/main/ofl/sofia-sans
sofia-sans-condensed,Sofia Sans Condensed,google-fonts,OFL,True,sans-serif,False,,True,22,cyrillic|cyrillic-ext|greek|latin|latin-ext,Sans Serif,Lettersoup|Botio Nikoltchev|Ani Petrova,https://fonts.google.com/specimen/Sofia+Sans+Condensed,https://github.com/google/fonts/tree/main/ofl/sofia-sans-condensed,https://github.com/google/fonts/tree/main/ofl/sofia-sans-condensed
sofia-sans-extra-condensed,Sofia Sans Extra Condensed,google-fonts,OFL,True,sans-serif,False,,True,22,cyrillic|cyrillic-ext|greek|latin|latin-ext,Sans Serif,Lettersoup|Botio Nikoltchev|Ani Petrova,https://fonts.google.com/specimen/Sofia+Sans+Extra+Condensed,https://github.com/google/fonts/tree/main/ofl/sofia-sans-extra-condensed,https://github.com/google/fonts/tree/main/ofl/sofia-sans-extra-condensed
sofia-sans-semi-condensed,Sofia Sans Semi Condensed,google-fonts,OFL,True,sans-serif,False,,True,22,cyrillic|cyrillic-ext|greek|latin|latin-ext,Sans Serif,Lettersoup|Botio Nikoltchev|Ani Petrova,https://fonts.google.com/specimen/Sofia+Sans+Semi+Condensed,https://github.com/google/fonts/tree/main/ofl/sofia-sans-semi-condensed,https://github.com/google/fonts/tree/main/ofl/sofia-sans-semi-condensed
solitreo,Solitreo,google-fonts,OFL,True,handwriting,False,,False,1,hebrew|latin|latin-ext,,Nathan Gross|Bryan Kirschen,https://fonts.google.com/specimen/Solitreo,https://github.com/google/fonts/tree/main/ofl/solitreo,https://github.com/google/fonts/tree/main/ofl/solitreo
solway,Solway,google-fonts,OFL,True,serif,False,,False,5,latin,Serif,Mariya Lish|The Northern Block,https://fonts.google.com/specimen/Solway,https://github.com/google/fonts/tree/main/ofl/solway,https://github.com/google/fonts/tree/main/ofl/solway
sometype-mono,Sometype Mono,google-fonts,OFL,True,monospace,False,,True,8,latin|latin-ext,Sans Serif,Ryoichi Tsunekawa,https://fonts.google.com/specimen/Sometype+Mono,https://github.com/google/fonts/tree/main/ofl/sometype-mono,https://github.com/google/fonts/tree/main/ofl/sometype-mono
song-myung,Song Myung,google-fonts,OFL,True,serif,False,,False,1,korean,Serif,JIKJI,https://fonts.google.com/specimen/Song+Myung,https://github.com/google/fonts/tree/main/ofl/song-myung,https://github.com/google/fonts/tree/main/ofl/song-myung
sono,Sono,google-fonts,OFL,True,sans-serif,False,,True,7,latin|latin-ext|vietnamese,Sans Serif,Tyler Finck,https://fonts.google.com/specimen/Sono,https://github.com/google/fonts/tree/main/ofl/sono,https://github.com/google/fonts/tree/main/ofl/sono
sonsie-one,Sonsie One,google-fonts,OFL,True,display,False,,False,1,latin|latin-ext,,Riccardo De Franceschi,https://fonts.google.com/specimen/Sonsie+One,https://github.com/google/fonts/tree/main/ofl/sonsie-one,https://github.com/google/fonts/tree/main/ofl/sonsie-one
sour-gummy,Sour Gummy,google-fonts,OFL,True,sans-serif,False,,True,18,latin|latin-ext,Sans Serif,Stefie Justprince,https://fonts.google.com/specimen/Sour+Gummy,https://github.com/google/fonts/tree/main/ofl/sour-gummy,https://github.com/google/fonts/tree/main/ofl/sour-gummy
source-code-pro,Source Code Pro,google-fonts,OFL,True,monospace,False,,True,16,cyrillic|cyrillic-ext|greek|greek-ext|latin|latin-ext|vietnamese,developer|icons|nerd-font,Paul D. Hunt,https://fonts.google.com/specimen/Source+Code+Pro,https://github.com/google/fonts/tree/main/ofl/source-code-pro,https://github.com/google/fonts/tree/main/ofl/source-code-pro
source-serif-4,Source Serif 4,google-fonts,OFL,True,serif,False,,True,16,cyrillic|cyrillic-ext|greek|latin|latin-ext|vietnamese,Serif,Frank Grießhammer,https://fonts.google.com/specimen/Source+Serif+4,https://github.com/google/fonts/tree/main/ofl/source-serif-4,https://github.com/google/fonts/tree/main/ofl/source-serif-4
special-elite,Special Elite,google-fonts,OFL,True,display,False,,False,1,latin|latin-ext,,Astigmatic,https://fonts.google.com/specimen/Special+Elite,https://github.com/google/fonts/tree/main/ofl/special-elite,https://github.com/google/fonts/tree/main/ofl/special-elite
special-gothic,Special Gothic,google-fonts,OFL,True,sans-serif,False,,True,4,latin|latin-ext,Sans Serif,Alistair McCready,https://fonts.google.com/specimen/Special+Gothic,https://github.com/google/fonts/tree/main/ofl/special-gothic,https://github.com/google/fonts/tree/main/ofl/special-gothic
special-gothic-condensed-one,Special Gothic Condensed One,google-fonts,OFL,True,sans-serif,False,,False,1,latin|latin-ext,Sans Serif,Alistair McCready,https://fonts.google.com/specimen/Special+Gothic+Condensed+One,https://github.com/google/fonts/tree/main/ofl/special-gothic-condensed-one,https://github.com/google/fonts/tree/main/ofl/special-gothic-condensed-one
special-gothic-expanded-one,Special Gothic Expanded One,google-fonts,OFL,True,sans-serif,False,,False,1,latin|latin-ext,Sans Serif,Alistair McCready,https://fonts.google.com/specimen/Special+Gothic+Expanded+One,https://github.com/google/fonts/tree/main/ofl/special-gothic-expanded-one,https://github.com/google/fonts/tree/main/ofl/special-gothic-expanded-one
spectral,Spectral,google-fonts,OFL,True,serif,False,,False,14,cyrillic|cyrillic-ext|latin|latin-ext|vietnamese,Serif,Production Type,https://fonts.google.com/specimen/Spectral,https://github.com/google/fonts/tree/main/ofl/spectral,https://github.com/google/fonts/tree/main/ofl/spectral
spectral-sc,Spectral SC,google-fonts,OFL,True,serif,False,,False,14,cyrillic|cyrillic-ext|latin|latin-ext|vietnamese,Serif,Production Type,https://fonts.google.com/specimen/Spectral+SC,https://github.com/google/fonts/tree/main/ofl/spectral-sc,https://github.com/google/fonts/tree/main/ofl/spectral-sc
spicy-rice,Spicy Rice,google-fonts,OFL,True,display,False,,False,1,latin|latin-ext,Serif,Astigmatic,https://fonts.google.com/specimen/Spicy+Rice,https://github.com/google/fonts/tree/main/ofl/spicy-rice,https://github.com/google/fonts/tree/main/ofl/spicy-rice
spinnaker,Spinnaker,google-fonts,OFL,True,sans-serif,False,,False,1,latin|latin-ext,Sans Serif,Elena Albertoni,https://fonts.google.com/specimen/Spinnaker,https://github.com/google/fonts/tree/main/ofl/spinnaker,https://github.com/google/fonts/tree/main/ofl/spinnaker
spirax,Spirax,google-fonts,OFL,True,display,False,,False,1,latin,,Brenda Gallo,https://fonts.google.com/specimen/Spirax,https://github.com/google/fonts/tree/main/ofl/spirax,https://github.com/google/fonts/tree/main/ofl/spirax
splash,Splash,google-fonts,OFL,True,handwriting,False,,False,1,latin|latin-ext|vietnamese,,Robert Leuschke,https://fonts.google.com/specimen/Splash,https://github.com/google/fonts/tree/main/ofl/splash,https://github.com/google/fonts/tree/main/ofl/splash
spline-sans-mono,Spline Sans Mono,google-fonts,OFL,True,monospace,False,,True,10,latin|latin-ext,Sans Serif,Eben Sorkin|Mirko Velimirović,https://fonts.google.com/specimen/Spline+Sans+Mono,https://github.com/google/fonts/tree/main/ofl/spline-sans-mono,https://github.com/google/fonts/tree/main/ofl/spline-sans-mono
squada-one,Squada One,google-fonts,OFL,True,display,False,,False,1,latin,Sans Serif,Joe Prince,https://fonts.google.com/specimen/Squada+One,https://github.com/google/fonts/tree/main/ofl/squada-one,https://github.com/google/fonts/tree/main/ofl/squada-one
square-peg,Square Peg,google-fonts,OFL,True,handwriting,False,,False,1,latin|latin-ext|vietnamese,,Robert Leuschke,https://fonts.google.com/specimen/Square+Peg,https://github.com/google/fonts/tree/main/ofl/square-peg,https://github.com/google/fonts/tree/main/ofl/square-peg
sree-krushnadevaraya,Sree Krushnadevaraya,google-fonts,OFL,True,serif,False,,False,1,latin|telugu,Serif,Purushoth Kumar Guttula,https://fonts.google.com/specimen/Sree+Krushnadevaraya,https://github.com/google/fonts/tree/main/ofl/sree-krushnadevaraya,https://github.com/google/fonts/tree/main/ofl/sree-krushnadevaraya
sriracha,Sriracha,google-fonts,OFL,True,handwriting,False,,False,1,latin|latin-ext|thai|vietnamese,,Cadson Demak,https://fonts.google.com/specimen/Sriracha,https://github.com/google/fonts/tree/main/ofl/sriracha,https://github.com/google/fonts/tree/main/ofl/sriracha
srisakdi,Srisakdi,google-fonts,OFL,True,display,False,,False,2,latin|latin-ext|thai|vietnamese,,Cadson Demak,https://fonts.google.com/specimen/Srisakdi,https://github.com/google/fonts/tree/main/ofl/srisakdi,https://github.com/google/fonts/tree/main/ofl/srisakdi
staatliches,Staatliches,google-fonts,OFL,True,display,False,,False,1,latin|latin-ext,Sans Serif,Brian LaRossa|Erica Carras,https://fonts.google.com/specimen/Staatliches,https://github.com/google/fonts/tree/main/ofl/staatliches,https://github.com/google/fonts/tree/main/ofl/staatliches
stack-sans-headline,Stack Sans Headline,google-fonts,OFL,True,sans-serif,False,,True,6,latin|latin-ext,Sans Serif,Koto,https://fonts.google.com/specimen/Stack+Sans+Headline,https://github.com/google/fonts/tree/main/ofl/stack-sans-headline,https://github.com/google/fonts/tree/main/ofl/stack-sans-headline
stack-sans-notch,Stack Sans Notch,google-fonts,OFL,True,sans-serif,False,,True,6,latin|latin-ext,Sans Serif,Koto,https://fonts.google.com/specimen/Stack+Sans+Notch,https://github.com/google/fonts/tree/main/ofl/stack-sans-notch,https://github.com/google/fonts/tree/main/ofl/stack-sans-notch
stack-sans-text,Stack Sans Text,google-fonts,OFL,True,sans-serif,False,,True,6,latin|latin-ext,Sans Serif,Koto,https://fonts.google.com/specimen/Stack+Sans+Text,https://github.com/google/fonts/tree/main/ofl/stack-sans-text,https://github.com/google/fonts/tree/main/ofl/stack-sans-text
stalemate,Stalemate,google-fonts,OFL,True,handwriting,False,,False,1,latin|latin-ext,,Astigmatic,https://fonts.google.com/specimen/Stalemate,https://github.com/google/fonts/tree/main/ofl/stalemate,https://github.com/google/fonts/tree/main/ofl/stalemate
stalinist-one,Stalinist One,google-fonts,OFL,True,display,False,,False,1,cyrillic|latin|latin-ext,Sans Serif,Alexey Maslov|Jovanny Lemonad,https://fonts.google.com/specimen/Stalinist+One,https://github.com/google/fonts/tree/main/ofl/stalinist-one,https://github.com/google/fonts/tree/main/ofl/stalinist-one
stardos-stencil,Stardos Stencil,google-fonts,OFL,True,display,False,,False,2,latin,,Vernon Adams,https://fonts.google.com/specimen/Stardos+Stencil,https://github.com/google/fonts/tree/main/ofl/stardos-stencil,https://github.com/google/fonts/tree/main/ofl/stardos-stencil
stick,Stick,google-fonts,OFL,True,sans-serif,False,,False,1,cyrillic|japanese|latin|latin-ext,Sans Serif,Fontworks Inc.,https://fonts.google.com/specimen/Stick,https://github.com/google/fonts/tree/main/ofl/stick,https://github.com/google/fonts/tree/main/ofl/stick
stick-no-bills,Stick No Bills,google-fonts,OFL,True,sans-serif,False,,True,7,latin|latin-ext|sinhala,Sans Serif,Mooniak,https://fonts.google.com/specimen/Stick+No+Bills,https://github.com/google/fonts/tree/main/ofl/stick-no-bills,https://github.com/google/fonts/tree/main/ofl/stick-no-bills
stint-ultra-condensed,Stint Ultra Condensed,google-fonts,OFL,True,serif,False,,False,1,latin|latin-ext,Slab Serif,Astigmatic,https://fonts.google.com/specimen/Stint+Ultra+Condensed,https://github.com/google/fonts/tree/main/ofl/stint-ultra-condensed,https://github.com/google/fonts/tree/main/ofl/stint-ultra-condensed
stint-ultra-expanded,Stint Ultra Expanded,google-fonts,OFL,True,serif,False,,False,1,latin|latin-ext,Slab Serif,Astigmatic,https://fonts.google.com/specimen/Stint+Ultra+Expanded,https://github.com/google/fonts/tree/main/ofl/stint-ultra-expanded,https://github.com/google/fonts/tree/main/ofl/stint-ultra-expanded
stix-two-math,STIX Two Math,google-fonts,OFL,True,serif,False,,False,1,,Serif,Tiro Typeworks|Ross Mills|John Hudson|Paul Hanslow,https://fonts.google.com/specimen/STIX+Two+Math,https://github.com/google/fonts/tree/main/ofl/stix-two-math,https://github.com/google/fonts/tree/main/ofl/stix-two-math
stix-two-text,STIX Two Text,google-fonts,OFL,True,serif,False,,True,8,cyrillic|cyrillic-ext|greek|latin|latin-ext|vietnamese,Serif,Tiro Typeworks|Ross Mills|John Hudson|Paul Hanslow,https://fonts.google.com/specimen/STIX+Two+Text,https://github.com/google/fonts/tree/main/ofl/stix-two-text,https://github.com/google/fonts/tree/main/ofl/stix-two-text
stoke,Stoke,google-fonts,OFL,True,serif,False,,False,2,latin|latin-ext,Serif,Nicole Fally,https://fonts.google.com/specimen/Stoke,https://github.com/google/fonts/tree/main/ofl/stoke,https://github.com/google/fonts/tree/main/ofl/stoke
story-script,Story Script,google-fonts,OFL,True,sans-serif,False,,False,1,latin|latin-ext|vietnamese,Sans Serif,Lana Roulhac|Ben Buysse,https://fonts.google.com/specimen/Story+Script,https://github.com/google/fonts/tree/main/ofl/story-script,https://github.com/google/fonts/tree/main/ofl/story-script
strait,Strait,google-fonts,OFL,True,sans-serif,False,,False,1,latin|latin-ext,Sans Serif,Eduardo Tunni,https://fonts.google.com/specimen/Strait,https://github.com/google/fonts/tree/main/ofl/strait,https://github.com/google/fonts/tree/main/ofl/strait
strichpunkt-sans,Strichpunkt Sans,google-fonts,OFL,True,sans-serif,False,,True,6,latin|latin-ext,Sans Serif,René Bieder,https://fonts.google.com/specimen/Strichpunkt+Sans,https://github.com/google/fonts/tree/main/ofl/strichpunkt-sans,https://github.com/google/fonts/tree/main/ofl/strichpunkt-sans
style-script,Style Script,google-fonts,OFL,True,handwriting,False,,False,1,latin|latin-ext|vietnamese,,Robert Leuschke,https://fonts.google.com/specimen/Style+Script,https://github.com/google/fonts/tree/main/ofl/style-script,https://github.com/google/fonts/tree/main/ofl/style-script
stylish,Stylish,google-fonts,OFL,True,sans-serif,False,,False,1,korean,Sans Serif,AsiaSoft Inc,https://fonts.google.com/specimen/Stylish,https://github.com/google/fonts/tree/main/ofl/stylish,https://github.com/google/fonts/tree/main/ofl/stylish
sue-ellen-francisco,Sue Ellen Francisco,google-fonts,OFL,True,handwriting,False,,False,1,latin,,Kimberly Geswein,https://fonts.google.com/specimen/Sue+Ellen+Francisco,https://github.com/google/fonts/tree/main/ofl/sue-ellen-francisco,https://github.com/google/fonts/tree/main/ofl/sue-ellen-francisco
suez-one,Suez One,google-fonts,OFL,True,serif,False,,False,1,hebrew|latin|latin-ext,Serif,Michal Sahar,https://fonts.google.com/specimen/Suez+One,https://github.com/google/fonts/tree/main/ofl/suez-one,https://github.com/google/fonts/tree/main/ofl/suez-one
sulphur-point,Sulphur Point,google-fonts,OFL,True,sans-serif,False,,False,3,latin|latin-ext,Sans Serif,Dale Sattler,https://fonts.google.com/specimen/Sulphur+Point,https://github.com/google/fonts/tree/main/ofl/sulphur-point,https://github.com/google/fonts/tree/main/ofl/sulphur-point
sumana,Sumana,google-fonts,OFL,True,serif,False,,False,2,devanagari|latin|latin-ext,Serif,Cyreal,https://fonts.google.com/specimen/Sumana,https://github.com/google/fonts/tree/main/ofl/sumana,https://github.com/google/fonts/tree/main/ofl/sumana
sunflower,Sunflower,google-fonts,OFL,True,sans-serif,False,,False,3,korean,Sans Serif,JIKJISOFT,https://fonts.google.com/specimen/Sunflower,https://github.com/google/fonts/tree/main/ofl/sunflower,https://github.com/google/fonts/tree/main/ofl/sunflower
sunshiney,Sunshiney,google-fonts,OFL,True,handwriting,False,,False,1,latin,,Sideshow,https://fonts.google.com/specimen/Sunshiney,https://github.com/google/fonts/tree/main/ofl/sunshiney,https://github.com/google/fonts/tree/main/ofl/sunshiney
supermercado-one,Supermercado One,google-fonts,OFL,True,display,False,,False,1,latin|latin-ext,Sans Serif,James Grieshaber,https://fonts.google.com/specimen/Supermercado+One,https://github.com/google/fonts/tree/main/ofl/supermercado-one,https://github.com/google/fonts/tree/main/ofl/supermercado-one
sura,Sura,google-fonts,OFL,True,serif,False,,False,2,devanagari|latin|latin-ext,Serif,Carolina Giovagnoli,https://fonts.google.com/specimen/Sura,https://github.com/google/fonts/tree/main/ofl/sura,https://github.com/google/fonts/tree/main/ofl/sura
suranna,Suranna,google-fonts,OFL,True,serif,False,,False,1,latin|telugu,Serif,Purushoth Kumar Guttula,https://fonts.google.com/specimen/Suranna,https://github.com/google/fonts/tree/main/ofl/suranna,https://github.com/google/fonts/tree/main/ofl/suranna
suravaram,Suravaram,google-fonts,OFL,True,serif,False,,False,1,latin|telugu,Serif,Purushoth Kumar Guttula,https://fonts.google.com/specimen/Suravaram,https://github.com/google/fonts/tree/main/ofl/suravaram,https://github.com/google/fonts/tree/main/ofl/suravaram
suse,SUSE,google-fonts,OFL,True,sans-serif,False,,True,18,latin|latin-ext|vietnamese,Sans Serif,René Bieder,https://fonts.google.com/specimen/SUSE,https://github.com/google/fonts/tree/main/ofl/suse,https://github.com/google/fonts/tree/main/ofl/suse
suse-mono,SUSE Mono,google-fonts,OFL,True,sans-serif,False,,True,16,latin|latin-ext|vietnamese,Sans Serif,René Bieder,https://fonts.google.com/specimen/SUSE+Mono,https://github.com/google/fonts/tree/main/ofl/suse-mono,https://github.com/google/fonts/tree/main/ofl/suse-mono
suwannaphum,Suwannaphum,google-fonts,OFL,True,serif,False,,False,5,khmer|latin,Serif,Danh Hong,https://fonts.google.com/specimen/Suwannaphum,https://github.com/google/fonts/tree/main/ofl/suwannaphum,https://github.com/google/fonts/tree/main/ofl/suwannaphum
swanky-and-moo-moo,Swanky and Moo Moo,google-fonts,OFL,True,handwriting,False,,False,1,latin|latin-ext,,Kimberly Geswein,https://fonts.google.com/specimen/Swanky+and+Moo+Moo,https://github.com/google/fonts/tree/main/ofl/swanky-and-moo-moo,https://github.com/google/fonts/tree/main/ofl/swanky-and-moo-moo
nerd-fonts-symbolsonly,Symbolsonly,nerd-fonts,Mixed,True,monospace,False,,False,1,latin,nerd-font|icons|developer,Ryan L McIntyre (Nerd Fonts Patcher),https://github.com/ryanoasis/nerd-fonts/releases/latest,https://github.com/ryanoasis/nerd-fonts,https://github.com/ryanoasis/nerd-fonts
syncopate,Syncopate,google-fonts,OFL,True,sans-serif,False,,False,2,latin|latin-ext,Sans Serif,Astigmatic,https://fonts.google.com/specimen/Syncopate,https://github.com/google/fonts/tree/main/ofl/syncopate,https://github.com/google/fonts/tree/main/ofl/syncopate
syne,Syne,google-fonts,OFL,True,sans-serif,False,,True,5,greek|latin|latin-ext,Sans Serif,Bonjour Monde|Lucas Descroix|George Triantafyllakos,https://fonts.google.com/specimen/Syne,https://github.com/google/fonts/tree/main/ofl/syne,https://github.com/google/fonts/tree/main/ofl/syne
fontsource-syne-italic,Syne Italic,fontsource,OFL,True,sans-serif,False,,False,1,latin,fontsource|other,,https://fontsource.org/fonts/syne-italic,https://fontsource.org/fonts/syne-italic,
syne-mono,Syne Mono,google-fonts,OFL,True,monospace,False,,False,1,latin|latin-ext,,Bonjour Monde|Lucas Descroix,https://fonts.google.com/specimen/Syne+Mono,https://github.com/google/fonts/tree/main/ofl/syne-mono,https://github.com/google/fonts/tree/main/ofl/syne-mono
syne-tactile,Syne Tactile,google-fonts,OFL,True,display,False,,False,1,latin|latin-ext,,Bonjour Monde|Lucas Descroix,https://fonts.google.com/specimen/Syne+Tactile,https://github.com/google/fonts/tree/main/ofl/syne-tactile,https://github.com/google/fonts/tree/main/ofl/syne-tactile
tac-one,Tac One,google-fonts,OFL,True,sans-serif,False,,False,1,latin|latin-ext|math|symbols|vietnamese,Sans Serif,Afrotype|Seyi Olusanya|Eyiyemi Adegbite|David Udoh|Mirko Velimirović,https://fonts.google.com/specimen/Tac+One,https://github.com/google/fonts/tree/main/ofl/tac-one,https://github.com/google/fonts/tree/main/ofl/tac-one
tagesschrift,Tagesschrift,google-fonts,OFL,True,display,False,,False,1,latin|latin-ext,,Yanone,https://fonts.google.com/specimen/Tagesschrift,https://github.com/google/fonts/tree/main/ofl/tagesschrift,https://github.com/google/fonts/tree/main/ofl/tagesschrift
tai-heritage-pro,Tai Heritage Pro,google-fonts,OFL,True,serif,False,,False,2,latin|latin-ext|tai-viet|vietnamese,Serif,SIL International,https://fonts.google.com/specimen/Tai+Heritage+Pro,https://github.com/google/fonts/tree/main/ofl/tai-heritage-pro,https://github.com/google/fonts/tree/main/ofl/tai-heritage-pro
tajawal,Tajawal,google-fonts,OFL,True,sans-serif,False,,False,7,arabic|latin,Sans Serif,Boutros Fonts|Mourad Boutros|Soulaf Khalifeh,https://fonts.google.com/specimen/Tajawal,https://github.com/google/fonts/tree/main/ofl/tajawal,https://github.com/google/fonts/tree/main/ofl/tajawal
tangerine,Tangerine,google-fonts,OFL,True,handwriting,False,,False,2,latin,,Toshi Omagari,https://fonts.google.com/specimen/Tangerine,https://github.com/google/fonts/tree/main/ofl/tangerine,https://github.com/google/fonts/tree/main/ofl/tangerine
tapestry,Tapestry,google-fonts,OFL,True,handwriting,False,,False,1,latin|latin-ext|vietnamese,Serif,Robert Leuschke,https://fonts.google.com/specimen/Tapestry,https://github.com/google/fonts/tree/main/ofl/tapestry,https://github.com/google/fonts/tree/main/ofl/tapestry
taprom,Taprom,google-fonts,OFL,True,display,False,,False,1,khmer|latin,,Danh Hong|Neapolitan,https://fonts.google.com/specimen/Taprom,https://github.com/google/fonts/tree/main/ofl/taprom,https://github.com/google/fonts/tree/main/ofl/taprom
tasa-explorer,TASA Explorer,google-fonts,OFL,True,sans-serif,False,,True,5,latin|latin-ext,Sans Serif,Local Remote|Weizhong Zhang,https://fonts.google.com/specimen/TASA+Explorer,https://github.com/google/fonts/tree/main/ofl/tasa-explorer,https://github.com/google/fonts/tree/main/ofl/tasa-explorer
tasa-orbiter,TASA Orbiter,google-fonts,OFL,True,sans-serif,False,,True,5,latin|latin-ext,Sans Serif,Local Remote|Weizhong Zhang,https://fonts.google.com/specimen/TASA+Orbiter,https://github.com/google/fonts/tree/main/ofl/tasa-orbiter,https://github.com/google/fonts/tree/main/ofl/tasa-orbiter
tauri,Tauri,google-fonts,OFL,True,sans-serif,False,,False,1,latin|latin-ext,Sans Serif,Yvonne Schüttler,https://fonts.google.com/specimen/Tauri,https://github.com/google/fonts/tree/main/ofl/tauri,https://github.com/google/fonts/tree/main/ofl/tauri
taviraj,Taviraj,google-fonts,OFL,True,serif,False,,False,18,latin|latin-ext|thai|vietnamese,Serif,Cadson Demak,https://fonts.google.com/specimen/Taviraj,https://github.com/google/fonts/tree/main/ofl/taviraj,https://github.com/google/fonts/tree/main/ofl/taviraj
teachers,Teachers,google-fonts,OFL,True,sans-serif,False,,True,10,greek-ext|latin|latin-ext,Sans Serif,Alfredo Marco Pradil|Chank Diesel,https://fonts.google.com/specimen/Teachers,https://github.com/google/fonts/tree/main/ofl/teachers,https://github.com/google/fonts/tree/main/ofl/teachers
tektur,Tektur,google-fonts,OFL,True,display,False,,True,6,cyrillic|cyrillic-ext|greek|latin|latin-ext|vietnamese,Sans Serif,Adam Jagosz,https://fonts.google.com/specimen/Tektur,https://github.com/google/fonts/tree/main/ofl/tektur,https://github.com/google/fonts/tree/main/ofl/tektur
telex,Telex,google-fonts,OFL,True,sans-serif,False,,False,1,latin|latin-ext,Sans Serif,HT Fonts|Andres Torresi,https://fonts.google.com/specimen/Telex,https://github.com/google/fonts/tree/main/ofl/telex,https://github.com/google/fonts/tree/main/ofl/telex
tenali-ramakrishna,Tenali Ramakrishna,google-fonts,OFL,True,sans-serif,False,,False,1,latin|telugu,Sans Serif,Appaji Ambarisha Darbha,https://fonts.google.com/specimen/Tenali+Ramakrishna,https://github.com/google/fonts/tree/main/ofl/tenali-ramakrishna,https://github.com/google/fonts/tree/main/ofl/tenali-ramakrishna
tenor-sans,Tenor Sans,google-fonts,OFL,True,sans-serif,False,,False,1,cyrillic|latin|latin-ext,Sans Serif,Denis Masharov,https://fonts.google.com/specimen/Tenor+Sans,https://github.com/google/fonts/tree/main/ofl/tenor-sans,https://github.com/google/fonts/tree/main/ofl/tenor-sans
nerd-fonts-terminus,Terminus,nerd-fonts,Mixed,True,monospace,False,,False,1,latin,nerd-font|icons|developer,Ryan L McIntyre (Nerd Fonts Patcher),https://github.com/ryanoasis/nerd-fonts/releases/latest,https://github.com/ryanoasis/nerd-fonts,https://github.com/ryanoasis/nerd-fonts
text-me-one,Text Me One,google-fonts,OFL,True,sans-serif,False,,False,1,latin|latin-ext,Sans Serif,Julia Petretta,https://fonts.google.com/specimen/Text+Me+One,https://github.com/google/fonts/tree/main/ofl/text-me-one,https://github.com/google/fonts/tree/main/ofl/text-me-one
thasadith,Thasadith,google-fonts,OFL,True,sans-serif,False,,False,4,latin|latin-ext|thai|vietnamese,Sans Serif,Cadson Demak,https://fonts.google.com/specimen/Thasadith,https://github.com/google/fonts/tree/main/ofl/thasadith,https://github.com/google/fonts/tree/main/ofl/thasadith
the-girl-next-door,The Girl Next Door,google-fonts,OFL,True,handwriting,False,,False,1,latin|latin-ext,,Kimberly Geswein,https://fonts.google.com/specimen/The+Girl+Next+Door,https://github.com/google/fonts/tree/main/ofl/the-girl-next-door,https://github.com/google/fonts/tree/main/ofl/the-girl-next-door
the-nautigal,The Nautigal,google-fonts,OFL,True,handwriting,False,,False,2,latin|latin-ext|vietnamese,,Robert Leuschke,https://fonts.google.com/specimen/The+Nautigal,https://github.com/google/fonts/tree/main/ofl/the-nautigal,https://github.com/google/fonts/tree/main/ofl/the-nautigal
tienne,Tienne,google-fonts,OFL,True,serif,False,,False,3,latin,Serif,Vernon Adams,https://fonts.google.com/specimen/Tienne,https://github.com/google/fonts/tree/main/ofl/tienne,https://github.com/google/fonts/tree/main/ofl/tienne
tiktok-sans,TikTok Sans,google-fonts,OFL,True,sans-serif,False,,True,7,cyrillic|cyrillic-ext|greek|latin|latin-ext|vietnamese,Sans Serif,Grilli Type|Contrast Foundry|Type Network,https://fonts.google.com/specimen/TikTok+Sans,https://github.com/google/fonts/tree/main/ofl/tiktok-sans,https://github.com/google/fonts/tree/main/ofl/tiktok-sans
tillana,Tillana,google-fonts,OFL,True,display,False,,False,5,devanagari|latin|latin-ext,,Indian Type Foundry,https://fonts.google.com/specimen/Tillana,https://github.com/google/fonts/tree/main/ofl/tillana,https://github.com/google/fonts/tree/main/ofl/tillana
tilt-neon,Tilt Neon,google-fonts,OFL,True,display,False,,True,1,latin|latin-ext|vietnamese,Sans Serif,Andy Clymer,https://fonts.google.com/specimen/Tilt+Neon,https://github.com/google/fonts/tree/main/ofl/tilt-neon,https://github.com/google/fonts/tree/main/ofl/tilt-neon
tilt-prism,Tilt Prism,google-fonts,OFL,True,display,False,,True,1,latin|latin-ext|vietnamese,Sans Serif,Andy Clymer,https://fonts.google.com/specimen/Tilt+Prism,https://github.com/google/fonts/tree/main/ofl/tilt-prism,https://github.com/google/fonts/tree/main/ofl/tilt-prism
tilt-warp,Tilt Warp,google-fonts,OFL,True,display,False,,True,1,latin|latin-ext|vietnamese,Sans Serif,Andy Clymer,https://fonts.google.com/specimen/Tilt+Warp,https://github.com/google/fonts/tree/main/ofl/tilt-warp,https://github.com/google/fonts/tree/main/ofl/tilt-warp
timmana,Timmana,google-fonts,OFL,True,sans-serif,False,,False,1,latin|telugu,Sans Serif,Appaji Ambarisha Darbha,https://fonts.google.com/specimen/Timmana,https://github.com/google/fonts/tree/main/ofl/timmana,https://github.com/google/fonts/tree/main/ofl/timmana
tinos,Tinos,google-fonts,OFL,True,serif,False,,False,4,cyrillic|cyrillic-ext|greek|greek-ext|hebrew|latin|latin-ext|vietnamese,Serif|developer|icons|nerd-font,Steve Matteson,https://fonts.google.com/specimen/Tinos,https://github.com/google/fonts/tree/main/ofl/tinos,https://github.com/google/fonts/tree/main/ofl/tinos
tiny5,Tiny5,google-fonts,OFL,True,sans-serif,False,,False,1,cyrillic|cyrillic-ext|greek|latin|latin-ext,Sans Serif,Stefan Schmidt,https://fonts.google.com/specimen/Tiny5,https://github.com/google/fonts/tree/main/ofl/tiny5,https://github.com/google/fonts/tree/main/ofl/tiny5
tiro-bangla,Tiro Bangla,google-fonts,OFL,True,serif,False,,False,2,bengali|latin|latin-ext,Serif,Tiro Typeworks|John Hudson|Fiona Ross|Neelakash Kshetrimayum,https://fonts.google.com/specimen/Tiro+Bangla,https://github.com/google/fonts/tree/main/ofl/tiro-bangla,https://github.com/google/fonts/tree/main/ofl/tiro-bangla
tiro-devanagari-hindi,Tiro Devanagari Hindi,google-fonts,OFL,True,serif,False,,False,2,devanagari|latin|latin-ext,Serif,Tiro Typeworks|John Hudson|Fiona Ross|Paul Hanslow,https://fonts.google.com/specimen/Tiro+Devanagari+Hindi,https://github.com/google/fonts/tree/main/ofl/tiro-devanagari-hindi,https://github.com/google/fonts/tree/main/ofl/tiro-devanagari-hindi
tiro-devanagari-marathi,Tiro Devanagari Marathi,google-fonts,OFL,True,serif,False,,False,2,devanagari|latin|latin-ext,Serif,Tiro Typeworks|John Hudson|Fiona Ross|Paul Hanslow,https://fonts.google.com/specimen/Tiro+Devanagari+Marathi,https://github.com/google/fonts/tree/main/ofl/tiro-devanagari-marathi,https://github.com/google/fonts/tree/main/ofl/tiro-devanagari-marathi
tiro-devanagari-sanskrit,Tiro Devanagari Sanskrit,google-fonts,OFL,True,serif,False,,False,2,devanagari|latin|latin-ext,Serif,Tiro Typeworks|John Hudson|Fiona Ross|Paul Hanslow,https://fonts.google.com/specimen/Tiro+Devanagari+Sanskrit,https://github.com/google/fonts/tree/main/ofl/tiro-devanagari-sanskrit,https://github.com/google/fonts/tree/main/ofl/tiro-devanagari-sanskrit
tiro-gurmukhi,Tiro Gurmukhi,google-fonts,OFL,True,serif,False,,False,2,gurmukhi|latin|latin-ext,Serif,Tiro Typeworks|John Hudson|Fiona Ross|Paul Hanslow,https://fonts.google.com/specimen/Tiro+Gurmukhi,https://github.com/google/fonts/tree/main/ofl/tiro-gurmukhi,https://github.com/google/fonts/tree/main/ofl/tiro-gurmukhi
tiro-kannada,Tiro Kannada,google-fonts,OFL,True,serif,False,,False,2,kannada|latin|latin-ext,Serif,Tiro Typeworks|John Hudson|Fiona Ross|Kaja Słojewska,https://fonts.google.com/specimen/Tiro+Kannada,https://github.com/google/fonts/tree/main/ofl/tiro-kannada,https://github.com/google/fonts/tree/main/ofl/tiro-kannada
tiro-tamil,Tiro Tamil,google-fonts,OFL,True,serif,False,,False,2,latin|latin-ext|tamil,Serif,Tiro Typeworks|Fernando Mello|Fiona Ross|Kaja Słojewska,https://fonts.google.com/specimen/Tiro+Tamil,https://github.com/google/fonts/tree/main/ofl/tiro-tamil,https://github.com/google/fonts/tree/main/ofl/tiro-tamil
tiro-telugu,Tiro Telugu,google-fonts,OFL,True,serif,False,,False,2,latin|latin-ext|telugu,Serif,Tiro Typeworks|John Hudson|Fiona Ross|Kaja Słojewska,https://fonts.google.com/specimen/Tiro+Telugu,https://github.com/google/fonts/tree/main/ofl/tiro-telugu,https://github.com/google/fonts/tree/main/ofl/tiro-telugu
tirra,Tirra,google-fonts,OFL,True,sans-serif,False,,False,6,latin|latin-ext|tifinagh,Sans Serif,SIL International,https://fonts.google.com/specimen/Tirra,https://github.com/google/fonts/tree/main/ofl/tirra,https://github.com/google/fonts/tree/main/ofl/tirra
titan-one,Titan One,google-fonts,OFL,True,display,False,,False,1,latin|latin-ext,Sans Serif,Rodrigo Fuenzalida,https://fonts.google.com/specimen/Titan+One,https://github.com/google/fonts/tree/main/ofl/titan-one,https://github.com/google/fonts/tree/main/ofl/titan-one
titillium-web,Titillium Web,google-fonts,OFL,True,sans-serif,False,,False,11,latin|latin-ext,Sans Serif,Accademia di Belle Arti di Urbino,https://fonts.google.com/specimen/Titillium+Web,https://github.com/google/fonts/tree/main/ofl/titillium-web,https://github.com/google/fonts/tree/main/ofl/titillium-web
tomorrow,Tomorrow,google-fonts,OFL,True,sans-serif,False,,False,18,latin|latin-ext,Sans Serif,Tony de Marco|Monica Rizzolli,https://fonts.google.com/specimen/Tomorrow,https://github.com/google/fonts/tree/main/ofl/tomorrow,https://github.com/google/fonts/tree/main/ofl/tomorrow
tourney,Tourney,google-fonts,OFL,True,display,False,,True,18,latin|latin-ext|vietnamese,Sans Serif,Tyler Finck|ETC,https://fonts.google.com/specimen/Tourney,https://github.com/google/fonts/tree/main/ofl/tourney,https://github.com/google/fonts/tree/main/ofl/tourney
trade-winds,Trade Winds,google-fonts,OFL,True,display,False,,False,1,latin,,Sideshow,https://fonts.google.com/specimen/Trade+Winds,https://github.com/google/fonts/tree/main/ofl/trade-winds,https://github.com/google/fonts/tree/main/ofl/trade-winds
train-one,Train One,google-fonts,OFL,True,display,False,,False,1,cyrillic|japanese|latin|latin-ext,,Fontworks Inc.,https://fonts.google.com/specimen/Train+One,https://github.com/google/fonts/tree/main/ofl/train-one,https://github.com/google/fonts/tree/main/ofl/train-one
triodion,Triodion,google-fonts,OFL,True,display,False,,False,1,cyrillic|cyrillic-ext|latin,,Aleksandr Andreev,https://fonts.google.com/specimen/Triodion,https://github.com/google/fonts/tree/main/ofl/triodion,https://github.com/google/fonts/tree/main/ofl/triodion
trirong,Trirong,google-fonts,OFL,True,serif,False,,False,18,latin|latin-ext|thai|vietnamese,Serif,Cadson Demak,https://fonts.google.com/specimen/Trirong,https://github.com/google/fonts/tree/main/ofl/trirong,https://github.com/google/fonts/tree/main/ofl/trirong
trispace,Trispace,google-fonts,OFL,True,sans-serif,False,,True,8,latin|latin-ext|vietnamese,Sans Serif,Tyler Finck|ETC,https://fonts.google.com/specimen/Trispace,https://github.com/google/fonts/tree/main/ofl/trispace,https://github.com/google/fonts/tree/main/ofl/trispace
trocchi,Trocchi,google-fonts,OFL,True,serif,False,,False,1,latin|latin-ext,Serif,Vernon Adams,https://fonts.google.com/specimen/Trocchi,https://github.com/google/fonts/tree/main/ofl/trocchi,https://github.com/google/fonts/tree/main/ofl/trocchi
trochut,Trochut,google-fonts,OFL,True,display,False,,False,3,latin,Sans Serif,Andreu Balius,https://fonts.google.com/specimen/Trochut,https://github.com/google/fonts/tree/main/ofl/trochut,https://github.com/google/fonts/tree/main/ofl/trochut
trykker,Trykker,google-fonts,OFL,True,serif,False,,False,1,latin|latin-ext,Serif,Magnus Gaarde,https://fonts.google.com/specimen/Trykker,https://github.com/google/fonts/tree/main/ofl/trykker,https://github.com/google/fonts/tree/main/ofl/trykker
tsukimi-rounded,Tsukimi Rounded,google-fonts,OFL,True,sans-serif,False,,False,5,japanese|latin|latin-ext,Sans Serif,Takashi Funayama,https://fonts.google.com/specimen/Tsukimi+Rounded,https://github.com/google/fonts/tree/main/ofl/tsukimi-rounded,https://github.com/google/fonts/tree/main/ofl/tsukimi-rounded
tuffy,Tuffy,google-fonts,OFL,True,sans-serif,False,,False,4,cyrillic|cyrillic-ext|greek|greek-ext|latin|latin-ext|phoenician,Sans Serif,Thatcher Ulrich,https://fonts.google.com/specimen/Tuffy,https://github.com/google/fonts/tree/main/ofl/tuffy,https://github.com/google/fonts/tree/main/ofl/tuffy
tulpen-one,Tulpen One,google-fonts,OFL,True,display,False,,False,1,latin,Sans Serif,Naima Ben Ayed,https://fonts.google.com/specimen/Tulpen+One,https://github.com/google/fonts/tree/main/ofl/tulpen-one,https://github.com/google/fonts/tree/main/ofl/tulpen-one
turret-road,Turret Road,google-fonts,OFL,True,display,False,,False,6,latin|latin-ext,Sans Serif,Dale Sattler,https://fonts.google.com/specimen/Turret+Road,https://github.com/google/fonts/tree/main/ofl/turret-road,https://github.com/google/fonts/tree/main/ofl/turret-road
twinkle-star,Twinkle Star,google-fonts,OFL,True,handwriting,False,,False,1,latin|latin-ext|vietnamese,,Robert Leuschke,https://fonts.google.com/specimen/Twinkle+Star,https://github.com/google/fonts/tree/main/ofl/twinkle-star,https://github.com/google/fonts/tree/main/ofl/twinkle-star
ubuntu,Ubuntu,google-fonts,OFL,True,sans-serif,False,,False,8,cyrillic|cyrillic-ext|greek|greek-ext|latin|latin-ext,Sans Serif|developer|icons|nerd-font,Dalton Maag,https://fonts.google.com/specimen/Ubuntu,https://github.com/google/fonts/tree/main/ofl/ubuntu,https://github.com/google/fonts/tree/main/ofl/ubuntu
ubuntu-condensed,Ubuntu Condensed,google-fonts,OFL,True,sans-serif,False,,False,1,cyrillic|cyrillic-ext|greek|greek-ext|latin|latin-ext,Sans Serif,Dalton Maag,https://fonts.google.com/specimen/Ubuntu+Condensed,https://github.com/google/fonts/tree/main/ofl/ubuntu-condensed,https://github.com/google/fonts/tree/main/ofl/ubuntu-condensed
ubuntu-mono,Ubuntu Mono,google-fonts,OFL,True,monospace,False,,False,4,cyrillic|cyrillic-ext|greek|greek-ext|latin|latin-ext,Sans Serif|developer|icons|nerd-font,Dalton Maag,https://fonts.google.com/specimen/Ubuntu+Mono,https://github.com/google/fonts/tree/main/ofl/ubuntu-mono,https://github.com/google/fonts/tree/main/ofl/ubuntu-mono
ubuntu-sans,Ubuntu Sans,google-fonts,OFL,True,sans-serif,False,,True,16,cyrillic|cyrillic-ext|greek|greek-ext|latin|latin-ext,Sans Serif,Dalton Maag,https://fonts.google.com/specimen/Ubuntu+Sans,https://github.com/google/fonts/tree/main/ofl/ubuntu-sans,https://github.com/google/fonts/tree/main/ofl/ubuntu-sans
ubuntu-sans-mono,Ubuntu Sans Mono,google-fonts,OFL,True,monospace,False,,True,8,cyrillic|cyrillic-ext|greek|greek-ext|latin|latin-ext,,Dalton Maag,https://fonts.google.com/specimen/Ubuntu+Sans+Mono,https://github.com/google/fonts/tree/main/ofl/ubuntu-sans-mono,https://github.com/google/fonts/tree/main/ofl/ubuntu-sans-mono
nerd-fonts-ubuntusans,Ubuntusans,nerd-fonts,Mixed,True,monospace,False,,False,1,latin,nerd-font|icons|developer,Ryan L McIntyre (Nerd Fonts Patcher),https://github.com/ryanoasis/nerd-fonts/releases/latest,https://github.com/ryanoasis/nerd-fonts,https://github.com/ryanoasis/nerd-fonts
uchen,Uchen,google-fonts,OFL,True,serif,False,,False,1,latin|tibetan,Serif,Christopher J. Fynn,https://fonts.google.com/specimen/Uchen,https://github.com/google/fonts/tree/main/ofl/uchen,https://github.com/google/fonts/tree/main/ofl/uchen
ultra,Ultra,google-fonts,OFL,True,serif,False,,False,1,latin|latin-ext,Serif,Astigmatic,https://fonts.google.com/specimen/Ultra,https://github.com/google/fonts/tree/main/ofl/ultra,https://github.com/google/fonts/tree/main/ofl/ultra
unbounded,Unbounded,google-fonts,OFL,True,sans-serif,False,,True,8,cyrillic|cyrillic-ext|latin|latin-ext|vietnamese,Sans Serif,NaN,https://fonts.google.com/specimen/Unbounded,https://github.com/google/fonts/tree/main/ofl/unbounded,https://github.com/google/fonts/tree/main/ofl/unbounded
uncial-antiqua,Uncial Antiqua,google-fonts,OFL,True,display,False,,False,1,latin|latin-ext,,Astigmatic,https://fonts.google.com/specimen/Uncial+Antiqua,https://github.com/google/fonts/tree/main/ofl/uncial-antiqua,https://github.com/google/fonts/tree/main/ofl/uncial-antiqua
fontsource-uncut-sans,Uncut Sans,fontsource,OFL,True,sans-serif,False,,False,10,latin,fontsource|other|sans-serif,,https://fontsource.org/fonts/uncut-sans,https://fontsource.org/fonts/uncut-sans,
underdog,Underdog,google-fonts,OFL,True,display,False,,False,1,cyrillic|latin|latin-ext,,Sergey Steblina|Jovanny Lemonad,https://fonts.google.com/specimen/Underdog,https://github.com/google/fonts/tree/main/ofl/underdog,https://github.com/google/fonts/tree/main/ofl/underdog
unica-one,Unica One,google-fonts,OFL,True,display,False,,False,1,latin|latin-ext|vietnamese,Sans Serif,Eduardo Tunni,https://fonts.google.com/specimen/Unica+One,https://github.com/google/fonts/tree/main/ofl/unica-one,https://github.com/google/fonts/tree/main/ofl/unica-one
fontsource-unifont,Unifont,fontsource,OFL,True,sans-serif,False,,False,1,latin,fontsource|other,,https://fontsource.org/fonts/unifont,https://fontsource.org/fonts/unifont,
fontsource-unifontex,UnifontEX,fontsource,OFL,True,monospace,False,,False,1,latin,fontsource|other,,https://fontsource.org/fonts/unifontex,https://fontsource.org/fonts/unifontex,
unifrakturcook,UnifrakturCook,google-fonts,OFL,True,display,False,,False,1,latin,,j. 'mach' wust,https://fonts.google.com/specimen/UnifrakturCook,https://github.com/google/fonts/tree/main/ofl/unifrakturcook,https://github.com/google/fonts/tree/main/ofl/unifrakturcook
unifrakturmaguntia,UnifrakturMaguntia,google-fonts,OFL,True,display,False,,False,1,latin,,j. 'mach' wust,https://fonts.google.com/specimen/UnifrakturMaguntia,https://github.com/google/fonts/tree/main/ofl/unifrakturmaguntia,https://github.com/google/fonts/tree/main/ofl/unifrakturmaguntia
unkempt,Unkempt,google-fonts,OFL,True,display,False,,False,2,latin,,Sideshow,https://fonts.google.com/specimen/Unkempt,https://github.com/google/fonts/tree/main/ofl/unkempt,https://github.com/google/fonts/tree/main/ofl/unkempt
unlock,Unlock,google-fonts,OFL,True,display,False,,False,1,latin|latin-ext,Serif,Eduardo Tunni,https://fonts.google.com/specimen/Unlock,https://github.com/google/fonts/tree/main/ofl/unlock,https://github.com/google/fonts/tree/main/ofl/unlock
uoqmunthenkhung,UoqMunThenKhung,google-fonts,OFL,True,serif,False,,False,1,chinese-traditional|cyrillic|latin|symbols2,Serif,Moonlit Owen,https://fonts.google.com/specimen/UoqMunThenKhung,https://github.com/google/fonts/tree/main/ofl/uoqmunthenkhung,https://github.com/google/fonts/tree/main/ofl/uoqmunthenkhung
updock,Updock,google-fonts,OFL,True,handwriting,False,,False,1,latin|latin-ext|vietnamese,,Robert Leuschke,https://fonts.google.com/specimen/Updock,https://github.com/google/fonts/tree/main/ofl/updock,https://github.com/google/fonts/tree/main/ofl/updock
urbanist,Urbanist,google-fonts,OFL,True,sans-serif,False,,True,18,latin|latin-ext,Sans Serif,Corey Hu,https://fonts.google.com/specimen/Urbanist,https://github.com/google/fonts/tree/main/ofl/urbanist,https://github.com/google/fonts/tree/main/ofl/urbanist
vampiro-one,Vampiro One,google-fonts,OFL,True,display,False,,False,1,latin|latin-ext,,Riccardo De Franceschi,https://fonts.google.com/specimen/Vampiro+One,https://github.com/google/fonts/tree/main/ofl/vampiro-one,https://github.com/google/fonts/tree/main/ofl/vampiro-one
varela,Varela,google-fonts,OFL,True,sans-serif,False,,False,1,latin|latin-ext,Sans Serif,Joe Prince,https://fonts.google.com/specimen/Varela,https://github.com/google/fonts/tree/main/ofl/varela,https://github.com/google/fonts/tree/main/ofl/varela
varela-round,Varela Round,google-fonts,OFL,True,sans-serif,False,,False,1,hebrew|latin|latin-ext|vietnamese,Sans Serif,Joe Prince,https://fonts.google.com/specimen/Varela+Round,https://github.com/google/fonts/tree/main/ofl/varela-round,https://github.com/google/fonts/tree/main/ofl/varela-round
varta,Varta,google-fonts,OFL,True,sans-serif,False,,True,5,latin|latin-ext|vietnamese,Sans Serif,Joana Correia|Viktoriya Grabowska|Eben Sorkin,https://fonts.google.com/specimen/Varta,https://github.com/google/fonts/tree/main/ofl/varta,https://github.com/google/fonts/tree/main/ofl/varta
vast-shadow,Vast Shadow,google-fonts,OFL,True,serif,False,,False,1,latin,Slab Serif,Nicole Fally,https://fonts.google.com/specimen/Vast+Shadow,https://github.com/google/fonts/tree/main/ofl/vast-shadow,https://github.com/google/fonts/tree/main/ofl/vast-shadow
vazirmatn,Vazirmatn,google-fonts,OFL,True,sans-serif,False,,True,9,arabic|latin|latin-ext,Sans Serif,Saber Rastikerdar,https://fonts.google.com/specimen/Vazirmatn,https://github.com/google/fonts/tree/main/ofl/vazirmatn,https://github.com/google/fonts/tree/main/ofl/vazirmatn
vend-sans,Vend Sans,google-fonts,OFL,True,sans-serif,False,,True,10,latin|latin-ext,Sans Serif,Bloom Type Foundry|Baptiste Guesnon,https://fonts.google.com/specimen/Vend+Sans,https://github.com/google/fonts/tree/main/ofl/vend-sans,https://github.com/google/fonts/tree/main/ofl/vend-sans
vesper-libre,Vesper Libre,google-fonts,OFL,True,serif,False,,False,4,devanagari|latin|latin-ext,Serif,Mota Italic,https://fonts.google.com/specimen/Vesper+Libre,https://github.com/google/fonts/tree/main/ofl/vesper-libre,https://github.com/google/fonts/tree/main/ofl/vesper-libre
viaoda-libre,Viaoda Libre,google-fonts,OFL,True,display,False,,False,1,cyrillic|cyrillic-ext|latin|latin-ext|vietnamese,Serif,Gydient|ViệtAnh Nguyễn,https://fonts.google.com/specimen/Viaoda+Libre,https://github.com/google/fonts/tree/main/ofl/viaoda-libre,https://github.com/google/fonts/tree/main/ofl/viaoda-libre
vibes,Vibes,google-fonts,OFL,True,display,False,,False,1,arabic|latin,,AbdElmomen Kadhim (blueMix),https://fonts.google.com/specimen/Vibes,https://github.com/google/fonts/tree/main/ofl/vibes,https://github.com/google/fonts/tree/main/ofl/vibes
vibur,Vibur,google-fonts,OFL,True,handwriting,False,,False,1,latin,,Johan Kallas,https://fonts.google.com/specimen/Vibur,https://github.com/google/fonts/tree/main/ofl/vibur,https://github.com/google/fonts/tree/main/ofl/vibur
victor-mono,Victor Mono,google-fonts,OFL,True,monospace,False,,True,14,cyrillic|cyrillic-ext|greek|latin|latin-ext|vietnamese,Sans Serif|developer|icons|nerd-font,Rune Bjørnerås,https://fonts.google.com/specimen/Victor+Mono,https://github.com/google/fonts/tree/main/ofl/victor-mono,https://github.com/google/fonts/tree/main/ofl/victor-mono
vidaloka,Vidaloka,google-fonts,OFL,True,serif,False,,False,1,latin,Serif,Cyreal,https://fonts.google.com/specimen/Vidaloka,https://github.com/google/fonts/tree/main/ofl/vidaloka,https://github.com/google/fonts/tree/main/ofl/vidaloka
viga,Viga,google-fonts,OFL,True,sans-serif,False,,False,1,latin|latin-ext,Sans Serif,Fontstage,https://fonts.google.com/specimen/Viga,https://github.com/google/fonts/tree/main/ofl/viga,https://github.com/google/fonts/tree/main/ofl/viga
vina-sans,Vina Sans,google-fonts,OFL,True,display,False,,False,1,latin|latin-ext|vietnamese,Sans Serif,Nguyen Type,https://fonts.google.com/specimen/Vina+Sans,https://github.com/google/fonts/tree/main/ofl/vina-sans,https://github.com/google/fonts/tree/main/ofl/vina-sans
voces,Voces,google-fonts,OFL,True,sans-serif,False,,False,1,latin|latin-ext,Sans Serif,Ana Paula Megda|Pablo Ugerman,https://fonts.google.com/specimen/Voces,https://github.com/google/fonts/tree/main/ofl/voces,https://github.com/google/fonts/tree/main/ofl/voces
volkhov,Volkhov,google-fonts,OFL,True,serif,False,,False,4,latin,Serif,Cyreal,https://fonts.google.com/specimen/Volkhov,https://github.com/google/fonts/tree/main/ofl/volkhov,https://github.com/google/fonts/tree/main/ofl/volkhov
vollkorn,Vollkorn,google-fonts,OFL,True,serif,False,,True,12,cyrillic|cyrillic-ext|greek|latin|latin-ext|vietnamese,Serif,Friedrich Althausen,https://fonts.google.com/specimen/Vollkorn,https://github.com/google/fonts/tree/main/ofl/vollkorn,https://github.com/google/fonts/tree/main/ofl/vollkorn
vollkorn-sc,Vollkorn SC,google-fonts,OFL,True,serif,False,,False,4,cyrillic|cyrillic-ext|latin|latin-ext|vietnamese,Serif,Friedrich Althausen,https://fonts.google.com/specimen/Vollkorn+SC,https://github.com/google/fonts/tree/main/ofl/vollkorn-sc,https://github.com/google/fonts/tree/main/ofl/vollkorn-sc
voltaire,Voltaire,google-fonts,OFL,True,sans-serif,False,,False,1,latin|latin-ext|vietnamese,Sans Serif,Yvonne Schüttler,https://fonts.google.com/specimen/Voltaire,https://github.com/google/fonts/tree/main/ofl/voltaire,https://github.com/google/fonts/tree/main/ofl/voltaire
vt323,VT323,google-fonts,OFL,True,monospace,False,,False,1,latin|latin-ext|vietnamese,,Peter Hull,https://fonts.google.com/specimen/VT323,https://github.com/google/fonts/tree/main/ofl/vt323,https://github.com/google/fonts/tree/main/ofl/vt323
vujahday-script,Vujahday Script,google-fonts,OFL,True,handwriting,False,,False,1,latin|latin-ext|vietnamese,,Robert Leuschke,https://fonts.google.com/specimen/Vujahday+Script,https://github.com/google/fonts/tree/main/ofl/vujahday-script,https://github.com/google/fonts/tree/main/ofl/vujahday-script
waiting-for-the-sunrise,Waiting for the Sunrise,google-fonts,OFL,True,handwriting,False,,False,1,latin|latin-ext,,Kimberly Geswein,https://fonts.google.com/specimen/Waiting+for+the+Sunrise,https://github.com/google/fonts/tree/main/ofl/waiting-for-the-sunrise,https://github.com/google/fonts/tree/main/ofl/waiting-for-the-sunrise
wallpoet,Wallpoet,google-fonts,OFL,True,display,False,,False,1,latin,Sans Serif,Lars Berggren,https://fonts.google.com/specimen/Wallpoet,https://github.com/google/fonts/tree/main/ofl/wallpoet,https://github.com/google/fonts/tree/main/ofl/wallpoet
walter-turncoat,Walter Turncoat,google-fonts,OFL,True,handwriting,False,,False,1,latin,,Sideshow,https://fonts.google.com/specimen/Walter+Turncoat,https://github.com/google/fonts/tree/main/ofl/walter-turncoat,https://github.com/google/fonts/tree/main/ofl/walter-turncoat
warnes,Warnes,google-fonts,OFL,True,display,False,,False,1,latin|latin-ext,,Eduardo Tunni,https://fonts.google.com/specimen/Warnes,https://github.com/google/fonts/tree/main/ofl/warnes,https://github.com/google/fonts/tree/main/ofl/warnes
water-brush,Water Brush,google-fonts,OFL,True,handwriting,False,,False,1,latin|latin-ext|vietnamese,,Robert Leuschke,https://fonts.google.com/specimen/Water+Brush,https://github.com/google/fonts/tree/main/ofl/water-brush,https://github.com/google/fonts/tree/main/ofl/water-brush
waterfall,Waterfall,google-fonts,OFL,True,handwriting,False,,False,1,latin|latin-ext|vietnamese,,Robert Leuschke,https://fonts.google.com/specimen/Waterfall,https://github.com/google/fonts/tree/main/ofl/waterfall,https://github.com/google/fonts/tree/main/ofl/waterfall
wavefont,Wavefont,google-fonts,OFL,True,display,False,,True,10,,,Dmitry Ivanov,https://fonts.google.com/specimen/Wavefont,https://github.com/google/fonts/tree/main/ofl/wavefont,https://github.com/google/fonts/tree/main/ofl/wavefont
wdxl-lubrifont-jp-n,WDXL Lubrifont JP N,google-fonts,OFL,True,sans-serif,False,,False,1,cyrillic|japanese|latin|latin-ext|symbols2,Sans Serif,NightFurySL2001,https://fonts.google.com/specimen/WDXL+Lubrifont+JP+N,https://github.com/google/fonts/tree/main/ofl/wdxl-lubrifont-jp-n,https://github.com/google/fonts/tree/main/ofl/wdxl-lubrifont-jp-n
wdxl-lubrifont-sc,WDXL Lubrifont SC,google-fonts,OFL,True,sans-serif,False,,False,1,chinese-simplified|cyrillic|latin|latin-ext|symbols2,Sans Serif,NightFurySL2001,https://fonts.google.com/specimen/WDXL+Lubrifont+SC,https://github.com/google/fonts/tree/main/ofl/wdxl-lubrifont-sc,https://github.com/google/fonts/tree/main/ofl/wdxl-lubrifont-sc
wdxl-lubrifont-tc,WDXL Lubrifont TC,google-fonts,OFL,True,sans-serif,False,,False,1,chinese-traditional|cyrillic|latin|latin-ext|symbols2,Sans Serif,NightFurySL2001,https://fonts.google.com/specimen/WDXL+Lubrifont+TC,https://github.com/google/fonts/tree/main/ofl/wdxl-lubrifont-tc,https://github.com/google/fonts/tree/main/ofl/wdxl-lubrifont-tc
wellfleet,Wellfleet,google-fonts,OFL,True,serif,False,,False,1,latin|latin-ext,Slab Serif,Riccardo De Franceschi,https://fonts.google.com/specimen/Wellfleet,https://github.com/google/fonts/tree/main/ofl/wellfleet,https://github.com/google/fonts/tree/main/ofl/wellfleet
wendy-one,Wendy One,google-fonts,OFL,True,sans-serif,False,,False,1,latin|latin-ext,Sans Serif,Alejandro Inler,https://fonts.google.com/specimen/Wendy+One,https://github.com/google/fonts/tree/main/ofl/wendy-one,https://github.com/google/fonts/tree/main/ofl/wendy-one
whisper,Whisper,google-fonts,OFL,True,handwriting,False,,False,1,latin|latin-ext|vietnamese,,Robert Leuschke,https://fonts.google.com/specimen/Whisper,https://github.com/google/fonts/tree/main/ofl/whisper,https://github.com/google/fonts/tree/main/ofl/whisper
fontsource-win95fa,WIN95FA,fontsource,OFL,True,sans-serif,False,,False,1,latin,fontsource|other,,https://fontsource.org/fonts/win95fa,https://fontsource.org/fonts/win95fa,
windsong,WindSong,google-fonts,OFL,True,handwriting,False,,False,2,latin|latin-ext|vietnamese,,Robert Leuschke,https://fonts.google.com/specimen/WindSong,https://github.com/google/fonts/tree/main/ofl/windsong,https://github.com/google/fonts/tree/main/ofl/windsong
winky-rough,Winky Rough,google-fonts,OFL,True,sans-serif,False,,True,14,latin|latin-ext,Sans Serif,Typofactur,https://fonts.google.com/specimen/Winky+Rough,https://github.com/google/fonts/tree/main/ofl/winky-rough,https://github.com/google/fonts/tree/main/ofl/winky-rough
winky-sans,Winky Sans,google-fonts,OFL,True,sans-serif,False,,True,14,latin|latin-ext,Sans Serif,Typofactur,https://fonts.google.com/specimen/Winky+Sans,https://github.com/google/fonts/tree/main/ofl/winky-sans,https://github.com/google/fonts/tree/main/ofl/winky-sans
wire-one,Wire One,google-fonts,OFL,True,sans-serif,False,,False,1,latin,Sans Serif,Cyreal,https://fonts.google.com/specimen/Wire+One,https://github.com/google/fonts/tree/main/ofl/wire-one,https://github.com/google/fonts/tree/main/ofl/wire-one
wittgenstein,Wittgenstein,google-fonts,OFL,True,serif,False,,True,12,latin|latin-ext,Serif,Jörg Drees,https://fonts.google.com/specimen/Wittgenstein,https://github.com/google/fonts/tree/main/ofl/wittgenstein,https://github.com/google/fonts/tree/main/ofl/wittgenstein
wix-madefor-display,Wix Madefor Display,google-fonts,OFL,True,sans-serif,False,,True,5,cyrillic|cyrillic-ext|latin|latin-ext|vietnamese,Sans Serif,Dalton Maag,https://fonts.google.com/specimen/Wix+Madefor+Display,https://github.com/google/fonts/tree/main/ofl/wix-madefor-display,https://github.com/google/fonts/tree/main/ofl/wix-madefor-display
wix-madefor-text,Wix Madefor Text,google-fonts,OFL,True,sans-serif,False,,True,10,cyrillic|cyrillic-ext|latin|latin-ext|vietnamese,Sans Serif,Dalton Maag,https://fonts.google.com/specimen/Wix+Madefor+Text,https://github.com/google/fonts/tree/main/ofl/wix-madefor-text,https://github.com/google/fonts/tree/main/ofl/wix-madefor-text
workbench,Workbench,google-fonts,OFL,True,monospace,False,,True,1,latin|math|symbols,Sans Serif,Jens Kutílek,https://fonts.google.com/specimen/Workbench,https://github.com/google/fonts/tree/main/ofl/workbench,https://github.com/google/fonts/tree/main/ofl/workbench
xanh-mono,Xanh Mono,google-fonts,OFL,True,monospace,False,,False,2,latin|latin-ext|vietnamese,,Yellow Type|Lâm Bảo|Duy Dao,https://fonts.google.com/specimen/Xanh+Mono,https://github.com/google/fonts/tree/main/ofl/xanh-mono,https://github.com/google/fonts/tree/main/ofl/xanh-mono
fontsource-yakuhanjp,YakuHanJP,fontsource,OFL,True,other,False,,False,7,latin,fontsource|other,,https://fontsource.org/fonts/yakuhanjp,https://fontsource.org/fonts/yakuhanjp,
fontsource-yakuhanjps,YakuHanJPs,fontsource,OFL,True,other,False,,False,7,latin,fontsource|other,,https://fontsource.org/fonts/yakuhanjps,https://fontsource.org/fonts/yakuhanjps,
fontsource-yakuhanmp,YakuHanMP,fontsource,OFL,True,other,False,,False,7,latin,fontsource|other,,https://fontsource.org/fonts/yakuhanmp,https://fontsource.org/fonts/yakuhanmp,
fontsource-yakuhanmps,YakuHanMPs,fontsource,OFL,True,other,False,,False,7,latin,fontsource|other,,https://fontsource.org/fonts/yakuhanmps,https://fontsource.org/fonts/yakuhanmps,
fontsource-yakuhanrp,YakuHanRP,fontsource,OFL,True,other,False,,False,7,latin,fontsource|other,,https://fontsource.org/fonts/yakuhanrp,https://fontsource.org/fonts/yakuhanrp,
fontsource-yakuhanrps,YakuHanRPs,fontsource,OFL,True,other,False,,False,7,latin,fontsource|other,,https://fontsource.org/fonts/yakuhanrps,https://fontsource.org/fonts/yakuhanrps,
yaldevi,Yaldevi,google-fonts,OFL,True,sans-serif,False,,True,6,latin|latin-ext|sinhala,Sans Serif,Mooniak,https://fonts.google.com/specimen/Yaldevi,https://github.com/google/fonts/tree/main/ofl/yaldevi,https://github.com/google/fonts/tree/main/ofl/yaldevi
yanone-kaffeesatz,Yanone Kaffeesatz,google-fonts,OFL,True,sans-serif,False,,True,6,cyrillic|cyrillic-ext|latin|latin-ext|math|symbols|vietnamese,Sans Serif,Yanone|Cyreal,https://fonts.google.com/specimen/Yanone+Kaffeesatz,https://github.com/google/fonts/tree/main/ofl/yanone-kaffeesatz,https://github.com/google/fonts/tree/main/ofl/yanone-kaffeesatz
yantramanav,Yantramanav,google-fonts,OFL,True,sans-serif,False,,False,6,devanagari|latin|latin-ext,Sans Serif,Erin McLaughlin,https://fonts.google.com/specimen/Yantramanav,https://github.com/google/fonts/tree/main/ofl/yantramanav,https://github.com/google/fonts/tree/main/ofl/yantramanav
yarndings-12,Yarndings 12,google-fonts,OFL,True,display,False,,False,1,latin|math|symbols,,Sarah Cadigan-Fried,https://fonts.google.com/specimen/Yarndings+12,https://github.com/google/fonts/tree/main/ofl/yarndings-12,https://github.com/google/fonts/tree/main/ofl/yarndings-12
yarndings-12-charted,Yarndings 12 Charted,google-fonts,OFL,True,display,False,,False,1,latin|math|symbols,,Sarah Cadigan-Fried,https://fonts.google.com/specimen/Yarndings+12+Charted,https://github.com/google/fonts/tree/main/ofl/yarndings-12-charted,https://github.com/google/fonts/tree/main/ofl/yarndings-12-charted
yarndings-20,Yarndings 20,google-fonts,OFL,True,display,False,,False,1,latin|math|symbols,,Sarah Cadigan-Fried,https://fonts.google.com/specimen/Yarndings+20,https://github.com/google/fonts/tree/main/ofl/yarndings-20,https://github.com/google/fonts/tree/main/ofl/yarndings-20
yarndings-20-charted,Yarndings 20 Charted,google-fonts,OFL,True,display,False,,False,1,latin|math|symbols,,Sarah Cadigan-Fried,https://fonts.google.com/specimen/Yarndings+20+Charted,https://github.com/google/fonts/tree/main/ofl/yarndings-20-charted,https://github.com/google/fonts/tree/main/ofl/yarndings-20-charted
yatra-one,Yatra One,google-fonts,OFL,True,display,False,,False,1,devanagari|latin|latin-ext,,Catherine Leigh Schmidt,https://fonts.google.com/specimen/Yatra+One,https://github.com/google/fonts/tree/main/ofl/yatra-one,https://github.com/google/fonts/tree/main/ofl/yatra-one
yellowtail,Yellowtail,google-fonts,OFL,True,handwriting,False,,False,1,latin|latin-ext,,Astigmatic,https://fonts.google.com/specimen/Yellowtail,https://github.com/google/fonts/tree/main/ofl/yellowtail,https://github.com/google/fonts/tree/main/ofl/yellowtail
yeon-sung,Yeon Sung,google-fonts,OFL,True,display,False,,False,1,korean|latin,,Woowahan brothers,https://fonts.google.com/specimen/Yeon+Sung,https://github.com/google/fonts/tree/main/ofl/yeon-sung,https://github.com/google/fonts/tree/main/ofl/yeon-sung
yeseva-one,Yeseva One,google-fonts,OFL,True,display,False,,False,1,cyrillic|cyrillic-ext|latin|latin-ext|vietnamese,Serif,Jovanny Lemonad,https://fonts.google.com/specimen/Yeseva+One,https://github.com/google/fonts/tree/main/ofl/yeseva-one,https://github.com/google/fonts/tree/main/ofl/yeseva-one
yesteryear,Yesteryear,google-fonts,OFL,True,handwriting,False,,False,1,latin|latin-ext,,Astigmatic,https://fonts.google.com/specimen/Yesteryear,https://github.com/google/fonts/tree/main/ofl/yesteryear,https://github.com/google/fonts/tree/main/ofl/yesteryear
yomogi,Yomogi,google-fonts,OFL,True,handwriting,False,,False,1,cyrillic|japanese|latin|latin-ext|vietnamese,,Satsuyako,https://fonts.google.com/specimen/Yomogi,https://github.com/google/fonts/tree/main/ofl/yomogi,https://github.com/google/fonts/tree/main/ofl/yomogi
young-serif,Young Serif,google-fonts,OFL,True,serif,False,,False,1,latin|latin-ext,Serif,Bastien Sozeau,https://fonts.google.com/specimen/Young+Serif,https://github.com/google/fonts/tree/main/ofl/young-serif,https://github.com/google/fonts/tree/main/ofl/young-serif
yrsa,Yrsa,google-fonts,OFL,True,serif,False,,True,10,latin|latin-ext|vietnamese,Serif,Rosetta|Anna Giedryś|David Březina,https://fonts.google.com/specimen/Yrsa,https://github.com/google/fonts/tree/main/ofl/yrsa,https://github.com/google/fonts/tree/main/ofl/yrsa
ysabeau,Ysabeau,google-fonts,OFL,True,sans-serif,False,,True,22,cyrillic|cyrillic-ext|greek|latin|latin-ext|math|symbols|vietnamese,Sans Serif,Christian Thalmann,https://fonts.google.com/specimen/Ysabeau,https://github.com/google/fonts/tree/main/ofl/ysabeau,https://github.com/google/fonts/tree/main/ofl/ysabeau
ysabeau-infant,Ysabeau Infant,google-fonts,OFL,True,sans-serif,False,,True,22,cyrillic|cyrillic-ext|greek|latin|latin-ext|math|symbols|vietnamese,Sans Serif,Christian Thalmann,https://fonts.google.com/specimen/Ysabeau+Infant,https://github.com/google/fonts/tree/main/ofl/ysabeau-infant,https://github.com/google/fonts/tree/main/ofl/ysabeau-infant
ysabeau-office,Ysabeau Office,google-fonts,OFL,True,sans-serif,False,,True,22,cyrillic|cyrillic-ext|greek|latin|latin-ext|math|symbols|vietnamese,Sans Serif,Christian Thalmann,https://fonts.google.com/specimen/Ysabeau+Office,https://github.com/google/fonts/tree/main/ofl/ysabeau-office,https://github.com/google/fonts/tree/main/ofl/ysabeau-office
ysabeau-sc,Ysabeau SC,google-fonts,OFL,True,sans-serif,False,,True,11,cyrillic|cyrillic-ext|greek|latin|latin-ext|math|symbols|vietnamese,Sans Serif,Christian Thalmann,https://fonts.google.com/specimen/Ysabeau+SC,https://github.com/google/fonts/tree/main/ofl/ysabeau-sc,https://github.com/google/fonts/tree/main/ofl/ysabeau-sc
yuji-boku,Yuji Boku,google-fonts,OFL,True,serif,False,,False,1,cyrillic|japanese|latin|latin-ext,Serif,Kinuta Font Factory,https://fonts.google.com/specimen/Yuji+Boku,https://github.com/google/fonts/tree/main/ofl/yuji-boku,https://github.com/google/fonts/tree/main/ofl/yuji-boku
yuji-hentaigana-akari,Yuji Hentaigana Akari,google-fonts,OFL,True,handwriting,False,,False,1,japanese|latin|latin-ext,,Kinuta Font Factory,https://fonts.google.com/specimen/Yuji+Hentaigana+Akari,https://github.com/google/fonts/tree/main/ofl/yuji-hentaigana-akari,https://github.com/google/fonts/tree/main/ofl/yuji-hentaigana-akari
yuji-hentaigana-akebono,Yuji Hentaigana Akebono,google-fonts,OFL,True,handwriting,False,,False,1,japanese|latin|latin-ext,,Kinuta Font Factory,https://fonts.google.com/specimen/Yuji+Hentaigana+Akebono,https://github.com/google/fonts/tree/main/ofl/yuji-hentaigana-akebono,https://github.com/google/fonts/tree/main/ofl/yuji-hentaigana-akebono
yuji-mai,Yuji Mai,google-fonts,OFL,True,serif,False,,False,1,cyrillic|japanese|latin|latin-ext,Serif,Kinuta Font Factory,https://fonts.google.com/specimen/Yuji+Mai,https://github.com/google/fonts/tree/main/ofl/yuji-mai,https://github.com/google/fonts/tree/main/ofl/yuji-mai
yuji-syuku,Yuji Syuku,google-fonts,OFL,True,serif,False,,False,1,cyrillic|japanese|latin|latin-ext,Serif,Kinuta Font Factory,https://fonts.google.com/specimen/Yuji+Syuku,https://github.com/google/fonts/tree/main/ofl/yuji-syuku,https://github.com/google/fonts/tree/main/ofl/yuji-syuku
yusei-magic,Yusei Magic,google-fonts,OFL,True,sans-serif,False,,False,1,japanese|latin|latin-ext,Sans Serif,Tanukizamurai,https://fonts.google.com/specimen/Yusei+Magic,https://github.com/google/fonts/tree/main/ofl/yusei-magic,https://github.com/google/fonts/tree/main/ofl/yusei-magic
yuyu,Yuyu,google-fonts,OFL,True,handwriting,False,,False,1,latin|latin-ext,Sans Serif,Julia García López,https://fonts.google.com/specimen/Yuyu,https://github.com/google/fonts/tree/main/ofl/yuyu,https://github.com/google/fonts/tree/main/ofl/yuyu
yuyu-short,Yuyu Short,google-fonts,OFL,True,handwriting,False,,False,1,latin|latin-ext,Sans Serif,Julia García López,https://fonts.google.com/specimen/Yuyu+Short,https://github.com/google/fonts/tree/main/ofl/yuyu-short,https://github.com/google/fonts/tree/main/ofl/yuyu-short
zain,Zain,google-fonts,OFL,True,sans-serif,False,,False,8,arabic|latin,Sans Serif,Boutros Fonts,https://fonts.google.com/specimen/Zain,https://github.com/google/fonts/tree/main/ofl/zain,https://github.com/google/fonts/tree/main/ofl/zain
zalando-sans,Zalando Sans,google-fonts,OFL,True,sans-serif,False,,True,16,latin|latin-ext|vietnamese,Sans Serif,Jakob Ekelund|KH Type|Zalando,https://fonts.google.com/specimen/Zalando+Sans,https://github.com/google/fonts/tree/main/ofl/zalando-sans,https://github.com/google/fonts/tree/main/ofl/zalando-sans
zalando-sans-expanded,Zalando Sans Expanded,google-fonts,OFL,True,sans-serif,False,,True,16,latin|latin-ext|vietnamese,Sans Serif,Jakob Ekelund|KH Type|Zalando,https://fonts.google.com/specimen/Zalando+Sans+Expanded,https://github.com/google/fonts/tree/main/ofl/zalando-sans-expanded,https://github.com/google/fonts/tree/main/ofl/zalando-sans-expanded
zalando-sans-semiexpanded,Zalando Sans SemiExpanded,google-fonts,OFL,True,sans-serif,False,,True,16,latin|latin-ext|vietnamese,Sans Serif,Jakob Ekelund|KH Type|Zalando,https://fonts.google.com/specimen/Zalando+Sans+SemiExpanded,https://github.com/google/fonts/tree/main/ofl/zalando-sans-semiexpanded,https://github.com/google/fonts/tree/main/ofl/zalando-sans-semiexpanded
zcool-kuaile,ZCOOL KuaiLe,google-fonts,OFL,True,sans-serif,False,,False,1,chinese-simplified|latin,Sans Serif,Liu Bingke|Yang Kang|Wu Shaojie,https://fonts.google.com/specimen/ZCOOL+KuaiLe,https://github.com/google/fonts/tree/main/ofl/zcool-kuaile,https://github.com/google/fonts/tree/main/ofl/zcool-kuaile
zcool-qingke-huangyou,ZCOOL QingKe HuangYou,google-fonts,OFL,True,sans-serif,False,,False,1,chinese-simplified|latin,Sans Serif,Zheng Qingke,https://fonts.google.com/specimen/ZCOOL+QingKe+HuangYou,https://github.com/google/fonts/tree/main/ofl/zcool-qingke-huangyou,https://github.com/google/fonts/tree/main/ofl/zcool-qingke-huangyou
zcool-xiaowei,ZCOOL XiaoWei,google-fonts,OFL,True,sans-serif,False,,False,1,chinese-simplified|latin,Sans Serif,Li Dawei,https://fonts.google.com/specimen/ZCOOL+XiaoWei,https://github.com/google/fonts/tree/main/ofl/zcool-xiaowei,https://github.com/google/fonts/tree/main/ofl/zcool-xiaowei
nerd-fonts-zedmono,Zedmono,nerd-fonts,Mixed,True,monospace,False,,False,1,latin,nerd-font|icons|developer,Ryan L McIntyre (Nerd Fonts Patcher),https://github.com/ryanoasis/nerd-fonts/releases/latest,https://github.com/ryanoasis/nerd-fonts,https://github.com/ryanoasis/nerd-fonts
zen-antique,Zen Antique,google-fonts,OFL,True,serif,False,,False,1,cyrillic|greek|japanese|latin|latin-ext,Serif,Yoshimichi Ohira,https://fonts.google.com/specimen/Zen+Antique,https://github.com/google/fonts/tree/main/ofl/zen-antique,https://github.com/google/fonts/tree/main/ofl/zen-antique
zen-antique-soft,Zen Antique Soft,google-fonts,OFL,True,serif,False,,False,1,cyrillic|greek|japanese|latin|latin-ext,Serif,Yoshimichi Ohira,https://fonts.google.com/specimen/Zen+Antique+Soft,https://github.com/google/fonts/tree/main/ofl/zen-antique-soft,https://github.com/google/fonts/tree/main/ofl/zen-antique-soft
zen-dots,Zen Dots,google-fonts,OFL,True,display,False,,False,1,latin|latin-ext,Sans Serif,Yoshimichi Ohira,https://fonts.google.com/specimen/Zen+Dots,https://github.com/google/fonts/tree/main/ofl/zen-dots,https://github.com/google/fonts/tree/main/ofl/zen-dots
zen-kaku-gothic-antique,Zen Kaku Gothic Antique,google-fonts,OFL,True,sans-serif,False,,False,5,cyrillic|japanese|latin|latin-ext,Sans Serif,Yoshimichi Ohira,https://fonts.google.com/specimen/Zen+Kaku+Gothic+Antique,https://github.com/google/fonts/tree/main/ofl/zen-kaku-gothic-antique,https://github.com/google/fonts/tree/main/ofl/zen-kaku-gothic-antique
zen-kaku-gothic-new,Zen Kaku Gothic New,google-fonts,OFL,True,sans-serif,False,,False,5,cyrillic|japanese|latin|latin-ext,Sans Serif,Yoshimichi Ohira,https://fonts.google.com/specimen/Zen+Kaku+Gothic+New,https://github.com/google/fonts/tree/main/ofl/zen-kaku-gothic-new,https://github.com/google/fonts/tree/main/ofl/zen-kaku-gothic-new
zen-kurenaido,Zen Kurenaido,google-fonts,OFL,True,sans-serif,False,,False,1,cyrillic|greek|japanese|latin|latin-ext,Sans Serif,Yoshimichi Ohira,https://fonts.google.com/specimen/Zen+Kurenaido,https://github.com/google/fonts/tree/main/ofl/zen-kurenaido,https://github.com/google/fonts/tree/main/ofl/zen-kurenaido
zen-loop,Zen Loop,google-fonts,OFL,True,display,False,,False,2,latin|latin-ext,,Yoshimichi Ohira,https://fonts.google.com/specimen/Zen+Loop,https://github.com/google/fonts/tree/main/ofl/zen-loop,https://github.com/google/fonts/tree/main/ofl/zen-loop
zen-maru-gothic,Zen Maru Gothic,google-fonts,OFL,True,sans-serif,False,,False,5,cyrillic|greek|japanese|latin|latin-ext,Sans Serif,Yoshimichi Ohira,https://fonts.google.com/specimen/Zen+Maru+Gothic,https://github.com/google/fonts/tree/main/ofl/zen-maru-gothic,https://github.com/google/fonts/tree/main/ofl/zen-maru-gothic
zen-old-mincho,Zen Old Mincho,google-fonts,OFL,True,serif,False,,False,5,cyrillic|greek|japanese|latin|latin-ext,Serif,Yoshimichi Ohira,https://fonts.google.com/specimen/Zen+Old+Mincho,https://github.com/google/fonts/tree/main/ofl/zen-old-mincho,https://github.com/google/fonts/tree/main/ofl/zen-old-mincho
zen-tokyo-zoo,Zen Tokyo Zoo,google-fonts,OFL,True,display,False,,False,1,latin|latin-ext,,Yoshimichi Ohira,https://fonts.google.com/specimen/Zen+Tokyo+Zoo,https://github.com/google/fonts/tree/main/ofl/zen-tokyo-zoo,https://github.com/google/fonts/tree/main/ofl/zen-tokyo-zoo
zeyada,Zeyada,google-fonts,OFL,True,handwriting,False,,False,1,latin|latin-ext,,Kimberly Geswein,https://fonts.google.com/specimen/Zeyada,https://github.com/google/fonts/tree/main/ofl/zeyada,https://github.com/google/fonts/tree/main/ofl/zeyada
zhi-mang-xing,Zhi Mang Xing,google-fonts,OFL,True,handwriting,False,,False,1,chinese-simplified|latin,,Wei Zhimang,https://fonts.google.com/specimen/Zhi+Mang+Xing,https://github.com/google/fonts/tree/main/ofl/zhi-mang-xing,https://github.com/google/fonts/tree/main/ofl/zhi-mang-xing
zilla-slab,Zilla Slab,google-fonts,OFL,True,serif,False,,False,10,latin|latin-ext,Serif,Typotheque,https://fonts.google.com/specimen/Zilla+Slab,https://github.com/google/fonts/tree/main/ofl/zilla-slab,https://github.com/google/fonts/tree/main/ofl/zilla-slab
zilla-slab-highlight,Zilla Slab Highlight,google-fonts,OFL,True,serif,False,,False,2,latin|latin-ext,Slab Serif,Typotheque,https://fonts.google.com/specimen/Zilla+Slab+Highlight,https://github.com/google/fonts/tree/main/ofl/zilla-slab-highlight,https://github.com/google/fonts/tree/main/ofl/zilla-slab-highlight
